cycle_countBattery_health,SOH
3.701045589,101.11135
3.701045589,101.0069922
3.701045589,100.9026344
3.701045589,100.7982767
3.701045589,100.6939189
3.701045589,100.5895611
3.701045589,100.4852034
3.701045589,100.3808456
3.701045589,100.2764879
3.701045589,100.1721301
3.701045589,100.0677723
3.701045589,99.96341457
3.701045589,99.8590568
3.701045589,99.75469904
3.701045589,99.65034128
3.701045589,99.54598351
3.701045589,99.44162575
3.701045589,99.33726799
3.701045589,99.23291023
3.701045589,99.12855246
3.701045589,99.0241947
3.701045589,98.91983694
7.867552385,101.11135
7.867552385,101.0069922
7.867552385,100.9026344
7.867552385,100.7982767
7.867552385,100.6939189
7.867552385,100.5895611
7.867552385,100.4852034
7.867552385,100.3808456
7.867552385,100.2764879
7.867552385,100.1721301
7.867552385,100.0677723
7.867552385,99.96341457
7.867552385,99.8590568
7.867552385,99.75469904
7.867552385,99.65034128
7.867552385,99.54598351
7.867552385,99.44162575
7.867552385,99.33726799
7.867552385,99.23291023
7.867552385,99.12855246
7.867552385,99.0241947
7.867552385,98.91983694
7.867552385,98.81547917
12.03405918,101.2157077
12.03405918,101.11135
12.03405918,101.0069922
12.03405918,100.9026344
12.03405918,100.7982767
12.03405918,100.6939189
12.03405918,100.5895611
12.03405918,100.4852034
12.03405918,100.3808456
12.03405918,100.2764879
12.03405918,100.1721301
12.03405918,100.0677723
12.03405918,99.96341457
12.03405918,99.8590568
12.03405918,99.75469904
12.03405918,99.65034128
12.03405918,99.54598351
12.03405918,99.44162575
12.03405918,99.33726799
12.03405918,99.23291023
12.03405918,99.12855246
12.03405918,99.0241947
12.03405918,98.91983694
12.03405918,98.81547917
16.20056598,101.2157077
16.20056598,101.11135
16.20056598,101.0069922
16.20056598,100.9026344
16.20056598,100.7982767
16.20056598,100.6939189
16.20056598,100.5895611
16.20056598,100.4852034
16.20056598,100.3808456
16.20056598,100.2764879
16.20056598,100.1721301
16.20056598,100.0677723
16.20056598,99.96341457
16.20056598,99.8590568
16.20056598,99.75469904
16.20056598,99.65034128
16.20056598,99.54598351
16.20056598,99.44162575
16.20056598,99.33726799
16.20056598,99.23291023
16.20056598,99.12855246
16.20056598,99.0241947
16.20056598,98.91983694
16.20056598,98.81547917
16.20056598,98.71112141
16.20056598,98.60676365
20.36707277,101.11135
20.36707277,101.0069922
20.36707277,100.9026344
20.36707277,100.7982767
20.36707277,100.6939189
20.36707277,100.5895611
20.36707277,100.4852034
20.36707277,100.3808456
20.36707277,100.2764879
20.36707277,100.1721301
20.36707277,100.0677723
20.36707277,99.96341457
20.36707277,99.8590568
20.36707277,99.75469904
20.36707277,99.65034128
20.36707277,99.54598351
20.36707277,99.44162575
20.36707277,99.33726799
20.36707277,99.23291023
20.36707277,99.12855246
20.36707277,99.0241947
20.36707277,98.91983694
20.36707277,98.81547917
20.36707277,98.71112141
20.36707277,98.60676365
24.53357957,101.0069922
24.53357957,100.9026344
24.53357957,100.7982767
24.53357957,100.6939189
24.53357957,100.5895611
24.53357957,100.4852034
24.53357957,100.3808456
24.53357957,100.2764879
24.53357957,100.1721301
24.53357957,100.0677723
24.53357957,99.96341457
24.53357957,99.8590568
24.53357957,99.75469904
24.53357957,99.65034128
24.53357957,99.54598351
24.53357957,99.44162575
24.53357957,99.33726799
24.53357957,99.23291023
24.53357957,99.12855246
24.53357957,99.0241947
24.53357957,98.91983694
24.53357957,98.81547917
24.53357957,98.71112141
24.53357957,98.60676365
24.53357957,98.50240589
28.70008636,100.9026344
28.70008636,100.7982767
28.70008636,100.6939189
28.70008636,100.5895611
28.70008636,100.4852034
28.70008636,100.3808456
28.70008636,100.2764879
28.70008636,100.1721301
28.70008636,100.0677723
28.70008636,99.96341457
28.70008636,99.8590568
28.70008636,99.75469904
28.70008636,99.65034128
28.70008636,99.54598351
28.70008636,99.44162575
28.70008636,99.33726799
28.70008636,99.23291023
28.70008636,99.12855246
28.70008636,99.0241947
28.70008636,98.91983694
28.70008636,98.81547917
28.70008636,98.71112141
28.70008636,98.60676365
32.86659316,100.7982767
32.86659316,100.6939189
32.86659316,100.5895611
32.86659316,100.4852034
32.86659316,100.3808456
32.86659316,100.2764879
32.86659316,100.1721301
32.86659316,100.0677723
32.86659316,99.96341457
32.86659316,99.8590568
32.86659316,99.75469904
32.86659316,99.65034128
32.86659316,99.54598351
32.86659316,99.44162575
32.86659316,99.33726799
32.86659316,99.23291023
32.86659316,99.12855246
32.86659316,99.0241947
32.86659316,98.91983694
32.86659316,98.81547917
32.86659316,98.71112141
32.86659316,98.60676365
32.86659316,98.50240589
37.03309995,100.5895611
37.03309995,100.4852034
37.03309995,100.3808456
37.03309995,100.2764879
37.03309995,100.1721301
37.03309995,100.0677723
37.03309995,99.96341457
37.03309995,99.8590568
37.03309995,99.75469904
37.03309995,99.65034128
37.03309995,99.54598351
37.03309995,99.44162575
37.03309995,99.33726799
37.03309995,99.23291023
37.03309995,99.12855246
37.03309995,99.0241947
37.03309995,98.91983694
37.03309995,98.81547917
37.03309995,98.71112141
37.03309995,98.60676365
37.03309995,98.50240589
37.03309995,98.39804812
37.03309995,98.29369036
37.03309995,97.77190155
41.19960675,100.4852034
41.19960675,100.3808456
41.19960675,100.2764879
41.19960675,100.1721301
41.19960675,100.0677723
41.19960675,99.96341457
41.19960675,99.8590568
41.19960675,99.75469904
41.19960675,99.65034128
41.19960675,99.54598351
41.19960675,99.44162575
41.19960675,99.33726799
41.19960675,99.23291023
41.19960675,99.12855246
41.19960675,99.0241947
41.19960675,98.91983694
41.19960675,98.81547917
41.19960675,98.71112141
41.19960675,98.60676365
41.19960675,98.50240589
41.19960675,98.39804812
41.19960675,98.29369036
41.19960675,98.1893326
41.19960675,97.87625931
41.19960675,97.77190155
41.19960675,97.66754378
45.36611354,100.3808456
45.36611354,100.2764879
45.36611354,100.1721301
45.36611354,100.0677723
45.36611354,99.96341457
45.36611354,99.8590568
45.36611354,99.75469904
45.36611354,99.65034128
45.36611354,99.54598351
45.36611354,99.44162575
45.36611354,99.33726799
45.36611354,99.23291023
45.36611354,99.12855246
45.36611354,99.0241947
45.36611354,98.91983694
45.36611354,98.81547917
45.36611354,98.71112141
45.36611354,98.60676365
45.36611354,98.50240589
45.36611354,98.39804812
45.36611354,98.29369036
45.36611354,98.1893326
45.36611354,98.08497483
45.36611354,97.98061707
45.36611354,97.87625931
45.36611354,97.77190155
45.36611354,97.66754378
45.36611354,97.56318602
49.53262034,100.2764879
49.53262034,100.1721301
49.53262034,100.0677723
49.53262034,99.96341457
49.53262034,99.8590568
49.53262034,99.75469904
49.53262034,99.65034128
49.53262034,99.54598351
49.53262034,99.44162575
49.53262034,99.33726799
49.53262034,99.23291023
49.53262034,99.12855246
49.53262034,99.0241947
49.53262034,98.91983694
49.53262034,98.81547917
49.53262034,98.71112141
49.53262034,98.60676365
49.53262034,98.50240589
49.53262034,98.39804812
49.53262034,98.29369036
49.53262034,98.1893326
49.53262034,98.08497483
49.53262034,97.98061707
49.53262034,97.87625931
49.53262034,97.77190155
49.53262034,97.66754378
49.53262034,97.56318602
49.53262034,97.45882826
49.53262034,97.35447049
53.69912713,100.0677723
53.69912713,99.96341457
53.69912713,99.8590568
53.69912713,99.75469904
53.69912713,99.65034128
53.69912713,99.54598351
53.69912713,99.44162575
53.69912713,99.33726799
53.69912713,99.23291023
53.69912713,99.12855246
53.69912713,99.0241947
53.69912713,98.91983694
53.69912713,98.81547917
53.69912713,98.71112141
53.69912713,98.60676365
53.69912713,98.50240589
53.69912713,98.39804812
53.69912713,98.29369036
53.69912713,98.1893326
53.69912713,98.08497483
53.69912713,97.98061707
53.69912713,97.87625931
53.69912713,97.77190155
53.69912713,97.66754378
53.69912713,97.56318602
53.69912713,97.45882826
53.69912713,97.35447049
53.69912713,97.25011273
57.86563393,99.96341457
57.86563393,99.8590568
57.86563393,99.75469904
57.86563393,99.65034128
57.86563393,99.54598351
57.86563393,99.44162575
57.86563393,99.33726799
57.86563393,99.23291023
57.86563393,99.12855246
57.86563393,99.0241947
57.86563393,98.91983694
57.86563393,98.81547917
57.86563393,98.71112141
57.86563393,98.60676365
57.86563393,98.50240589
57.86563393,98.39804812
57.86563393,98.29369036
57.86563393,98.1893326
57.86563393,98.08497483
57.86563393,97.98061707
57.86563393,97.87625931
57.86563393,97.77190155
57.86563393,97.66754378
57.86563393,97.56318602
57.86563393,97.45882826
57.86563393,97.35447049
57.86563393,97.25011273
57.86563393,97.14575497
62.03214073,99.96341457
62.03214073,99.8590568
62.03214073,99.75469904
62.03214073,99.65034128
62.03214073,99.54598351
62.03214073,99.44162575
62.03214073,99.33726799
62.03214073,99.23291023
62.03214073,99.12855246
62.03214073,99.0241947
62.03214073,98.91983694
62.03214073,98.81547917
62.03214073,98.71112141
62.03214073,98.60676365
62.03214073,98.50240589
62.03214073,98.39804812
62.03214073,98.29369036
62.03214073,98.1893326
62.03214073,98.08497483
62.03214073,97.98061707
62.03214073,97.87625931
62.03214073,97.77190155
62.03214073,97.66754378
62.03214073,97.56318602
62.03214073,97.45882826
62.03214073,97.35447049
62.03214073,97.25011273
62.03214073,97.14575497
62.03214073,97.04139721
66.19864752,99.96341457
66.19864752,99.8590568
66.19864752,99.75469904
66.19864752,99.65034128
66.19864752,99.54598351
66.19864752,99.44162575
66.19864752,99.33726799
66.19864752,99.23291023
66.19864752,99.12855246
66.19864752,99.0241947
66.19864752,98.91983694
66.19864752,98.81547917
66.19864752,98.71112141
66.19864752,98.60676365
66.19864752,98.50240589
66.19864752,98.39804812
66.19864752,98.29369036
66.19864752,98.1893326
66.19864752,98.08497483
66.19864752,97.98061707
66.19864752,97.87625931
66.19864752,97.77190155
66.19864752,97.66754378
66.19864752,97.56318602
66.19864752,97.45882826
66.19864752,97.35447049
66.19864752,97.25011273
66.19864752,97.14575497
66.19864752,97.04139721
66.19864752,96.93703944
70.36515432,99.96341457
70.36515432,99.75469904
70.36515432,99.65034128
70.36515432,99.54598351
70.36515432,99.44162575
70.36515432,99.33726799
70.36515432,99.23291023
70.36515432,99.12855246
70.36515432,99.0241947
70.36515432,98.91983694
70.36515432,98.81547917
70.36515432,98.71112141
70.36515432,98.60676365
70.36515432,98.50240589
70.36515432,98.39804812
70.36515432,98.29369036
70.36515432,98.1893326
70.36515432,98.08497483
70.36515432,97.98061707
70.36515432,97.87625931
70.36515432,97.77190155
70.36515432,97.66754378
70.36515432,97.56318602
70.36515432,97.45882826
70.36515432,97.35447049
70.36515432,97.25011273
70.36515432,97.14575497
70.36515432,97.04139721
70.36515432,96.93703944
74.53166111,99.96341457
74.53166111,99.65034128
74.53166111,99.54598351
74.53166111,99.44162575
74.53166111,99.33726799
74.53166111,99.23291023
74.53166111,99.12855246
74.53166111,99.0241947
74.53166111,98.91983694
74.53166111,98.81547917
74.53166111,98.71112141
74.53166111,98.60676365
74.53166111,98.50240589
74.53166111,98.39804812
74.53166111,98.29369036
74.53166111,98.1893326
74.53166111,98.08497483
74.53166111,97.98061707
74.53166111,97.87625931
74.53166111,97.77190155
74.53166111,97.66754378
74.53166111,97.56318602
74.53166111,97.45882826
74.53166111,97.35447049
74.53166111,97.25011273
74.53166111,97.14575497
74.53166111,97.04139721
78.69816791,99.96341457
78.69816791,99.65034128
78.69816791,99.54598351
78.69816791,99.44162575
78.69816791,99.33726799
78.69816791,99.23291023
78.69816791,99.12855246
78.69816791,99.0241947
78.69816791,98.91983694
78.69816791,98.81547917
78.69816791,98.71112141
78.69816791,98.60676365
78.69816791,98.50240589
78.69816791,98.39804812
78.69816791,98.29369036
78.69816791,98.1893326
78.69816791,98.08497483
78.69816791,97.98061707
78.69816791,97.87625931
78.69816791,97.77190155
78.69816791,97.66754378
78.69816791,97.56318602
78.69816791,97.45882826
78.69816791,97.35447049
78.69816791,97.25011273
78.69816791,97.14575497
82.8646747,99.96341457
82.8646747,99.65034128
82.8646747,99.54598351
82.8646747,99.44162575
82.8646747,99.33726799
82.8646747,99.23291023
82.8646747,99.12855246
82.8646747,99.0241947
82.8646747,98.91983694
82.8646747,98.81547917
82.8646747,98.71112141
82.8646747,98.60676365
82.8646747,98.50240589
82.8646747,98.39804812
82.8646747,98.29369036
82.8646747,98.1893326
82.8646747,98.08497483
82.8646747,97.98061707
82.8646747,97.87625931
82.8646747,97.77190155
82.8646747,97.66754378
82.8646747,97.56318602
82.8646747,97.45882826
82.8646747,97.35447049
82.8646747,97.25011273
87.0311815,99.96341457
87.0311815,99.65034128
87.0311815,99.54598351
87.0311815,99.44162575
87.0311815,99.33726799
87.0311815,99.23291023
87.0311815,99.12855246
87.0311815,99.0241947
87.0311815,98.91983694
87.0311815,98.81547917
87.0311815,98.71112141
87.0311815,98.60676365
87.0311815,98.50240589
87.0311815,98.39804812
87.0311815,98.29369036
87.0311815,98.1893326
87.0311815,98.08497483
87.0311815,97.98061707
87.0311815,97.87625931
87.0311815,97.77190155
87.0311815,97.66754378
87.0311815,97.56318602
87.0311815,97.45882826
87.0311815,97.35447049
91.19768829,99.96341457
91.19768829,99.65034128
91.19768829,99.54598351
91.19768829,99.44162575
91.19768829,99.33726799
91.19768829,99.23291023
91.19768829,99.12855246
91.19768829,99.0241947
91.19768829,98.91983694
91.19768829,98.81547917
91.19768829,98.71112141
91.19768829,98.60676365
91.19768829,98.50240589
91.19768829,98.39804812
91.19768829,98.29369036
91.19768829,98.1893326
91.19768829,98.08497483
91.19768829,97.98061707
91.19768829,97.87625931
91.19768829,97.77190155
91.19768829,97.66754378
91.19768829,97.56318602
91.19768829,97.45882826
95.36419509,99.96341457
95.36419509,99.54598351
95.36419509,99.44162575
95.36419509,99.33726799
95.36419509,99.23291023
95.36419509,99.12855246
95.36419509,99.0241947
95.36419509,98.91983694
95.36419509,98.81547917
95.36419509,98.71112141
95.36419509,98.60676365
95.36419509,98.50240589
95.36419509,98.39804812
95.36419509,98.29369036
95.36419509,98.1893326
95.36419509,98.08497483
95.36419509,97.98061707
95.36419509,97.87625931
95.36419509,97.77190155
95.36419509,97.66754378
95.36419509,97.56318602
99.53070188,99.96341457
99.53070188,99.54598351
99.53070188,99.44162575
99.53070188,99.33726799
99.53070188,99.23291023
99.53070188,99.12855246
99.53070188,99.0241947
99.53070188,98.91983694
99.53070188,98.81547917
99.53070188,98.71112141
99.53070188,98.60676365
99.53070188,98.50240589
99.53070188,98.39804812
99.53070188,98.29369036
99.53070188,98.1893326
99.53070188,98.08497483
99.53070188,97.98061707
99.53070188,97.87625931
99.53070188,97.77190155
99.53070188,97.66754378
103.6972087,99.96341457
103.6972087,99.54598351
103.6972087,99.44162575
103.6972087,99.33726799
103.6972087,99.23291023
103.6972087,99.12855246
103.6972087,99.0241947
103.6972087,98.91983694
103.6972087,98.81547917
103.6972087,98.71112141
103.6972087,98.60676365
103.6972087,98.50240589
103.6972087,98.39804812
103.6972087,98.29369036
103.6972087,98.1893326
103.6972087,98.08497483
103.6972087,97.98061707
103.6972087,97.87625931
103.6972087,97.77190155
103.6972087,97.66754378
103.6972087,97.56318602
107.8637155,99.96341457
107.8637155,99.44162575
107.8637155,99.33726799
107.8637155,99.23291023
107.8637155,99.12855246
107.8637155,99.0241947
107.8637155,98.91983694
107.8637155,98.81547917
107.8637155,98.71112141
107.8637155,98.60676365
107.8637155,98.50240589
107.8637155,98.39804812
107.8637155,98.29369036
107.8637155,98.1893326
107.8637155,98.08497483
107.8637155,97.98061707
107.8637155,97.87625931
107.8637155,97.77190155
107.8637155,97.66754378
107.8637155,97.56318602
107.8637155,97.45882826
112.0302223,99.33726799
112.0302223,99.23291023
112.0302223,99.12855246
112.0302223,99.0241947
112.0302223,98.91983694
112.0302223,98.81547917
112.0302223,98.71112141
112.0302223,98.60676365
112.0302223,98.50240589
112.0302223,98.39804812
112.0302223,98.29369036
112.0302223,98.1893326
112.0302223,98.08497483
112.0302223,97.98061707
112.0302223,97.87625931
112.0302223,97.77190155
112.0302223,97.66754378
112.0302223,97.56318602
112.0302223,97.45882826
112.0302223,97.35447049
116.1967291,99.33726799
116.1967291,99.23291023
116.1967291,99.12855246
116.1967291,99.0241947
116.1967291,98.91983694
116.1967291,98.81547917
116.1967291,98.71112141
116.1967291,98.60676365
116.1967291,98.50240589
116.1967291,98.39804812
116.1967291,98.29369036
116.1967291,98.1893326
116.1967291,98.08497483
116.1967291,97.98061707
116.1967291,97.87625931
116.1967291,97.77190155
116.1967291,97.66754378
116.1967291,97.56318602
116.1967291,97.45882826
116.1967291,97.35447049
116.1967291,97.25011273
120.3632359,99.23291023
120.3632359,99.12855246
120.3632359,99.0241947
120.3632359,98.91983694
120.3632359,98.81547917
120.3632359,98.71112141
120.3632359,98.60676365
120.3632359,98.50240589
120.3632359,98.39804812
120.3632359,98.29369036
120.3632359,98.1893326
120.3632359,98.08497483
120.3632359,97.98061707
120.3632359,97.87625931
120.3632359,97.77190155
120.3632359,97.66754378
120.3632359,97.56318602
120.3632359,97.45882826
120.3632359,97.35447049
120.3632359,97.25011273
120.3632359,97.14575497
124.5297427,99.23291023
124.5297427,99.12855246
124.5297427,99.0241947
124.5297427,98.91983694
124.5297427,98.81547917
124.5297427,98.71112141
124.5297427,98.60676365
124.5297427,98.50240589
124.5297427,98.39804812
124.5297427,98.29369036
124.5297427,98.1893326
124.5297427,98.08497483
124.5297427,97.98061707
124.5297427,97.87625931
124.5297427,97.77190155
124.5297427,97.66754378
124.5297427,97.56318602
124.5297427,97.45882826
124.5297427,97.35447049
124.5297427,97.25011273
124.5297427,97.14575497
124.5297427,97.04139721
128.6962495,99.12855246
128.6962495,99.0241947
128.6962495,98.91983694
128.6962495,98.81547917
128.6962495,98.71112141
128.6962495,98.60676365
128.6962495,98.50240589
128.6962495,98.39804812
128.6962495,98.29369036
128.6962495,98.1893326
128.6962495,98.08497483
128.6962495,97.98061707
128.6962495,97.87625931
128.6962495,97.77190155
128.6962495,97.66754378
128.6962495,97.56318602
128.6962495,97.45882826
128.6962495,97.35447049
128.6962495,97.25011273
128.6962495,97.14575497
128.6962495,97.04139721
128.6962495,96.93703944
132.8627562,99.0241947
132.8627562,98.91983694
132.8627562,98.81547917
132.8627562,98.71112141
132.8627562,98.60676365
132.8627562,98.50240589
132.8627562,98.39804812
132.8627562,98.29369036
132.8627562,98.1893326
132.8627562,98.08497483
132.8627562,97.98061707
132.8627562,97.87625931
132.8627562,97.77190155
132.8627562,97.66754378
132.8627562,97.56318602
132.8627562,97.45882826
132.8627562,97.35447049
132.8627562,97.25011273
132.8627562,97.14575497
132.8627562,97.04139721
132.8627562,96.93703944
132.8627562,96.83268168
137.029263,99.0241947
137.029263,98.91983694
137.029263,98.81547917
137.029263,98.71112141
137.029263,98.60676365
137.029263,98.50240589
137.029263,98.39804812
137.029263,98.29369036
137.029263,98.1893326
137.029263,98.08497483
137.029263,97.98061707
137.029263,97.87625931
137.029263,97.77190155
137.029263,97.66754378
137.029263,97.56318602
137.029263,97.45882826
137.029263,97.35447049
137.029263,97.25011273
137.029263,97.14575497
137.029263,97.04139721
137.029263,96.93703944
137.029263,96.83268168
137.029263,96.72832392
137.029263,96.62396616
141.1957698,99.0241947
141.1957698,98.91983694
141.1957698,98.81547917
141.1957698,98.71112141
141.1957698,98.60676365
141.1957698,98.50240589
141.1957698,98.39804812
141.1957698,98.29369036
141.1957698,98.1893326
141.1957698,98.08497483
141.1957698,97.98061707
141.1957698,97.87625931
141.1957698,97.77190155
141.1957698,97.66754378
141.1957698,97.56318602
141.1957698,97.45882826
141.1957698,97.35447049
141.1957698,97.25011273
141.1957698,97.14575497
141.1957698,97.04139721
141.1957698,96.93703944
141.1957698,96.83268168
141.1957698,96.72832392
145.3622766,98.91983694
145.3622766,98.81547917
145.3622766,98.71112141
145.3622766,98.60676365
145.3622766,98.50240589
145.3622766,98.39804812
145.3622766,98.29369036
145.3622766,98.1893326
145.3622766,98.08497483
145.3622766,97.98061707
145.3622766,97.87625931
145.3622766,97.77190155
145.3622766,97.66754378
145.3622766,97.56318602
145.3622766,97.45882826
145.3622766,97.35447049
145.3622766,97.25011273
145.3622766,97.14575497
145.3622766,97.04139721
145.3622766,96.93703944
145.3622766,96.83268168
145.3622766,96.72832392
149.5287834,98.91983694
149.5287834,98.81547917
149.5287834,98.71112141
149.5287834,98.60676365
149.5287834,98.50240589
149.5287834,98.39804812
149.5287834,98.29369036
149.5287834,98.1893326
149.5287834,98.08497483
149.5287834,97.98061707
149.5287834,97.87625931
149.5287834,97.77190155
149.5287834,97.66754378
149.5287834,97.56318602
149.5287834,97.45882826
149.5287834,97.35447049
149.5287834,97.25011273
149.5287834,97.14575497
149.5287834,97.04139721
149.5287834,96.93703944
149.5287834,96.83268168
153.6952902,98.81547917
153.6952902,98.71112141
153.6952902,98.60676365
153.6952902,98.50240589
153.6952902,98.39804812
153.6952902,98.29369036
153.6952902,98.1893326
153.6952902,98.08497483
153.6952902,97.98061707
153.6952902,97.87625931
153.6952902,97.77190155
153.6952902,97.66754378
153.6952902,97.56318602
153.6952902,97.45882826
153.6952902,97.35447049
153.6952902,97.25011273
153.6952902,97.14575497
153.6952902,97.04139721
153.6952902,96.93703944
153.6952902,96.83268168
153.6952902,96.72832392
157.861797,98.71112141
157.861797,98.60676365
157.861797,98.50240589
157.861797,98.39804812
157.861797,98.29369036
157.861797,98.1893326
157.861797,98.08497483
157.861797,97.98061707
157.861797,97.87625931
157.861797,97.77190155
157.861797,97.66754378
157.861797,97.56318602
157.861797,97.45882826
157.861797,97.35447049
157.861797,97.25011273
157.861797,97.14575497
157.861797,97.04139721
157.861797,96.93703944
157.861797,96.83268168
157.861797,96.72832392
157.861797,96.62396616
162.0283038,98.60676365
162.0283038,98.50240589
162.0283038,98.39804812
162.0283038,98.29369036
162.0283038,98.1893326
162.0283038,98.08497483
162.0283038,97.98061707
162.0283038,97.87625931
162.0283038,97.77190155
162.0283038,97.66754378
162.0283038,97.56318602
162.0283038,97.45882826
162.0283038,97.35447049
162.0283038,97.25011273
162.0283038,97.14575497
162.0283038,97.04139721
162.0283038,96.93703944
162.0283038,96.83268168
162.0283038,96.72832392
162.0283038,96.62396616
166.1948106,98.71112141
166.1948106,98.60676365
166.1948106,98.50240589
166.1948106,98.39804812
166.1948106,98.29369036
166.1948106,98.1893326
166.1948106,98.08497483
166.1948106,97.98061707
166.1948106,97.87625931
166.1948106,97.77190155
166.1948106,97.66754378
166.1948106,97.56318602
166.1948106,97.45882826
166.1948106,97.35447049
166.1948106,97.25011273
166.1948106,97.14575497
166.1948106,97.04139721
166.1948106,96.93703944
166.1948106,96.83268168
166.1948106,96.72832392
166.1948106,96.62396616
170.3613174,98.81547917
170.3613174,98.71112141
170.3613174,98.60676365
170.3613174,98.50240589
170.3613174,98.39804812
170.3613174,98.29369036
170.3613174,98.1893326
170.3613174,98.08497483
170.3613174,97.98061707
170.3613174,97.87625931
170.3613174,97.77190155
170.3613174,97.66754378
170.3613174,97.56318602
170.3613174,97.45882826
170.3613174,97.35447049
170.3613174,97.25011273
170.3613174,97.14575497
170.3613174,97.04139721
170.3613174,96.93703944
170.3613174,96.83268168
170.3613174,96.72832392
174.5278242,98.81547917
174.5278242,98.71112141
174.5278242,98.60676365
174.5278242,98.50240589
174.5278242,98.39804812
174.5278242,98.29369036
174.5278242,98.1893326
174.5278242,98.08497483
174.5278242,97.98061707
174.5278242,97.87625931
174.5278242,97.77190155
174.5278242,97.66754378
174.5278242,97.56318602
174.5278242,97.45882826
174.5278242,97.35447049
174.5278242,97.25011273
174.5278242,97.14575497
174.5278242,97.04139721
174.5278242,96.93703944
174.5278242,96.83268168
178.694331,98.71112141
178.694331,98.60676365
178.694331,98.50240589
178.694331,98.39804812
178.694331,98.29369036
178.694331,98.1893326
178.694331,98.08497483
178.694331,97.98061707
178.694331,97.87625931
178.694331,97.77190155
178.694331,97.66754378
178.694331,97.56318602
178.694331,97.45882826
178.694331,97.35447049
178.694331,97.25011273
178.694331,97.14575497
178.694331,97.04139721
178.694331,96.93703944
178.694331,96.83268168
182.8608378,98.71112141
182.8608378,98.60676365
182.8608378,98.50240589
182.8608378,98.39804812
182.8608378,98.29369036
182.8608378,98.1893326
182.8608378,98.08497483
182.8608378,97.98061707
182.8608378,97.87625931
182.8608378,97.77190155
182.8608378,97.66754378
182.8608378,97.56318602
182.8608378,97.45882826
182.8608378,97.35447049
182.8608378,97.25011273
182.8608378,97.14575497
182.8608378,97.04139721
182.8608378,96.93703944
182.8608378,96.83268168
182.8608378,96.72832392
187.0273446,98.60676365
187.0273446,98.50240589
187.0273446,98.39804812
187.0273446,98.29369036
187.0273446,98.1893326
187.0273446,98.08497483
187.0273446,97.98061707
187.0273446,97.87625931
187.0273446,97.77190155
187.0273446,97.66754378
187.0273446,97.56318602
187.0273446,97.45882826
187.0273446,97.35447049
187.0273446,97.25011273
187.0273446,97.14575497
187.0273446,97.04139721
187.0273446,96.93703944
187.0273446,96.83268168
187.0273446,96.72832392
191.1938514,98.60676365
191.1938514,98.50240589
191.1938514,98.39804812
191.1938514,98.29369036
191.1938514,98.1893326
191.1938514,98.08497483
191.1938514,97.98061707
191.1938514,97.87625931
191.1938514,97.77190155
191.1938514,97.66754378
191.1938514,97.56318602
191.1938514,97.45882826
191.1938514,97.35447049
191.1938514,97.25011273
191.1938514,97.14575497
191.1938514,97.04139721
191.1938514,96.93703944
191.1938514,96.83268168
191.1938514,96.72832392
195.3603582,98.71112141
195.3603582,98.60676365
195.3603582,98.50240589
195.3603582,98.39804812
195.3603582,98.29369036
195.3603582,98.1893326
195.3603582,98.08497483
195.3603582,97.98061707
195.3603582,97.87625931
195.3603582,97.77190155
195.3603582,97.66754378
195.3603582,97.56318602
195.3603582,97.45882826
195.3603582,97.35447049
195.3603582,97.25011273
195.3603582,97.14575497
195.3603582,97.04139721
195.3603582,96.93703944
195.3603582,96.83268168
199.526865,98.60676365
199.526865,98.50240589
199.526865,98.39804812
199.526865,98.29369036
199.526865,98.1893326
199.526865,98.08497483
199.526865,97.98061707
199.526865,97.87625931
199.526865,97.77190155
199.526865,97.66754378
199.526865,97.56318602
199.526865,97.45882826
199.526865,97.35447049
199.526865,97.25011273
199.526865,97.14575497
199.526865,97.04139721
199.526865,96.93703944
199.526865,96.83268168
199.526865,96.72832392
203.6933718,98.50240589
203.6933718,98.39804812
203.6933718,98.29369036
203.6933718,98.1893326
203.6933718,98.08497483
203.6933718,97.98061707
203.6933718,97.87625931
203.6933718,97.77190155
203.6933718,97.66754378
203.6933718,97.56318602
203.6933718,97.45882826
203.6933718,97.35447049
203.6933718,97.25011273
203.6933718,97.14575497
203.6933718,97.04139721
203.6933718,96.93703944
203.6933718,96.83268168
203.6933718,96.72832392
203.6933718,96.62396616
207.8598786,98.50240589
207.8598786,98.39804812
207.8598786,98.29369036
207.8598786,98.1893326
207.8598786,98.08497483
207.8598786,97.98061707
207.8598786,97.87625931
207.8598786,97.77190155
207.8598786,97.66754378
207.8598786,97.56318602
207.8598786,97.45882826
207.8598786,97.35447049
207.8598786,97.25011273
207.8598786,97.14575497
207.8598786,97.04139721
207.8598786,96.93703944
207.8598786,96.83268168
207.8598786,96.72832392
207.8598786,96.62396616
212.0263854,98.50240589
212.0263854,98.39804812
212.0263854,98.29369036
212.0263854,98.1893326
212.0263854,98.08497483
212.0263854,97.98061707
212.0263854,97.87625931
212.0263854,97.77190155
212.0263854,97.66754378
212.0263854,97.56318602
212.0263854,97.45882826
212.0263854,97.35447049
212.0263854,97.25011273
212.0263854,97.14575497
212.0263854,97.04139721
212.0263854,96.93703944
212.0263854,96.83268168
212.0263854,96.72832392
212.0263854,96.62396616
216.1928922,98.50240589
216.1928922,98.39804812
216.1928922,98.29369036
216.1928922,98.1893326
216.1928922,98.08497483
216.1928922,97.98061707
216.1928922,97.87625931
216.1928922,97.77190155
216.1928922,97.66754378
216.1928922,97.56318602
216.1928922,97.45882826
216.1928922,97.35447049
216.1928922,97.25011273
216.1928922,97.14575497
216.1928922,97.04139721
216.1928922,96.93703944
216.1928922,96.83268168
216.1928922,96.72832392
216.1928922,96.62396616
220.359399,98.50240589
220.359399,98.39804812
220.359399,98.29369036
220.359399,98.1893326
220.359399,98.08497483
220.359399,97.98061707
220.359399,97.87625931
220.359399,97.77190155
220.359399,97.66754378
220.359399,97.56318602
220.359399,97.45882826
220.359399,97.35447049
220.359399,97.25011273
220.359399,97.14575497
220.359399,97.04139721
220.359399,96.93703944
220.359399,96.83268168
220.359399,96.72832392
220.359399,96.62396616
220.359399,96.51960839
224.5259057,98.50240589
224.5259057,98.39804812
224.5259057,98.29369036
224.5259057,98.1893326
224.5259057,98.08497483
224.5259057,97.98061707
224.5259057,97.87625931
224.5259057,97.77190155
224.5259057,97.66754378
224.5259057,97.56318602
224.5259057,97.45882826
224.5259057,97.35447049
224.5259057,97.25011273
224.5259057,97.14575497
224.5259057,97.04139721
224.5259057,96.93703944
224.5259057,96.83268168
224.5259057,96.72832392
224.5259057,96.62396616
224.5259057,96.51960839
224.5259057,96.41525063
228.6924125,98.39804812
228.6924125,98.29369036
228.6924125,98.1893326
228.6924125,98.08497483
228.6924125,97.98061707
228.6924125,97.87625931
228.6924125,97.77190155
228.6924125,97.66754378
228.6924125,97.56318602
228.6924125,97.45882826
228.6924125,97.35447049
228.6924125,97.25011273
228.6924125,97.14575497
228.6924125,97.04139721
228.6924125,96.93703944
228.6924125,96.83268168
228.6924125,96.72832392
228.6924125,96.62396616
228.6924125,96.51960839
228.6924125,96.41525063
228.6924125,96.31089287
232.8589193,98.39804812
232.8589193,98.29369036
232.8589193,98.1893326
232.8589193,98.08497483
232.8589193,97.98061707
232.8589193,97.87625931
232.8589193,97.77190155
232.8589193,97.66754378
232.8589193,97.56318602
232.8589193,97.45882826
232.8589193,97.35447049
232.8589193,97.25011273
232.8589193,97.14575497
232.8589193,97.04139721
232.8589193,96.93703944
232.8589193,96.83268168
232.8589193,96.72832392
232.8589193,96.62396616
232.8589193,96.51960839
232.8589193,96.41525063
232.8589193,96.31089287
237.0254261,98.39804812
237.0254261,98.29369036
237.0254261,98.1893326
237.0254261,98.08497483
237.0254261,97.98061707
237.0254261,97.87625931
237.0254261,97.77190155
237.0254261,97.66754378
237.0254261,97.56318602
237.0254261,97.45882826
237.0254261,97.35447049
237.0254261,97.25011273
237.0254261,97.14575497
237.0254261,97.04139721
237.0254261,96.93703944
237.0254261,96.83268168
237.0254261,96.72832392
237.0254261,96.62396616
237.0254261,96.51960839
237.0254261,96.41525063
237.0254261,96.31089287
241.1919329,98.29369036
241.1919329,98.1893326
241.1919329,98.08497483
241.1919329,97.98061707
241.1919329,97.87625931
241.1919329,97.77190155
241.1919329,97.66754378
241.1919329,97.56318602
241.1919329,97.45882826
241.1919329,97.35447049
241.1919329,97.25011273
241.1919329,97.14575497
241.1919329,97.04139721
241.1919329,96.93703944
241.1919329,96.83268168
241.1919329,96.72832392
241.1919329,96.62396616
241.1919329,96.51960839
241.1919329,96.41525063
241.1919329,96.31089287
245.3584397,98.1893326
245.3584397,98.08497483
245.3584397,97.98061707
245.3584397,97.87625931
245.3584397,97.77190155
245.3584397,97.66754378
245.3584397,97.56318602
245.3584397,97.45882826
245.3584397,97.35447049
245.3584397,97.25011273
245.3584397,97.14575497
245.3584397,97.04139721
245.3584397,96.93703944
245.3584397,96.83268168
245.3584397,96.72832392
245.3584397,96.62396616
245.3584397,96.51960839
245.3584397,96.41525063
245.3584397,96.31089287
245.3584397,96.2065351
249.5249465,98.1893326
249.5249465,98.08497483
249.5249465,97.98061707
249.5249465,97.87625931
249.5249465,97.77190155
249.5249465,97.66754378
249.5249465,97.56318602
249.5249465,97.45882826
249.5249465,97.35447049
249.5249465,97.25011273
249.5249465,97.14575497
249.5249465,97.04139721
249.5249465,96.93703944
249.5249465,96.83268168
249.5249465,96.72832392
249.5249465,96.62396616
249.5249465,96.51960839
249.5249465,96.41525063
249.5249465,96.31089287
249.5249465,96.2065351
253.6914533,98.08497483
253.6914533,97.98061707
253.6914533,97.87625931
253.6914533,97.77190155
253.6914533,97.66754378
253.6914533,97.56318602
253.6914533,97.45882826
253.6914533,97.35447049
253.6914533,97.25011273
253.6914533,97.14575497
253.6914533,97.04139721
253.6914533,96.93703944
253.6914533,96.83268168
253.6914533,96.72832392
253.6914533,96.62396616
253.6914533,96.51960839
253.6914533,96.41525063
253.6914533,96.31089287
253.6914533,96.2065351
253.6914533,96.10217734
257.8579601,98.08497483
257.8579601,97.98061707
257.8579601,97.87625931
257.8579601,97.77190155
257.8579601,97.66754378
257.8579601,97.56318602
257.8579601,97.45882826
257.8579601,97.35447049
257.8579601,97.25011273
257.8579601,97.14575497
257.8579601,97.04139721
257.8579601,96.93703944
257.8579601,96.83268168
257.8579601,96.72832392
257.8579601,96.62396616
257.8579601,96.51960839
257.8579601,96.41525063
257.8579601,96.31089287
257.8579601,96.2065351
257.8579601,96.10217734
257.8579601,95.99781958
262.0244669,98.1893326
262.0244669,98.08497483
262.0244669,97.98061707
262.0244669,97.87625931
262.0244669,97.77190155
262.0244669,97.66754378
262.0244669,97.56318602
262.0244669,97.45882826
262.0244669,97.35447049
262.0244669,97.25011273
262.0244669,97.14575497
262.0244669,97.04139721
262.0244669,96.93703944
262.0244669,96.83268168
262.0244669,96.72832392
262.0244669,96.62396616
262.0244669,96.51960839
262.0244669,96.41525063
262.0244669,96.31089287
262.0244669,96.2065351
262.0244669,96.10217734
262.0244669,95.99781958
266.1909737,98.1893326
266.1909737,98.08497483
266.1909737,97.98061707
266.1909737,97.87625931
266.1909737,97.77190155
266.1909737,97.66754378
266.1909737,97.56318602
266.1909737,97.45882826
266.1909737,97.35447049
266.1909737,97.25011273
266.1909737,97.14575497
266.1909737,97.04139721
266.1909737,96.93703944
266.1909737,96.83268168
266.1909737,96.72832392
266.1909737,96.62396616
266.1909737,96.51960839
266.1909737,96.41525063
266.1909737,96.31089287
266.1909737,96.2065351
266.1909737,96.10217734
266.1909737,95.99781958
270.3574805,98.08497483
270.3574805,97.98061707
270.3574805,97.87625931
270.3574805,97.77190155
270.3574805,97.66754378
270.3574805,97.56318602
270.3574805,97.45882826
270.3574805,97.35447049
270.3574805,97.25011273
270.3574805,97.14575497
270.3574805,97.04139721
270.3574805,96.93703944
270.3574805,96.83268168
270.3574805,96.72832392
270.3574805,96.62396616
270.3574805,96.51960839
270.3574805,96.41525063
270.3574805,96.31089287
270.3574805,96.2065351
270.3574805,96.10217734
270.3574805,95.99781958
270.3574805,95.89346182
274.5239873,98.08497483
274.5239873,97.98061707
274.5239873,97.87625931
274.5239873,97.77190155
274.5239873,97.66754378
274.5239873,97.56318602
274.5239873,97.45882826
274.5239873,97.35447049
274.5239873,97.25011273
274.5239873,97.14575497
274.5239873,97.04139721
274.5239873,96.93703944
274.5239873,96.83268168
274.5239873,96.72832392
274.5239873,96.62396616
274.5239873,96.51960839
274.5239873,96.41525063
274.5239873,96.31089287
274.5239873,96.2065351
274.5239873,96.10217734
274.5239873,95.99781958
278.6904941,97.98061707
278.6904941,97.87625931
278.6904941,97.77190155
278.6904941,97.66754378
278.6904941,97.56318602
278.6904941,97.45882826
278.6904941,97.35447049
278.6904941,97.25011273
278.6904941,97.14575497
278.6904941,97.04139721
278.6904941,96.93703944
278.6904941,96.83268168
278.6904941,96.72832392
278.6904941,96.62396616
278.6904941,96.51960839
278.6904941,96.41525063
278.6904941,96.31089287
278.6904941,96.2065351
278.6904941,96.10217734
278.6904941,94.95424195
282.8570009,97.87625931
282.8570009,97.77190155
282.8570009,97.66754378
282.8570009,97.56318602
282.8570009,97.45882826
282.8570009,97.35447049
282.8570009,97.25011273
282.8570009,97.14575497
282.8570009,97.04139721
282.8570009,96.93703944
282.8570009,96.83268168
282.8570009,96.72832392
282.8570009,96.62396616
282.8570009,96.51960839
282.8570009,96.41525063
282.8570009,96.31089287
282.8570009,96.2065351
282.8570009,96.10217734
282.8570009,95.99781958
282.8570009,94.95424195
287.0235077,97.98061707
287.0235077,97.87625931
287.0235077,97.77190155
287.0235077,97.66754378
287.0235077,97.56318602
287.0235077,97.45882826
287.0235077,97.35447049
287.0235077,97.25011273
287.0235077,97.14575497
287.0235077,97.04139721
287.0235077,96.93703944
287.0235077,96.83268168
287.0235077,96.72832392
287.0235077,96.62396616
287.0235077,96.51960839
287.0235077,96.41525063
287.0235077,96.31089287
287.0235077,96.2065351
287.0235077,96.10217734
287.0235077,95.99781958
287.0235077,94.95424195
291.1900145,97.98061707
291.1900145,97.87625931
291.1900145,97.77190155
291.1900145,97.66754378
291.1900145,97.56318602
291.1900145,97.45882826
291.1900145,97.35447049
291.1900145,97.25011273
291.1900145,97.14575497
291.1900145,97.04139721
291.1900145,96.93703944
291.1900145,96.83268168
291.1900145,96.72832392
291.1900145,96.62396616
291.1900145,96.51960839
291.1900145,96.41525063
291.1900145,96.31089287
291.1900145,96.2065351
291.1900145,96.10217734
291.1900145,95.99781958
291.1900145,95.89346182
291.1900145,94.95424195
295.3565213,97.98061707
295.3565213,97.87625931
295.3565213,97.77190155
295.3565213,97.66754378
295.3565213,97.56318602
295.3565213,97.45882826
295.3565213,97.35447049
295.3565213,97.25011273
295.3565213,97.14575497
295.3565213,97.04139721
295.3565213,96.93703944
295.3565213,96.83268168
295.3565213,96.72832392
295.3565213,96.62396616
295.3565213,96.51960839
295.3565213,96.41525063
295.3565213,96.31089287
295.3565213,96.2065351
295.3565213,96.10217734
295.3565213,95.99781958
295.3565213,95.89346182
295.3565213,95.78910405
295.3565213,94.95424195
299.5230281,97.87625931
299.5230281,97.77190155
299.5230281,97.66754378
299.5230281,97.56318602
299.5230281,97.45882826
299.5230281,97.35447049
299.5230281,97.25011273
299.5230281,97.14575497
299.5230281,97.04139721
299.5230281,96.93703944
299.5230281,96.83268168
299.5230281,96.72832392
299.5230281,96.62396616
299.5230281,96.51960839
299.5230281,96.41525063
299.5230281,96.31089287
299.5230281,96.2065351
299.5230281,96.10217734
299.5230281,95.99781958
299.5230281,95.89346182
299.5230281,95.78910405
299.5230281,94.95424195
303.6895349,97.77190155
303.6895349,97.66754378
303.6895349,97.56318602
303.6895349,97.45882826
303.6895349,97.35447049
303.6895349,97.25011273
303.6895349,97.14575497
303.6895349,97.04139721
303.6895349,96.93703944
303.6895349,96.83268168
303.6895349,96.72832392
303.6895349,96.62396616
303.6895349,96.51960839
303.6895349,96.41525063
303.6895349,96.31089287
303.6895349,96.2065351
303.6895349,96.10217734
303.6895349,95.99781958
303.6895349,95.89346182
303.6895349,95.78910405
303.6895349,94.95424195
307.8560417,97.77190155
307.8560417,97.66754378
307.8560417,97.56318602
307.8560417,97.45882826
307.8560417,97.35447049
307.8560417,97.25011273
307.8560417,97.14575497
307.8560417,97.04139721
307.8560417,96.93703944
307.8560417,96.83268168
307.8560417,96.72832392
307.8560417,96.62396616
307.8560417,96.51960839
307.8560417,96.41525063
307.8560417,96.31089287
307.8560417,96.2065351
307.8560417,96.10217734
307.8560417,95.99781958
307.8560417,95.89346182
307.8560417,95.78910405
307.8560417,95.68474629
307.8560417,94.95424195
312.0225485,97.77190155
312.0225485,97.66754378
312.0225485,97.56318602
312.0225485,97.45882826
312.0225485,97.35447049
312.0225485,97.25011273
312.0225485,97.14575497
312.0225485,97.04139721
312.0225485,96.93703944
312.0225485,96.83268168
312.0225485,96.72832392
312.0225485,96.62396616
312.0225485,96.51960839
312.0225485,96.41525063
312.0225485,96.31089287
312.0225485,96.2065351
312.0225485,96.10217734
312.0225485,95.99781958
312.0225485,95.89346182
312.0225485,95.78910405
312.0225485,95.68474629
312.0225485,95.58038853
312.0225485,94.95424195
316.1890552,97.77190155
316.1890552,97.66754378
316.1890552,97.56318602
316.1890552,97.45882826
316.1890552,97.35447049
316.1890552,97.25011273
316.1890552,97.14575497
316.1890552,97.04139721
316.1890552,96.93703944
316.1890552,96.83268168
316.1890552,96.72832392
316.1890552,96.62396616
316.1890552,96.51960839
316.1890552,96.41525063
316.1890552,96.31089287
316.1890552,96.2065351
316.1890552,96.10217734
316.1890552,95.99781958
316.1890552,95.89346182
316.1890552,95.78910405
316.1890552,95.68474629
316.1890552,95.58038853
316.1890552,95.47603076
316.1890552,94.95424195
320.355562,97.77190155
320.355562,97.66754378
320.355562,97.56318602
320.355562,97.45882826
320.355562,97.35447049
320.355562,97.25011273
320.355562,97.14575497
320.355562,97.04139721
320.355562,96.93703944
320.355562,96.83268168
320.355562,96.72832392
320.355562,96.62396616
320.355562,96.51960839
320.355562,96.41525063
320.355562,96.31089287
320.355562,96.2065351
320.355562,96.10217734
320.355562,95.99781958
320.355562,95.89346182
320.355562,95.78910405
320.355562,95.68474629
320.355562,95.58038853
320.355562,95.47603076
320.355562,95.371673
320.355562,94.95424195
324.5220688,97.66754378
324.5220688,97.56318602
324.5220688,97.45882826
324.5220688,97.35447049
324.5220688,97.25011273
324.5220688,97.14575497
324.5220688,97.04139721
324.5220688,96.93703944
324.5220688,96.83268168
324.5220688,96.72832392
324.5220688,96.62396616
324.5220688,96.51960839
324.5220688,96.41525063
324.5220688,96.31089287
324.5220688,96.2065351
324.5220688,96.10217734
324.5220688,95.99781958
324.5220688,95.89346182
324.5220688,95.78910405
324.5220688,95.68474629
324.5220688,95.58038853
324.5220688,95.47603076
324.5220688,94.95424195
328.6885756,97.56318602
328.6885756,97.45882826
328.6885756,97.35447049
328.6885756,97.25011273
328.6885756,97.14575497
328.6885756,97.04139721
328.6885756,96.93703944
328.6885756,96.83268168
328.6885756,96.72832392
328.6885756,96.62396616
328.6885756,96.51960839
328.6885756,96.41525063
328.6885756,96.31089287
328.6885756,96.2065351
328.6885756,96.10217734
328.6885756,95.99781958
328.6885756,95.89346182
328.6885756,95.78910405
328.6885756,95.68474629
328.6885756,95.58038853
328.6885756,95.47603076
328.6885756,95.371673
328.6885756,94.95424195
332.8550824,97.45882826
332.8550824,97.35447049
332.8550824,97.25011273
332.8550824,97.14575497
332.8550824,97.04139721
332.8550824,96.93703944
332.8550824,96.83268168
332.8550824,96.72832392
332.8550824,96.62396616
332.8550824,96.51960839
332.8550824,96.41525063
332.8550824,96.31089287
332.8550824,96.2065351
332.8550824,96.10217734
332.8550824,95.99781958
332.8550824,95.89346182
332.8550824,95.78910405
332.8550824,95.68474629
332.8550824,95.58038853
332.8550824,95.47603076
332.8550824,95.371673
332.8550824,95.26731524
332.8550824,95.16295748
332.8550824,95.05859971
332.8550824,94.95424195
332.8550824,94.84988419
337.0215892,97.35447049
337.0215892,97.25011273
337.0215892,97.14575497
337.0215892,97.04139721
337.0215892,96.93703944
337.0215892,96.83268168
337.0215892,96.72832392
337.0215892,96.62396616
337.0215892,96.51960839
337.0215892,96.41525063
337.0215892,96.31089287
337.0215892,96.2065351
337.0215892,96.10217734
337.0215892,95.99781958
337.0215892,95.89346182
337.0215892,95.78910405
337.0215892,95.68474629
337.0215892,95.58038853
337.0215892,95.47603076
337.0215892,95.371673
337.0215892,95.26731524
337.0215892,95.16295748
337.0215892,95.05859971
337.0215892,94.95424195
337.0215892,94.84988419
337.0215892,94.74552642
341.188096,97.25011273
341.188096,97.14575497
341.188096,97.04139721
341.188096,96.93703944
341.188096,96.83268168
341.188096,96.72832392
341.188096,96.62396616
341.188096,96.51960839
341.188096,96.41525063
341.188096,96.31089287
341.188096,96.2065351
341.188096,96.10217734
341.188096,95.99781958
341.188096,95.89346182
341.188096,95.78910405
341.188096,95.68474629
341.188096,95.58038853
341.188096,95.47603076
341.188096,95.371673
341.188096,95.26731524
341.188096,95.16295748
341.188096,95.05859971
341.188096,94.95424195
341.188096,94.84988419
341.188096,94.74552642
341.188096,94.64116866
345.3546028,97.25011273
345.3546028,97.14575497
345.3546028,97.04139721
345.3546028,96.93703944
345.3546028,96.83268168
345.3546028,96.72832392
345.3546028,96.62396616
345.3546028,96.51960839
345.3546028,96.41525063
345.3546028,96.31089287
345.3546028,96.2065351
345.3546028,96.10217734
345.3546028,95.99781958
345.3546028,95.89346182
345.3546028,95.78910405
345.3546028,95.68474629
345.3546028,95.58038853
345.3546028,95.47603076
345.3546028,95.371673
345.3546028,95.26731524
345.3546028,95.16295748
345.3546028,95.05859971
345.3546028,94.95424195
345.3546028,94.84988419
345.3546028,94.74552642
345.3546028,94.64116866
345.3546028,94.5368109
349.5211096,97.14575497
349.5211096,97.04139721
349.5211096,96.93703944
349.5211096,96.83268168
349.5211096,96.72832392
349.5211096,96.62396616
349.5211096,96.51960839
349.5211096,96.41525063
349.5211096,96.31089287
349.5211096,96.2065351
349.5211096,96.10217734
349.5211096,95.99781958
349.5211096,95.89346182
349.5211096,95.78910405
349.5211096,95.68474629
349.5211096,95.58038853
349.5211096,95.47603076
349.5211096,95.371673
349.5211096,95.26731524
349.5211096,95.16295748
349.5211096,95.05859971
349.5211096,94.95424195
349.5211096,94.84988419
349.5211096,94.74552642
349.5211096,94.64116866
349.5211096,94.5368109
349.5211096,94.43245314
353.6876164,97.25011273
353.6876164,97.14575497
353.6876164,97.04139721
353.6876164,96.93703944
353.6876164,96.83268168
353.6876164,96.72832392
353.6876164,96.62396616
353.6876164,96.51960839
353.6876164,96.41525063
353.6876164,96.31089287
353.6876164,96.2065351
353.6876164,96.10217734
353.6876164,95.99781958
353.6876164,95.89346182
353.6876164,95.78910405
353.6876164,95.68474629
353.6876164,95.58038853
353.6876164,95.47603076
353.6876164,95.371673
353.6876164,95.26731524
353.6876164,95.16295748
353.6876164,95.05859971
353.6876164,94.95424195
353.6876164,94.84988419
353.6876164,94.74552642
353.6876164,94.64116866
353.6876164,94.5368109
353.6876164,94.43245314
353.6876164,94.32809537
357.8541232,97.25011273
357.8541232,97.14575497
357.8541232,97.04139721
357.8541232,96.93703944
357.8541232,96.83268168
357.8541232,96.72832392
357.8541232,96.62396616
357.8541232,96.51960839
357.8541232,96.41525063
357.8541232,96.31089287
357.8541232,96.2065351
357.8541232,96.10217734
357.8541232,95.99781958
357.8541232,95.89346182
357.8541232,95.78910405
357.8541232,95.68474629
357.8541232,95.58038853
357.8541232,95.47603076
357.8541232,95.371673
357.8541232,95.26731524
357.8541232,95.16295748
357.8541232,95.05859971
357.8541232,94.95424195
357.8541232,94.84988419
357.8541232,94.74552642
357.8541232,94.64116866
357.8541232,94.5368109
357.8541232,94.43245314
357.8541232,94.32809537
357.8541232,94.22373761
362.02063,97.14575497
362.02063,97.04139721
362.02063,96.93703944
362.02063,96.83268168
362.02063,96.72832392
362.02063,96.62396616
362.02063,96.51960839
362.02063,96.41525063
362.02063,96.31089287
362.02063,96.2065351
362.02063,96.10217734
362.02063,95.99781958
362.02063,95.89346182
362.02063,95.78910405
362.02063,95.68474629
362.02063,95.58038853
362.02063,95.47603076
362.02063,95.371673
362.02063,95.26731524
362.02063,95.16295748
362.02063,95.05859971
362.02063,94.95424195
362.02063,94.84988419
362.02063,94.74552642
362.02063,94.64116866
362.02063,94.5368109
362.02063,94.43245314
362.02063,94.32809537
362.02063,94.22373761
362.02063,94.11937985
366.1871368,97.04139721
366.1871368,96.93703944
366.1871368,96.83268168
366.1871368,96.72832392
366.1871368,96.62396616
366.1871368,96.51960839
366.1871368,96.41525063
366.1871368,96.31089287
366.1871368,96.2065351
366.1871368,96.10217734
366.1871368,95.99781958
366.1871368,95.89346182
366.1871368,95.78910405
366.1871368,95.68474629
366.1871368,95.58038853
366.1871368,95.47603076
366.1871368,95.371673
366.1871368,95.26731524
366.1871368,95.16295748
366.1871368,95.05859971
366.1871368,94.95424195
366.1871368,94.84988419
366.1871368,94.74552642
366.1871368,94.64116866
366.1871368,94.5368109
366.1871368,94.43245314
366.1871368,94.32809537
366.1871368,94.22373761
366.1871368,94.11937985
366.1871368,94.01502208
370.3536436,96.93703944
370.3536436,96.83268168
370.3536436,96.72832392
370.3536436,96.62396616
370.3536436,96.51960839
370.3536436,96.41525063
370.3536436,96.31089287
370.3536436,96.2065351
370.3536436,96.10217734
370.3536436,95.99781958
370.3536436,95.89346182
370.3536436,95.78910405
370.3536436,95.68474629
370.3536436,95.58038853
370.3536436,95.47603076
370.3536436,95.371673
370.3536436,95.26731524
370.3536436,95.16295748
370.3536436,95.05859971
370.3536436,94.95424195
370.3536436,94.84988419
370.3536436,94.74552642
370.3536436,94.64116866
370.3536436,94.5368109
370.3536436,94.43245314
370.3536436,94.32809537
370.3536436,94.22373761
370.3536436,94.11937985
370.3536436,94.01502208
370.3536436,93.91066432
374.5201504,96.72832392
374.5201504,96.62396616
374.5201504,96.51960839
374.5201504,96.41525063
374.5201504,96.31089287
374.5201504,96.2065351
374.5201504,96.10217734
374.5201504,95.99781958
374.5201504,95.89346182
374.5201504,95.78910405
374.5201504,95.68474629
374.5201504,95.58038853
374.5201504,95.47603076
374.5201504,95.371673
374.5201504,95.26731524
374.5201504,95.16295748
374.5201504,95.05859971
374.5201504,94.95424195
374.5201504,94.84988419
374.5201504,94.74552642
374.5201504,94.64116866
374.5201504,94.5368109
374.5201504,94.43245314
374.5201504,94.32809537
374.5201504,94.22373761
374.5201504,94.11937985
374.5201504,94.01502208
374.5201504,93.91066432
378.6866572,96.62396616
378.6866572,96.51960839
378.6866572,96.41525063
378.6866572,96.31089287
378.6866572,96.2065351
378.6866572,96.10217734
378.6866572,95.99781958
378.6866572,95.89346182
378.6866572,95.78910405
378.6866572,95.68474629
378.6866572,95.58038853
378.6866572,95.47603076
378.6866572,95.371673
378.6866572,95.26731524
378.6866572,95.16295748
378.6866572,95.05859971
378.6866572,94.95424195
378.6866572,94.84988419
378.6866572,94.74552642
378.6866572,94.64116866
378.6866572,94.5368109
378.6866572,94.43245314
378.6866572,94.32809537
378.6866572,94.22373761
378.6866572,94.11937985
378.6866572,94.01502208
378.6866572,93.91066432
382.853164,96.51960839
382.853164,96.41525063
382.853164,96.31089287
382.853164,96.2065351
382.853164,96.10217734
382.853164,95.99781958
382.853164,95.89346182
382.853164,95.78910405
382.853164,95.68474629
382.853164,95.58038853
382.853164,95.47603076
382.853164,95.371673
382.853164,95.26731524
382.853164,95.16295748
382.853164,95.05859971
382.853164,94.95424195
382.853164,94.84988419
382.853164,94.74552642
382.853164,94.64116866
382.853164,94.5368109
382.853164,94.43245314
382.853164,94.32809537
382.853164,94.22373761
382.853164,94.11937985
382.853164,94.01502208
387.0196708,96.41525063
387.0196708,96.31089287
387.0196708,96.2065351
387.0196708,96.10217734
387.0196708,95.99781958
387.0196708,95.89346182
387.0196708,95.78910405
387.0196708,95.68474629
387.0196708,95.58038853
387.0196708,95.47603076
387.0196708,95.371673
387.0196708,95.26731524
387.0196708,95.16295748
387.0196708,95.05859971
387.0196708,94.95424195
387.0196708,94.84988419
387.0196708,94.74552642
387.0196708,94.64116866
387.0196708,94.5368109
387.0196708,94.43245314
387.0196708,94.32809537
387.0196708,94.22373761
387.0196708,94.11937985
387.0196708,94.01502208
391.1861776,96.31089287
391.1861776,96.2065351
391.1861776,96.10217734
391.1861776,95.99781958
391.1861776,95.89346182
391.1861776,95.78910405
391.1861776,95.68474629
391.1861776,95.58038853
391.1861776,95.47603076
391.1861776,95.371673
391.1861776,95.26731524
391.1861776,95.16295748
391.1861776,95.05859971
391.1861776,94.95424195
391.1861776,94.84988419
391.1861776,94.74552642
391.1861776,94.64116866
391.1861776,94.5368109
391.1861776,94.43245314
391.1861776,94.32809537
391.1861776,94.22373761
391.1861776,94.11937985
391.1861776,94.01502208
395.3526844,95.99781958
395.3526844,95.89346182
395.3526844,95.78910405
395.3526844,95.68474629
395.3526844,95.58038853
395.3526844,95.47603076
395.3526844,95.371673
395.3526844,95.26731524
395.3526844,95.16295748
395.3526844,95.05859971
395.3526844,94.95424195
395.3526844,94.84988419
395.3526844,94.74552642
395.3526844,94.64116866
395.3526844,94.5368109
395.3526844,94.43245314
395.3526844,94.32809537
395.3526844,94.22373761
395.3526844,94.11937985
395.3526844,94.01502208
395.3526844,93.91066432
399.5191912,95.89346182
399.5191912,95.78910405
399.5191912,95.68474629
399.5191912,95.58038853
399.5191912,95.47603076
399.5191912,95.371673
399.5191912,95.26731524
399.5191912,95.16295748
399.5191912,95.05859971
399.5191912,94.95424195
399.5191912,94.84988419
399.5191912,94.74552642
399.5191912,94.64116866
399.5191912,94.5368109
399.5191912,94.43245314
399.5191912,94.32809537
399.5191912,94.22373761
399.5191912,94.11937985
399.5191912,94.01502208
399.5191912,93.91066432
403.6856979,95.99781958
403.6856979,95.89346182
403.6856979,95.78910405
403.6856979,95.68474629
403.6856979,95.58038853
403.6856979,95.47603076
403.6856979,95.371673
403.6856979,95.26731524
403.6856979,95.16295748
403.6856979,95.05859971
403.6856979,94.95424195
403.6856979,94.84988419
403.6856979,94.74552642
403.6856979,94.64116866
403.6856979,94.5368109
403.6856979,94.43245314
403.6856979,94.32809537
403.6856979,94.22373761
403.6856979,94.11937985
403.6856979,94.01502208
403.6856979,93.91066432
407.8522047,95.99781958
407.8522047,95.89346182
407.8522047,95.78910405
407.8522047,95.68474629
407.8522047,95.58038853
407.8522047,95.47603076
407.8522047,95.371673
407.8522047,95.26731524
407.8522047,95.16295748
407.8522047,95.05859971
407.8522047,94.95424195
407.8522047,94.84988419
407.8522047,94.74552642
407.8522047,94.64116866
407.8522047,94.5368109
407.8522047,94.43245314
407.8522047,94.32809537
407.8522047,94.22373761
407.8522047,94.11937985
407.8522047,94.01502208
412.0187115,95.99781958
412.0187115,95.89346182
412.0187115,95.78910405
412.0187115,95.68474629
412.0187115,95.58038853
412.0187115,95.47603076
412.0187115,95.371673
412.0187115,95.26731524
412.0187115,95.16295748
412.0187115,95.05859971
412.0187115,94.95424195
412.0187115,94.84988419
412.0187115,94.74552642
412.0187115,94.64116866
412.0187115,94.5368109
412.0187115,94.43245314
412.0187115,94.32809537
412.0187115,94.22373761
412.0187115,94.11937985
416.1852183,96.10217734
416.1852183,95.99781958
416.1852183,95.89346182
416.1852183,95.78910405
416.1852183,95.68474629
416.1852183,95.58038853
416.1852183,95.47603076
416.1852183,95.371673
416.1852183,95.26731524
416.1852183,95.16295748
416.1852183,95.05859971
416.1852183,94.95424195
416.1852183,94.84988419
416.1852183,94.74552642
416.1852183,94.64116866
416.1852183,94.5368109
416.1852183,94.43245314
416.1852183,94.32809537
416.1852183,94.22373761
420.3517251,95.99781958
420.3517251,95.89346182
420.3517251,95.78910405
420.3517251,95.68474629
420.3517251,95.58038853
420.3517251,95.47603076
420.3517251,95.371673
420.3517251,95.26731524
420.3517251,95.16295748
420.3517251,95.05859971
420.3517251,94.95424195
420.3517251,94.84988419
420.3517251,94.74552642
420.3517251,94.64116866
420.3517251,94.5368109
420.3517251,94.43245314
420.3517251,94.32809537
420.3517251,94.22373761
424.5182319,95.99781958
424.5182319,95.89346182
424.5182319,95.78910405
424.5182319,95.68474629
424.5182319,95.58038853
424.5182319,95.47603076
424.5182319,95.371673
424.5182319,95.26731524
424.5182319,95.16295748
424.5182319,95.05859971
424.5182319,94.95424195
424.5182319,94.84988419
424.5182319,94.74552642
424.5182319,94.64116866
424.5182319,94.5368109
424.5182319,94.43245314
424.5182319,94.32809537
424.5182319,94.22373761
424.5182319,94.11937985
428.6847387,95.99781958
428.6847387,95.89346182
428.6847387,95.78910405
428.6847387,95.68474629
428.6847387,95.58038853
428.6847387,95.47603076
428.6847387,95.371673
428.6847387,95.26731524
428.6847387,95.16295748
428.6847387,95.05859971
428.6847387,94.95424195
428.6847387,94.84988419
428.6847387,94.74552642
428.6847387,94.64116866
428.6847387,94.5368109
428.6847387,94.43245314
428.6847387,94.32809537
428.6847387,94.22373761
428.6847387,94.11937985
432.8512455,95.89346182
432.8512455,95.78910405
432.8512455,95.68474629
432.8512455,95.58038853
432.8512455,95.47603076
432.8512455,95.371673
432.8512455,95.26731524
432.8512455,95.16295748
432.8512455,95.05859971
432.8512455,94.95424195
432.8512455,94.84988419
432.8512455,94.74552642
432.8512455,94.64116866
432.8512455,94.5368109
432.8512455,94.43245314
432.8512455,94.32809537
432.8512455,94.22373761
432.8512455,94.11937985
437.0177523,95.99781958
437.0177523,95.89346182
437.0177523,95.78910405
437.0177523,95.68474629
437.0177523,95.58038853
437.0177523,95.47603076
437.0177523,95.371673
437.0177523,95.26731524
437.0177523,95.16295748
437.0177523,95.05859971
437.0177523,94.95424195
437.0177523,94.84988419
437.0177523,94.74552642
437.0177523,94.64116866
437.0177523,94.5368109
437.0177523,94.43245314
437.0177523,94.32809537
437.0177523,94.22373761
437.0177523,94.11937985
441.1842591,96.10217734
441.1842591,95.99781958
441.1842591,95.89346182
441.1842591,95.78910405
441.1842591,95.68474629
441.1842591,95.58038853
441.1842591,95.47603076
441.1842591,95.371673
441.1842591,95.26731524
441.1842591,95.16295748
441.1842591,95.05859971
441.1842591,94.95424195
441.1842591,94.84988419
441.1842591,94.74552642
441.1842591,94.64116866
441.1842591,94.5368109
441.1842591,94.43245314
441.1842591,94.32809537
441.1842591,94.22373761
441.1842591,94.11937985
445.3507659,96.10217734
445.3507659,95.99781958
445.3507659,95.89346182
445.3507659,95.78910405
445.3507659,95.68474629
445.3507659,95.58038853
445.3507659,95.47603076
445.3507659,95.371673
445.3507659,95.26731524
445.3507659,95.16295748
445.3507659,95.05859971
445.3507659,94.95424195
445.3507659,94.84988419
445.3507659,94.74552642
445.3507659,94.64116866
445.3507659,94.5368109
445.3507659,94.43245314
445.3507659,94.32809537
445.3507659,94.22373761
445.3507659,94.11937985
445.3507659,94.01502208
449.5172727,96.10217734
449.5172727,95.99781958
449.5172727,95.89346182
449.5172727,95.78910405
449.5172727,95.68474629
449.5172727,95.58038853
449.5172727,95.47603076
449.5172727,95.371673
449.5172727,95.26731524
449.5172727,95.16295748
449.5172727,95.05859971
449.5172727,94.95424195
449.5172727,94.84988419
449.5172727,94.74552642
449.5172727,94.64116866
449.5172727,94.5368109
449.5172727,94.43245314
449.5172727,94.32809537
449.5172727,94.22373761
449.5172727,94.11937985
453.6837795,96.10217734
453.6837795,95.99781958
453.6837795,95.89346182
453.6837795,95.78910405
453.6837795,95.68474629
453.6837795,95.58038853
453.6837795,95.47603076
453.6837795,95.371673
453.6837795,95.26731524
453.6837795,95.16295748
453.6837795,95.05859971
453.6837795,94.95424195
453.6837795,94.84988419
453.6837795,94.74552642
453.6837795,94.64116866
453.6837795,94.5368109
453.6837795,94.43245314
453.6837795,94.32809537
453.6837795,94.22373761
453.6837795,94.11937985
453.6837795,94.01502208
457.8502863,95.99781958
457.8502863,95.89346182
457.8502863,95.78910405
457.8502863,95.68474629
457.8502863,95.58038853
457.8502863,95.47603076
457.8502863,95.371673
457.8502863,95.26731524
457.8502863,95.16295748
457.8502863,95.05859971
457.8502863,94.95424195
457.8502863,94.84988419
457.8502863,94.74552642
457.8502863,94.64116866
457.8502863,94.5368109
457.8502863,94.43245314
457.8502863,94.32809537
457.8502863,94.22373761
457.8502863,94.11937985
457.8502863,94.01502208
457.8502863,93.91066432
462.0167931,95.89346182
462.0167931,95.78910405
462.0167931,95.68474629
462.0167931,95.58038853
462.0167931,95.47603076
462.0167931,95.371673
462.0167931,95.26731524
462.0167931,95.16295748
462.0167931,95.05859971
462.0167931,94.95424195
462.0167931,94.84988419
462.0167931,94.74552642
462.0167931,94.64116866
462.0167931,94.5368109
462.0167931,94.43245314
462.0167931,94.32809537
462.0167931,94.22373761
462.0167931,94.11937985
462.0167931,94.01502208
462.0167931,93.91066432
466.1832999,95.99781958
466.1832999,95.89346182
466.1832999,95.78910405
466.1832999,95.68474629
466.1832999,95.58038853
466.1832999,95.47603076
466.1832999,95.371673
466.1832999,95.26731524
466.1832999,95.16295748
466.1832999,95.05859971
466.1832999,94.95424195
466.1832999,94.84988419
466.1832999,94.74552642
466.1832999,94.64116866
466.1832999,94.5368109
466.1832999,94.43245314
466.1832999,94.32809537
466.1832999,94.22373761
466.1832999,94.11937985
466.1832999,94.01502208
470.3498067,95.99781958
470.3498067,95.89346182
470.3498067,95.78910405
470.3498067,95.68474629
470.3498067,95.58038853
470.3498067,95.47603076
470.3498067,95.371673
470.3498067,95.26731524
470.3498067,95.16295748
470.3498067,95.05859971
470.3498067,94.95424195
470.3498067,94.84988419
470.3498067,94.74552642
470.3498067,94.64116866
470.3498067,94.5368109
470.3498067,94.43245314
470.3498067,94.32809537
470.3498067,94.22373761
470.3498067,94.11937985
474.5163135,96.10217734
474.5163135,95.99781958
474.5163135,95.89346182
474.5163135,95.78910405
474.5163135,95.68474629
474.5163135,95.58038853
474.5163135,95.47603076
474.5163135,95.371673
474.5163135,95.26731524
474.5163135,95.16295748
474.5163135,95.05859971
474.5163135,94.95424195
474.5163135,94.84988419
474.5163135,94.74552642
474.5163135,94.64116866
474.5163135,94.5368109
474.5163135,94.43245314
474.5163135,94.32809537
474.5163135,94.22373761
474.5163135,94.11937985
478.6828203,96.10217734
478.6828203,95.99781958
478.6828203,95.89346182
478.6828203,95.78910405
478.6828203,95.68474629
478.6828203,95.58038853
478.6828203,95.47603076
478.6828203,95.371673
478.6828203,95.26731524
478.6828203,95.16295748
478.6828203,95.05859971
478.6828203,94.95424195
478.6828203,94.84988419
478.6828203,94.74552642
478.6828203,94.64116866
478.6828203,94.5368109
478.6828203,94.43245314
478.6828203,94.32809537
478.6828203,94.22373761
478.6828203,94.11937985
482.8493271,96.10217734
482.8493271,95.99781958
482.8493271,95.89346182
482.8493271,95.78910405
482.8493271,95.68474629
482.8493271,95.58038853
482.8493271,95.47603076
482.8493271,95.371673
482.8493271,95.26731524
482.8493271,95.16295748
482.8493271,95.05859971
482.8493271,94.95424195
482.8493271,94.84988419
482.8493271,94.74552642
482.8493271,94.64116866
482.8493271,94.5368109
482.8493271,94.43245314
482.8493271,94.32809537
482.8493271,94.22373761
482.8493271,94.11937985
487.0158339,96.10217734
487.0158339,95.99781958
487.0158339,95.89346182
487.0158339,95.78910405
487.0158339,95.68474629
487.0158339,95.58038853
487.0158339,95.47603076
487.0158339,95.371673
487.0158339,95.26731524
487.0158339,95.16295748
487.0158339,95.05859971
487.0158339,94.95424195
487.0158339,94.84988419
487.0158339,94.74552642
487.0158339,94.64116866
487.0158339,94.5368109
487.0158339,94.43245314
487.0158339,94.32809537
487.0158339,94.22373761
487.0158339,94.11937985
487.0158339,94.01502208
491.1823407,96.10217734
491.1823407,95.99781958
491.1823407,95.89346182
491.1823407,95.78910405
491.1823407,95.68474629
491.1823407,95.58038853
491.1823407,95.47603076
491.1823407,95.371673
491.1823407,95.26731524
491.1823407,95.16295748
491.1823407,95.05859971
491.1823407,94.95424195
491.1823407,94.84988419
491.1823407,94.74552642
491.1823407,94.64116866
491.1823407,94.5368109
491.1823407,94.43245314
491.1823407,94.32809537
491.1823407,94.22373761
491.1823407,94.11937985
491.1823407,94.01502208
495.3488474,95.99781958
495.3488474,95.89346182
495.3488474,95.78910405
495.3488474,95.68474629
495.3488474,95.58038853
495.3488474,95.47603076
495.3488474,95.371673
495.3488474,95.26731524
495.3488474,95.16295748
495.3488474,95.05859971
495.3488474,94.95424195
495.3488474,94.84988419
495.3488474,94.74552642
495.3488474,94.64116866
495.3488474,94.5368109
495.3488474,94.43245314
495.3488474,94.32809537
495.3488474,94.22373761
495.3488474,94.11937985
499.5153542,96.10217734
499.5153542,95.99781958
499.5153542,95.89346182
499.5153542,95.78910405
499.5153542,95.68474629
499.5153542,95.58038853
499.5153542,95.47603076
499.5153542,95.371673
499.5153542,95.26731524
499.5153542,95.16295748
499.5153542,95.05859971
499.5153542,94.95424195
499.5153542,94.84988419
499.5153542,94.74552642
499.5153542,94.64116866
499.5153542,94.5368109
499.5153542,94.43245314
499.5153542,94.32809537
499.5153542,94.22373761
499.5153542,94.11937985
503.681861,95.99781958
503.681861,95.89346182
503.681861,95.78910405
503.681861,95.68474629
503.681861,95.58038853
503.681861,95.47603076
503.681861,95.371673
503.681861,95.26731524
503.681861,95.16295748
503.681861,95.05859971
503.681861,94.95424195
503.681861,94.84988419
503.681861,94.74552642
503.681861,94.64116866
503.681861,94.5368109
503.681861,94.43245314
503.681861,94.32809537
503.681861,94.22373761
503.681861,94.11937985
507.8483678,95.99781958
507.8483678,95.89346182
507.8483678,95.78910405
507.8483678,95.68474629
507.8483678,95.58038853
507.8483678,95.47603076
507.8483678,95.371673
507.8483678,95.26731524
507.8483678,95.16295748
507.8483678,95.05859971
507.8483678,94.95424195
507.8483678,94.84988419
507.8483678,94.74552642
507.8483678,94.64116866
507.8483678,94.5368109
507.8483678,94.43245314
507.8483678,94.32809537
507.8483678,94.22373761
507.8483678,94.11937985
507.8483678,94.01502208
512.0148746,95.99781958
512.0148746,95.89346182
512.0148746,95.78910405
512.0148746,95.68474629
512.0148746,95.58038853
512.0148746,95.47603076
512.0148746,95.371673
512.0148746,95.26731524
512.0148746,95.16295748
512.0148746,95.05859971
512.0148746,94.95424195
512.0148746,94.84988419
512.0148746,94.74552642
512.0148746,94.64116866
512.0148746,94.5368109
512.0148746,94.43245314
512.0148746,94.32809537
512.0148746,94.22373761
512.0148746,94.11937985
512.0148746,94.01502208
516.1813814,96.10217734
516.1813814,95.99781958
516.1813814,95.89346182
516.1813814,95.78910405
516.1813814,95.68474629
516.1813814,95.58038853
516.1813814,95.47603076
516.1813814,95.371673
516.1813814,95.26731524
516.1813814,95.16295748
516.1813814,95.05859971
516.1813814,94.95424195
516.1813814,94.84988419
516.1813814,94.74552642
516.1813814,94.64116866
516.1813814,94.5368109
516.1813814,94.43245314
516.1813814,94.32809537
516.1813814,94.22373761
516.1813814,94.11937985
520.3478882,96.10217734
520.3478882,95.99781958
520.3478882,95.89346182
520.3478882,95.78910405
520.3478882,95.68474629
520.3478882,95.58038853
520.3478882,95.47603076
520.3478882,95.371673
520.3478882,95.26731524
520.3478882,95.16295748
520.3478882,95.05859971
520.3478882,94.95424195
520.3478882,94.84988419
520.3478882,94.74552642
520.3478882,94.64116866
520.3478882,94.5368109
520.3478882,94.43245314
520.3478882,94.32809537
520.3478882,94.22373761
520.3478882,94.11937985
524.514395,96.10217734
524.514395,95.99781958
524.514395,95.89346182
524.514395,95.78910405
524.514395,95.68474629
524.514395,95.58038853
524.514395,95.47603076
524.514395,95.371673
524.514395,95.26731524
524.514395,95.16295748
524.514395,95.05859971
524.514395,94.95424195
524.514395,94.84988419
524.514395,94.74552642
524.514395,94.64116866
524.514395,94.5368109
524.514395,94.43245314
524.514395,94.32809537
524.514395,94.22373761
524.514395,94.11937985
528.6809018,95.99781958
528.6809018,95.89346182
528.6809018,95.78910405
528.6809018,95.68474629
528.6809018,95.58038853
528.6809018,95.47603076
528.6809018,95.371673
528.6809018,95.26731524
528.6809018,95.16295748
528.6809018,95.05859971
528.6809018,94.95424195
528.6809018,94.84988419
528.6809018,94.74552642
528.6809018,94.64116866
528.6809018,94.5368109
528.6809018,94.43245314
528.6809018,94.32809537
528.6809018,94.22373761
528.6809018,94.11937985
532.8474086,95.99781958
532.8474086,95.89346182
532.8474086,95.78910405
532.8474086,95.68474629
532.8474086,95.58038853
532.8474086,95.47603076
532.8474086,95.371673
532.8474086,95.26731524
532.8474086,95.16295748
532.8474086,95.05859971
532.8474086,94.95424195
532.8474086,94.84988419
532.8474086,94.74552642
532.8474086,94.64116866
532.8474086,94.5368109
532.8474086,94.43245314
532.8474086,94.32809537
532.8474086,94.22373761
532.8474086,94.11937985
532.8474086,94.01502208
537.0139154,95.99781958
537.0139154,95.89346182
537.0139154,95.78910405
537.0139154,95.68474629
537.0139154,95.58038853
537.0139154,95.47603076
537.0139154,95.371673
537.0139154,95.26731524
537.0139154,95.16295748
537.0139154,95.05859971
537.0139154,94.95424195
537.0139154,94.84988419
537.0139154,94.74552642
537.0139154,94.64116866
537.0139154,94.5368109
537.0139154,94.43245314
537.0139154,94.32809537
537.0139154,94.22373761
537.0139154,94.11937985
537.0139154,94.01502208
541.1804222,95.99781958
541.1804222,95.89346182
541.1804222,95.78910405
541.1804222,95.68474629
541.1804222,95.58038853
541.1804222,95.47603076
541.1804222,95.371673
541.1804222,95.26731524
541.1804222,95.16295748
541.1804222,95.05859971
541.1804222,94.95424195
541.1804222,94.84988419
541.1804222,94.74552642
541.1804222,94.64116866
541.1804222,94.5368109
541.1804222,94.43245314
541.1804222,94.32809537
541.1804222,94.22373761
541.1804222,94.11937985
541.1804222,94.01502208
541.1804222,93.91066432
545.346929,96.10217734
545.346929,95.99781958
545.346929,95.89346182
545.346929,95.78910405
545.346929,95.68474629
545.346929,95.58038853
545.346929,95.47603076
545.346929,95.371673
545.346929,95.26731524
545.346929,95.16295748
545.346929,95.05859971
545.346929,94.95424195
545.346929,94.84988419
545.346929,94.74552642
545.346929,94.64116866
545.346929,94.5368109
545.346929,94.43245314
545.346929,94.32809537
545.346929,94.22373761
545.346929,94.11937985
545.346929,94.01502208
545.346929,93.91066432
545.346929,93.80630656
549.5134358,96.10217734
549.5134358,95.99781958
549.5134358,95.89346182
549.5134358,95.78910405
549.5134358,95.68474629
549.5134358,95.58038853
549.5134358,95.47603076
549.5134358,95.371673
549.5134358,95.26731524
549.5134358,95.16295748
549.5134358,95.05859971
549.5134358,94.95424195
549.5134358,94.84988419
549.5134358,94.74552642
549.5134358,94.64116866
549.5134358,94.5368109
549.5134358,94.43245314
549.5134358,94.32809537
549.5134358,94.22373761
549.5134358,94.11937985
549.5134358,94.01502208
549.5134358,93.91066432
549.5134358,93.80630656
549.5134358,93.7019488
553.6799426,95.99781958
553.6799426,95.89346182
553.6799426,95.78910405
553.6799426,95.68474629
553.6799426,95.58038853
553.6799426,95.47603076
553.6799426,95.371673
553.6799426,95.26731524
553.6799426,95.16295748
553.6799426,95.05859971
553.6799426,94.95424195
553.6799426,94.84988419
553.6799426,94.74552642
553.6799426,94.64116866
553.6799426,94.5368109
553.6799426,94.43245314
553.6799426,94.32809537
553.6799426,94.22373761
553.6799426,94.11937985
553.6799426,94.01502208
553.6799426,93.91066432
553.6799426,93.80630656
553.6799426,93.7019488
557.8464494,95.99781958
557.8464494,95.89346182
557.8464494,95.78910405
557.8464494,95.68474629
557.8464494,95.58038853
557.8464494,95.47603076
557.8464494,95.371673
557.8464494,95.26731524
557.8464494,95.16295748
557.8464494,95.05859971
557.8464494,94.95424195
557.8464494,94.84988419
557.8464494,94.74552642
557.8464494,94.64116866
557.8464494,94.5368109
557.8464494,94.43245314
557.8464494,94.32809537
557.8464494,94.22373761
557.8464494,94.11937985
557.8464494,94.01502208
557.8464494,93.91066432
557.8464494,93.80630656
562.0129562,96.10217734
562.0129562,95.99781958
562.0129562,95.89346182
562.0129562,95.78910405
562.0129562,95.68474629
562.0129562,95.58038853
562.0129562,95.47603076
562.0129562,95.371673
562.0129562,95.26731524
562.0129562,95.16295748
562.0129562,95.05859971
562.0129562,94.95424195
562.0129562,94.84988419
562.0129562,94.74552642
562.0129562,94.64116866
562.0129562,94.5368109
562.0129562,94.43245314
562.0129562,94.32809537
562.0129562,94.22373761
562.0129562,94.11937985
562.0129562,94.01502208
562.0129562,93.91066432
562.0129562,93.80630656
566.179463,95.99781958
566.179463,95.89346182
566.179463,95.78910405
566.179463,95.68474629
566.179463,95.58038853
566.179463,95.47603076
566.179463,95.371673
566.179463,95.26731524
566.179463,95.16295748
566.179463,95.05859971
566.179463,94.95424195
566.179463,94.84988419
566.179463,94.74552642
566.179463,94.64116866
566.179463,94.5368109
566.179463,94.43245314
566.179463,94.32809537
566.179463,94.22373761
566.179463,94.11937985
566.179463,94.01502208
566.179463,93.91066432
566.179463,93.80630656
570.3459698,95.89346182
570.3459698,95.78910405
570.3459698,95.68474629
570.3459698,95.58038853
570.3459698,95.47603076
570.3459698,95.371673
570.3459698,95.26731524
570.3459698,95.16295748
570.3459698,95.05859971
570.3459698,94.95424195
570.3459698,94.84988419
570.3459698,94.74552642
570.3459698,94.64116866
570.3459698,94.5368109
570.3459698,94.43245314
570.3459698,94.32809537
570.3459698,94.22373761
570.3459698,94.11937985
570.3459698,94.01502208
570.3459698,93.91066432
570.3459698,93.80630656
574.5124766,95.78910405
574.5124766,95.68474629
574.5124766,95.58038853
574.5124766,95.47603076
574.5124766,95.371673
574.5124766,95.26731524
574.5124766,95.16295748
574.5124766,95.05859971
574.5124766,94.95424195
574.5124766,94.84988419
574.5124766,94.74552642
574.5124766,94.64116866
574.5124766,94.5368109
574.5124766,94.43245314
574.5124766,94.32809537
574.5124766,94.22373761
574.5124766,94.11937985
574.5124766,94.01502208
574.5124766,93.91066432
574.5124766,93.80630656
578.6789834,95.68474629
578.6789834,95.58038853
578.6789834,95.47603076
578.6789834,95.371673
578.6789834,95.26731524
578.6789834,95.16295748
578.6789834,95.05859971
578.6789834,94.95424195
578.6789834,94.84988419
578.6789834,94.74552642
578.6789834,94.64116866
578.6789834,94.5368109
578.6789834,94.43245314
578.6789834,94.32809537
578.6789834,94.22373761
578.6789834,94.11937985
578.6789834,94.01502208
578.6789834,93.91066432
578.6789834,93.80630656
582.8454902,95.58038853
582.8454902,95.47603076
582.8454902,95.371673
582.8454902,95.26731524
582.8454902,95.16295748
582.8454902,95.05859971
582.8454902,94.95424195
582.8454902,94.84988419
582.8454902,94.74552642
582.8454902,94.64116866
582.8454902,94.5368109
582.8454902,94.43245314
582.8454902,94.32809537
582.8454902,94.22373761
582.8454902,94.11937985
582.8454902,94.01502208
582.8454902,93.91066432
582.8454902,93.80630656
582.8454902,93.7019488
587.0119969,95.58038853
587.0119969,95.47603076
587.0119969,95.371673
587.0119969,95.26731524
587.0119969,95.16295748
587.0119969,95.05859971
587.0119969,94.95424195
587.0119969,94.84988419
587.0119969,94.74552642
587.0119969,94.64116866
587.0119969,94.5368109
587.0119969,94.43245314
587.0119969,94.32809537
587.0119969,94.22373761
587.0119969,94.11937985
587.0119969,94.01502208
587.0119969,93.91066432
587.0119969,93.80630656
587.0119969,93.7019488
591.1785037,95.58038853
591.1785037,95.47603076
591.1785037,95.371673
591.1785037,95.26731524
591.1785037,95.16295748
591.1785037,95.05859971
591.1785037,94.95424195
591.1785037,94.84988419
591.1785037,94.74552642
591.1785037,94.64116866
591.1785037,94.5368109
591.1785037,94.43245314
591.1785037,94.32809537
591.1785037,94.22373761
591.1785037,94.11937985
591.1785037,94.01502208
591.1785037,93.91066432
591.1785037,93.80630656
591.1785037,93.7019488
591.1785037,93.59759103
595.3450105,95.58038853
595.3450105,95.47603076
595.3450105,95.371673
595.3450105,95.26731524
595.3450105,95.16295748
595.3450105,95.05859971
595.3450105,94.95424195
595.3450105,94.84988419
595.3450105,94.74552642
595.3450105,94.64116866
595.3450105,94.5368109
595.3450105,94.43245314
595.3450105,94.32809537
595.3450105,94.22373761
595.3450105,94.11937985
595.3450105,94.01502208
595.3450105,93.91066432
595.3450105,93.80630656
595.3450105,93.7019488
595.3450105,93.59759103
599.5115173,95.47603076
599.5115173,95.371673
599.5115173,95.26731524
599.5115173,95.16295748
599.5115173,95.05859971
599.5115173,94.95424195
599.5115173,94.84988419
599.5115173,94.74552642
599.5115173,94.64116866
599.5115173,94.5368109
599.5115173,94.43245314
599.5115173,94.32809537
599.5115173,94.22373761
599.5115173,94.11937985
599.5115173,94.01502208
599.5115173,93.91066432
599.5115173,93.80630656
599.5115173,93.7019488
599.5115173,93.59759103
603.6780241,95.47603076
603.6780241,95.371673
603.6780241,95.26731524
603.6780241,95.16295748
603.6780241,95.05859971
603.6780241,94.95424195
603.6780241,94.84988419
603.6780241,94.74552642
603.6780241,94.64116866
603.6780241,94.5368109
603.6780241,94.43245314
603.6780241,94.32809537
603.6780241,94.22373761
603.6780241,94.11937985
603.6780241,94.01502208
603.6780241,93.91066432
603.6780241,93.80630656
603.6780241,93.7019488
603.6780241,93.59759103
607.8445309,95.47603076
607.8445309,95.371673
607.8445309,95.26731524
607.8445309,95.16295748
607.8445309,95.05859971
607.8445309,94.95424195
607.8445309,94.84988419
607.8445309,94.74552642
607.8445309,94.64116866
607.8445309,94.5368109
607.8445309,94.43245314
607.8445309,94.32809537
607.8445309,94.22373761
607.8445309,94.11937985
607.8445309,94.01502208
607.8445309,93.91066432
607.8445309,93.80630656
607.8445309,93.7019488
607.8445309,93.59759103
612.0110377,95.47603076
612.0110377,95.371673
612.0110377,95.26731524
612.0110377,95.16295748
612.0110377,95.05859971
612.0110377,94.95424195
612.0110377,94.84988419
612.0110377,94.74552642
612.0110377,94.64116866
612.0110377,94.5368109
612.0110377,94.43245314
612.0110377,94.32809537
612.0110377,94.22373761
612.0110377,94.11937985
612.0110377,94.01502208
612.0110377,93.91066432
612.0110377,93.80630656
612.0110377,93.7019488
612.0110377,93.59759103
616.1775445,95.371673
616.1775445,95.26731524
616.1775445,95.16295748
616.1775445,95.05859971
616.1775445,94.95424195
616.1775445,94.84988419
616.1775445,94.74552642
616.1775445,94.64116866
616.1775445,94.5368109
616.1775445,94.43245314
616.1775445,94.32809537
616.1775445,94.22373761
616.1775445,94.11937985
616.1775445,94.01502208
616.1775445,93.91066432
616.1775445,93.80630656
616.1775445,93.7019488
616.1775445,93.59759103
616.1775445,93.49323327
620.3440513,95.371673
620.3440513,95.26731524
620.3440513,95.16295748
620.3440513,95.05859971
620.3440513,94.95424195
620.3440513,94.84988419
620.3440513,94.74552642
620.3440513,94.64116866
620.3440513,94.5368109
620.3440513,94.43245314
620.3440513,94.32809537
620.3440513,94.22373761
620.3440513,94.11937985
620.3440513,94.01502208
620.3440513,93.91066432
620.3440513,93.80630656
620.3440513,93.7019488
620.3440513,93.59759103
620.3440513,93.49323327
624.5105581,95.47603076
624.5105581,95.371673
624.5105581,95.26731524
624.5105581,95.16295748
624.5105581,95.05859971
624.5105581,94.95424195
624.5105581,94.84988419
624.5105581,94.74552642
624.5105581,94.64116866
624.5105581,94.5368109
624.5105581,94.43245314
624.5105581,94.32809537
624.5105581,94.22373761
624.5105581,94.11937985
624.5105581,94.01502208
624.5105581,93.91066432
624.5105581,93.80630656
624.5105581,93.7019488
624.5105581,93.59759103
624.5105581,93.49323327
628.6770649,95.47603076
628.6770649,95.371673
628.6770649,95.26731524
628.6770649,95.16295748
628.6770649,95.05859971
628.6770649,94.95424195
628.6770649,94.84988419
628.6770649,94.74552642
628.6770649,94.64116866
628.6770649,94.5368109
628.6770649,94.43245314
628.6770649,94.32809537
628.6770649,94.22373761
628.6770649,94.11937985
628.6770649,94.01502208
628.6770649,93.91066432
628.6770649,93.80630656
628.6770649,93.7019488
628.6770649,93.59759103
632.8435717,95.47603076
632.8435717,95.371673
632.8435717,95.26731524
632.8435717,95.16295748
632.8435717,95.05859971
632.8435717,94.95424195
632.8435717,94.84988419
632.8435717,94.74552642
632.8435717,94.64116866
632.8435717,94.5368109
632.8435717,94.43245314
632.8435717,94.32809537
632.8435717,94.22373761
632.8435717,94.11937985
632.8435717,94.01502208
632.8435717,93.91066432
632.8435717,93.80630656
632.8435717,93.7019488
632.8435717,93.59759103
637.0100785,95.371673
637.0100785,95.26731524
637.0100785,95.16295748
637.0100785,95.05859971
637.0100785,94.95424195
637.0100785,94.84988419
637.0100785,94.74552642
637.0100785,94.64116866
637.0100785,94.5368109
637.0100785,94.43245314
637.0100785,94.32809537
637.0100785,94.22373761
637.0100785,94.11937985
637.0100785,94.01502208
637.0100785,93.91066432
637.0100785,93.80630656
637.0100785,93.7019488
637.0100785,93.59759103
637.0100785,93.49323327
641.1765853,95.371673
641.1765853,95.26731524
641.1765853,95.16295748
641.1765853,95.05859971
641.1765853,94.95424195
641.1765853,94.84988419
641.1765853,94.74552642
641.1765853,94.64116866
641.1765853,94.5368109
641.1765853,94.43245314
641.1765853,94.32809537
641.1765853,94.22373761
641.1765853,94.11937985
641.1765853,94.01502208
641.1765853,93.91066432
641.1765853,93.80630656
641.1765853,93.7019488
641.1765853,93.59759103
641.1765853,93.49323327
645.3430921,95.371673
645.3430921,95.26731524
645.3430921,95.16295748
645.3430921,95.05859971
645.3430921,94.95424195
645.3430921,94.84988419
645.3430921,94.74552642
645.3430921,94.64116866
645.3430921,94.5368109
645.3430921,94.43245314
645.3430921,94.32809537
645.3430921,94.22373761
645.3430921,94.11937985
645.3430921,94.01502208
645.3430921,93.91066432
645.3430921,93.80630656
645.3430921,93.7019488
645.3430921,93.59759103
649.5095989,95.371673
649.5095989,95.26731524
649.5095989,95.16295748
649.5095989,95.05859971
649.5095989,94.95424195
649.5095989,94.84988419
649.5095989,94.74552642
649.5095989,94.64116866
649.5095989,94.5368109
649.5095989,94.43245314
649.5095989,94.32809537
649.5095989,94.22373761
649.5095989,94.11937985
649.5095989,94.01502208
649.5095989,93.91066432
649.5095989,93.80630656
649.5095989,93.7019488
649.5095989,93.59759103
649.5095989,93.49323327
653.6761057,95.371673
653.6761057,95.26731524
653.6761057,95.16295748
653.6761057,95.05859971
653.6761057,94.95424195
653.6761057,94.84988419
653.6761057,94.74552642
653.6761057,94.64116866
653.6761057,94.5368109
653.6761057,94.43245314
653.6761057,94.32809537
653.6761057,94.22373761
653.6761057,94.11937985
653.6761057,94.01502208
653.6761057,93.91066432
653.6761057,93.80630656
653.6761057,93.7019488
653.6761057,93.59759103
653.6761057,93.49323327
657.8426125,95.371673
657.8426125,95.26731524
657.8426125,95.16295748
657.8426125,95.05859971
657.8426125,94.95424195
657.8426125,94.84988419
657.8426125,94.74552642
657.8426125,94.64116866
657.8426125,94.5368109
657.8426125,94.43245314
657.8426125,94.32809537
657.8426125,94.22373761
657.8426125,94.11937985
657.8426125,94.01502208
657.8426125,93.91066432
657.8426125,93.80630656
657.8426125,93.7019488
657.8426125,93.59759103
657.8426125,93.49323327
662.0091193,95.371673
662.0091193,95.26731524
662.0091193,95.16295748
662.0091193,95.05859971
662.0091193,94.95424195
662.0091193,94.84988419
662.0091193,94.74552642
662.0091193,94.64116866
662.0091193,94.5368109
662.0091193,94.43245314
662.0091193,94.32809537
662.0091193,94.22373761
662.0091193,94.11937985
662.0091193,94.01502208
662.0091193,93.91066432
662.0091193,93.80630656
662.0091193,93.7019488
662.0091193,93.59759103
662.0091193,93.49323327
662.0091193,93.38887551
666.1756261,95.371673
666.1756261,95.26731524
666.1756261,95.16295748
666.1756261,95.05859971
666.1756261,94.95424195
666.1756261,94.84988419
666.1756261,94.74552642
666.1756261,94.64116866
666.1756261,94.5368109
666.1756261,94.43245314
666.1756261,94.32809537
666.1756261,94.22373761
666.1756261,94.11937985
666.1756261,94.01502208
666.1756261,93.91066432
666.1756261,93.80630656
666.1756261,93.7019488
666.1756261,93.59759103
666.1756261,93.49323327
666.1756261,93.38887551
670.3421329,95.26731524
670.3421329,95.16295748
670.3421329,95.05859971
670.3421329,94.95424195
670.3421329,94.84988419
670.3421329,94.74552642
670.3421329,94.64116866
670.3421329,94.5368109
670.3421329,94.43245314
670.3421329,94.32809537
670.3421329,94.22373761
670.3421329,94.11937985
670.3421329,94.01502208
670.3421329,93.91066432
670.3421329,93.80630656
670.3421329,93.7019488
670.3421329,93.59759103
670.3421329,93.49323327
670.3421329,93.38887551
674.5086397,95.16295748
674.5086397,95.05859971
674.5086397,94.95424195
674.5086397,94.84988419
674.5086397,94.74552642
674.5086397,94.64116866
674.5086397,94.5368109
674.5086397,94.43245314
674.5086397,94.32809537
674.5086397,94.22373761
674.5086397,94.11937985
674.5086397,94.01502208
674.5086397,93.91066432
674.5086397,93.80630656
674.5086397,93.7019488
674.5086397,93.59759103
674.5086397,93.49323327
674.5086397,93.38887551
674.5086397,93.28451774
678.6751464,95.16295748
678.6751464,95.05859971
678.6751464,94.95424195
678.6751464,94.84988419
678.6751464,94.74552642
678.6751464,94.64116866
678.6751464,94.5368109
678.6751464,94.43245314
678.6751464,94.32809537
678.6751464,94.22373761
678.6751464,94.11937985
678.6751464,94.01502208
678.6751464,93.91066432
678.6751464,93.80630656
678.6751464,93.7019488
678.6751464,93.59759103
678.6751464,93.49323327
678.6751464,93.38887551
678.6751464,93.28451774
682.8416532,95.16295748
682.8416532,95.05859971
682.8416532,94.95424195
682.8416532,94.84988419
682.8416532,94.74552642
682.8416532,94.64116866
682.8416532,94.5368109
682.8416532,94.43245314
682.8416532,94.32809537
682.8416532,94.22373761
682.8416532,94.11937985
682.8416532,94.01502208
682.8416532,93.91066432
682.8416532,93.80630656
682.8416532,93.7019488
682.8416532,93.59759103
682.8416532,93.49323327
682.8416532,93.38887551
682.8416532,93.28451774
687.00816,95.05859971
687.00816,94.95424195
687.00816,94.84988419
687.00816,94.74552642
687.00816,94.64116866
687.00816,94.5368109
687.00816,94.43245314
687.00816,94.32809537
687.00816,94.22373761
687.00816,94.11937985
687.00816,94.01502208
687.00816,93.91066432
687.00816,93.80630656
687.00816,93.7019488
687.00816,93.59759103
687.00816,93.49323327
687.00816,93.38887551
687.00816,93.28451774
691.1746668,95.05859971
691.1746668,94.95424195
691.1746668,94.84988419
691.1746668,94.74552642
691.1746668,94.64116866
691.1746668,94.5368109
691.1746668,94.43245314
691.1746668,94.32809537
691.1746668,94.22373761
691.1746668,94.11937985
691.1746668,94.01502208
691.1746668,93.91066432
691.1746668,93.80630656
691.1746668,93.7019488
691.1746668,93.59759103
691.1746668,93.49323327
691.1746668,93.38887551
691.1746668,93.28451774
695.3411736,95.05859971
695.3411736,94.95424195
695.3411736,94.84988419
695.3411736,94.74552642
695.3411736,94.64116866
695.3411736,94.5368109
695.3411736,94.43245314
695.3411736,94.32809537
695.3411736,94.22373761
695.3411736,94.11937985
695.3411736,94.01502208
695.3411736,93.91066432
695.3411736,93.80630656
695.3411736,93.7019488
695.3411736,93.59759103
695.3411736,93.49323327
695.3411736,93.38887551
695.3411736,93.28451774
695.3411736,93.18015998
699.5076804,95.05859971
699.5076804,94.95424195
699.5076804,94.84988419
699.5076804,94.74552642
699.5076804,94.64116866
699.5076804,94.5368109
699.5076804,94.43245314
699.5076804,94.32809537
699.5076804,94.22373761
699.5076804,94.11937985
699.5076804,94.01502208
699.5076804,93.91066432
699.5076804,93.80630656
699.5076804,93.7019488
699.5076804,93.59759103
699.5076804,93.49323327
699.5076804,93.38887551
699.5076804,93.28451774
699.5076804,93.18015998
699.5076804,93.07580222
703.6741872,95.05859971
703.6741872,94.95424195
703.6741872,94.84988419
703.6741872,94.74552642
703.6741872,94.64116866
703.6741872,94.5368109
703.6741872,94.43245314
703.6741872,94.32809537
703.6741872,94.22373761
703.6741872,94.11937985
703.6741872,94.01502208
703.6741872,93.91066432
703.6741872,93.80630656
703.6741872,93.7019488
703.6741872,93.59759103
703.6741872,93.49323327
703.6741872,93.38887551
703.6741872,93.28451774
703.6741872,93.18015998
703.6741872,93.07580222
707.840694,95.05859971
707.840694,94.95424195
707.840694,94.84988419
707.840694,94.74552642
707.840694,94.64116866
707.840694,94.5368109
707.840694,94.43245314
707.840694,94.32809537
707.840694,94.22373761
707.840694,94.11937985
707.840694,94.01502208
707.840694,93.91066432
707.840694,93.80630656
707.840694,93.7019488
707.840694,93.59759103
707.840694,93.49323327
707.840694,93.38887551
707.840694,93.28451774
707.840694,93.18015998
707.840694,93.07580222
707.840694,92.97144446
712.0072008,95.05859971
712.0072008,94.95424195
712.0072008,94.84988419
712.0072008,94.74552642
712.0072008,94.64116866
712.0072008,94.5368109
712.0072008,94.43245314
712.0072008,94.32809537
712.0072008,94.22373761
712.0072008,94.11937985
712.0072008,94.01502208
712.0072008,93.91066432
712.0072008,93.80630656
712.0072008,93.7019488
712.0072008,93.59759103
712.0072008,93.49323327
712.0072008,93.38887551
712.0072008,93.28451774
712.0072008,93.18015998
712.0072008,93.07580222
712.0072008,92.97144446
712.0072008,92.86708669
716.1737076,94.95424195
716.1737076,94.84988419
716.1737076,94.74552642
716.1737076,94.64116866
716.1737076,94.5368109
716.1737076,94.43245314
716.1737076,94.32809537
716.1737076,94.22373761
716.1737076,94.11937985
716.1737076,94.01502208
716.1737076,93.91066432
716.1737076,93.80630656
716.1737076,93.7019488
716.1737076,93.59759103
716.1737076,93.49323327
716.1737076,93.38887551
716.1737076,93.28451774
716.1737076,93.18015998
716.1737076,93.07580222
716.1737076,92.97144446
716.1737076,92.86708669
716.1737076,92.76272893
720.3402144,94.95424195
720.3402144,94.84988419
720.3402144,94.74552642
720.3402144,94.64116866
720.3402144,94.5368109
720.3402144,94.43245314
720.3402144,94.32809537
720.3402144,94.22373761
720.3402144,94.11937985
720.3402144,94.01502208
720.3402144,93.91066432
720.3402144,93.80630656
720.3402144,93.7019488
720.3402144,93.59759103
720.3402144,93.49323327
720.3402144,93.38887551
720.3402144,93.28451774
720.3402144,93.18015998
720.3402144,93.07580222
720.3402144,92.97144446
720.3402144,92.86708669
720.3402144,92.76272893
720.3402144,92.65837117
724.5067212,94.95424195
724.5067212,94.74552642
724.5067212,94.64116866
724.5067212,94.5368109
724.5067212,94.43245314
724.5067212,94.32809537
724.5067212,94.22373761
724.5067212,94.11937985
724.5067212,94.01502208
724.5067212,93.91066432
724.5067212,93.80630656
724.5067212,93.7019488
724.5067212,93.59759103
724.5067212,93.49323327
724.5067212,93.38887551
724.5067212,93.28451774
724.5067212,93.18015998
724.5067212,93.07580222
724.5067212,92.97144446
724.5067212,92.86708669
724.5067212,92.76272893
724.5067212,92.65837117
724.5067212,92.5540134
728.673228,94.95424195
728.673228,94.74552642
728.673228,94.64116866
728.673228,94.5368109
728.673228,94.43245314
728.673228,94.32809537
728.673228,94.22373761
728.673228,94.11937985
728.673228,94.01502208
728.673228,93.91066432
728.673228,93.80630656
728.673228,93.7019488
728.673228,93.59759103
728.673228,93.49323327
728.673228,93.38887551
728.673228,93.28451774
728.673228,93.18015998
728.673228,93.07580222
728.673228,92.97144446
728.673228,92.86708669
728.673228,92.76272893
728.673228,92.65837117
728.673228,92.5540134
728.673228,92.44965564
732.8397348,94.95424195
732.8397348,94.84988419
732.8397348,94.74552642
732.8397348,94.64116866
732.8397348,94.5368109
732.8397348,94.43245314
732.8397348,94.32809537
732.8397348,94.22373761
732.8397348,94.11937985
732.8397348,94.01502208
732.8397348,93.91066432
732.8397348,93.80630656
732.8397348,93.7019488
732.8397348,93.59759103
732.8397348,93.49323327
732.8397348,93.38887551
732.8397348,93.28451774
732.8397348,93.18015998
732.8397348,93.07580222
732.8397348,92.97144446
732.8397348,92.86708669
732.8397348,92.76272893
732.8397348,92.65837117
732.8397348,92.5540134
737.0062416,94.95424195
737.0062416,94.84988419
737.0062416,94.74552642
737.0062416,94.64116866
737.0062416,94.5368109
737.0062416,94.43245314
737.0062416,94.32809537
737.0062416,94.22373761
737.0062416,94.11937985
737.0062416,94.01502208
737.0062416,93.91066432
737.0062416,93.80630656
737.0062416,93.7019488
737.0062416,93.59759103
737.0062416,93.49323327
737.0062416,93.38887551
737.0062416,93.28451774
737.0062416,93.18015998
737.0062416,93.07580222
737.0062416,92.97144446
737.0062416,92.86708669
737.0062416,92.76272893
737.0062416,92.65837117
741.1727484,94.95424195
741.1727484,94.74552642
741.1727484,94.64116866
741.1727484,94.5368109
741.1727484,94.43245314
741.1727484,94.32809537
741.1727484,94.22373761
741.1727484,94.11937985
741.1727484,94.01502208
741.1727484,93.91066432
741.1727484,93.80630656
741.1727484,93.7019488
741.1727484,93.59759103
741.1727484,93.49323327
741.1727484,93.38887551
741.1727484,93.28451774
741.1727484,93.18015998
741.1727484,93.07580222
741.1727484,92.97144446
741.1727484,92.86708669
741.1727484,92.76272893
745.3392552,94.95424195
745.3392552,94.84988419
745.3392552,94.74552642
745.3392552,94.64116866
745.3392552,94.5368109
745.3392552,94.43245314
745.3392552,94.32809537
745.3392552,94.22373761
745.3392552,94.11937985
745.3392552,94.01502208
745.3392552,93.91066432
745.3392552,93.80630656
745.3392552,93.7019488
745.3392552,93.59759103
745.3392552,93.49323327
745.3392552,93.38887551
745.3392552,93.28451774
745.3392552,93.18015998
745.3392552,93.07580222
745.3392552,92.97144446
745.3392552,92.86708669
745.3392552,92.76272893
749.505762,94.95424195
749.505762,94.84988419
749.505762,94.74552642
749.505762,94.64116866
749.505762,94.5368109
749.505762,94.43245314
749.505762,94.32809537
749.505762,94.22373761
749.505762,94.11937985
749.505762,94.01502208
749.505762,93.91066432
749.505762,93.80630656
749.505762,93.7019488
749.505762,93.59759103
749.505762,93.49323327
749.505762,93.38887551
749.505762,93.28451774
749.505762,93.18015998
749.505762,93.07580222
749.505762,92.97144446
749.505762,92.86708669
753.6722688,94.95424195
753.6722688,94.84988419
753.6722688,94.74552642
753.6722688,94.64116866
753.6722688,94.5368109
753.6722688,94.43245314
753.6722688,94.32809537
753.6722688,94.22373761
753.6722688,94.11937985
753.6722688,94.01502208
753.6722688,93.91066432
753.6722688,93.80630656
753.6722688,93.7019488
753.6722688,93.59759103
753.6722688,93.49323327
753.6722688,93.38887551
753.6722688,93.28451774
753.6722688,93.18015998
753.6722688,93.07580222
753.6722688,92.97144446
753.6722688,92.86708669
757.8387756,94.95424195
757.8387756,94.84988419
757.8387756,94.74552642
757.8387756,94.64116866
757.8387756,94.5368109
757.8387756,94.43245314
757.8387756,94.32809537
757.8387756,94.22373761
757.8387756,94.11937985
757.8387756,94.01502208
757.8387756,93.91066432
757.8387756,93.80630656
757.8387756,93.7019488
757.8387756,93.59759103
757.8387756,93.49323327
757.8387756,93.38887551
757.8387756,93.28451774
757.8387756,93.18015998
757.8387756,93.07580222
757.8387756,92.97144446
757.8387756,92.86708669
762.0052824,94.95424195
762.0052824,94.84988419
762.0052824,94.74552642
762.0052824,94.64116866
762.0052824,94.5368109
762.0052824,94.43245314
762.0052824,94.32809537
762.0052824,94.22373761
762.0052824,94.11937985
762.0052824,94.01502208
762.0052824,93.91066432
762.0052824,93.80630656
762.0052824,93.7019488
762.0052824,93.59759103
762.0052824,93.49323327
762.0052824,93.38887551
762.0052824,93.28451774
762.0052824,93.18015998
762.0052824,93.07580222
762.0052824,92.97144446
762.0052824,92.86708669
762.0052824,92.76272893
766.1717892,94.95424195
766.1717892,94.74552642
766.1717892,94.64116866
766.1717892,94.5368109
766.1717892,94.43245314
766.1717892,94.32809537
766.1717892,94.22373761
766.1717892,94.11937985
766.1717892,94.01502208
766.1717892,93.91066432
766.1717892,93.80630656
766.1717892,93.7019488
766.1717892,93.59759103
766.1717892,93.49323327
766.1717892,93.38887551
766.1717892,93.28451774
766.1717892,93.18015998
766.1717892,93.07580222
766.1717892,92.97144446
766.1717892,92.86708669
766.1717892,92.76272893
770.3382959,94.95424195
770.3382959,94.74552642
770.3382959,94.64116866
770.3382959,94.5368109
770.3382959,94.43245314
770.3382959,94.32809537
770.3382959,94.22373761
770.3382959,94.11937985
770.3382959,94.01502208
770.3382959,93.91066432
770.3382959,93.80630656
770.3382959,93.7019488
770.3382959,93.59759103
770.3382959,93.49323327
770.3382959,93.38887551
770.3382959,93.28451774
770.3382959,93.18015998
770.3382959,93.07580222
770.3382959,92.97144446
770.3382959,92.86708669
770.3382959,92.76272893
770.3382959,92.65837117
774.5048027,94.95424195
774.5048027,94.64116866
774.5048027,94.5368109
774.5048027,94.43245314
774.5048027,94.32809537
774.5048027,94.22373761
774.5048027,94.11937985
774.5048027,94.01502208
774.5048027,93.91066432
774.5048027,93.80630656
774.5048027,93.7019488
774.5048027,93.59759103
774.5048027,93.49323327
774.5048027,93.38887551
774.5048027,93.28451774
774.5048027,93.18015998
774.5048027,93.07580222
774.5048027,92.97144446
774.5048027,92.86708669
774.5048027,92.76272893
774.5048027,92.65837117
774.5048027,92.5540134
774.5048027,92.44965564
778.6713095,94.95424195
778.6713095,94.64116866
778.6713095,94.5368109
778.6713095,94.43245314
778.6713095,94.32809537
778.6713095,94.22373761
778.6713095,94.11937985
778.6713095,94.01502208
778.6713095,93.91066432
778.6713095,93.80630656
778.6713095,93.7019488
778.6713095,93.59759103
778.6713095,93.49323327
778.6713095,93.38887551
778.6713095,93.28451774
778.6713095,93.18015998
778.6713095,93.07580222
778.6713095,92.97144446
778.6713095,92.86708669
778.6713095,92.76272893
778.6713095,92.65837117
778.6713095,92.5540134
782.8378163,94.95424195
782.8378163,94.64116866
782.8378163,94.5368109
782.8378163,94.43245314
782.8378163,94.32809537
782.8378163,94.22373761
782.8378163,94.11937985
782.8378163,94.01502208
782.8378163,93.91066432
782.8378163,93.80630656
782.8378163,93.7019488
782.8378163,93.59759103
782.8378163,93.49323327
782.8378163,93.38887551
782.8378163,93.28451774
782.8378163,93.18015998
782.8378163,93.07580222
782.8378163,92.97144446
782.8378163,92.86708669
782.8378163,92.76272893
782.8378163,92.65837117
782.8378163,92.5540134
787.0043231,94.95424195
787.0043231,94.74552642
787.0043231,94.64116866
787.0043231,94.5368109
787.0043231,94.43245314
787.0043231,94.32809537
787.0043231,94.22373761
787.0043231,94.11937985
787.0043231,94.01502208
787.0043231,93.91066432
787.0043231,93.80630656
787.0043231,93.7019488
787.0043231,93.59759103
787.0043231,93.49323327
787.0043231,93.38887551
787.0043231,93.28451774
787.0043231,93.18015998
787.0043231,93.07580222
787.0043231,92.97144446
787.0043231,92.86708669
787.0043231,92.76272893
787.0043231,92.65837117
787.0043231,92.5540134
791.1708299,94.95424195
791.1708299,94.84988419
791.1708299,94.74552642
791.1708299,94.64116866
791.1708299,94.5368109
791.1708299,94.43245314
791.1708299,94.32809537
791.1708299,94.22373761
791.1708299,94.11937985
791.1708299,94.01502208
791.1708299,93.91066432
791.1708299,93.80630656
791.1708299,93.7019488
791.1708299,93.59759103
791.1708299,93.49323327
791.1708299,93.38887551
791.1708299,93.28451774
791.1708299,93.18015998
791.1708299,93.07580222
791.1708299,92.97144446
791.1708299,92.86708669
791.1708299,92.76272893
791.1708299,92.65837117
791.1708299,92.5540134
791.1708299,92.44965564
795.3373367,94.95424195
795.3373367,94.74552642
795.3373367,94.64116866
795.3373367,94.5368109
795.3373367,94.43245314
795.3373367,94.32809537
795.3373367,94.22373761
795.3373367,94.11937985
795.3373367,94.01502208
795.3373367,93.91066432
795.3373367,93.80630656
795.3373367,93.7019488
795.3373367,93.59759103
795.3373367,93.49323327
795.3373367,93.38887551
795.3373367,93.28451774
795.3373367,93.18015998
795.3373367,93.07580222
795.3373367,92.97144446
795.3373367,92.86708669
795.3373367,92.76272893
795.3373367,92.65837117
795.3373367,92.5540134
795.3373367,92.44965564
799.5038435,94.95424195
799.5038435,94.74552642
799.5038435,94.64116866
799.5038435,94.5368109
799.5038435,94.43245314
799.5038435,94.32809537
799.5038435,94.22373761
799.5038435,94.11937985
799.5038435,94.01502208
799.5038435,93.91066432
799.5038435,93.80630656
799.5038435,93.7019488
799.5038435,93.59759103
799.5038435,93.49323327
799.5038435,93.38887551
799.5038435,93.28451774
799.5038435,93.18015998
799.5038435,93.07580222
799.5038435,92.97144446
799.5038435,92.86708669
799.5038435,92.76272893
799.5038435,92.65837117
799.5038435,92.5540134
799.5038435,92.44965564
803.6703503,94.95424195
803.6703503,94.64116866
803.6703503,94.5368109
803.6703503,94.43245314
803.6703503,94.32809537
803.6703503,94.22373761
803.6703503,94.11937985
803.6703503,94.01502208
803.6703503,93.91066432
803.6703503,93.80630656
803.6703503,93.7019488
803.6703503,93.59759103
803.6703503,93.49323327
803.6703503,93.38887551
803.6703503,93.28451774
803.6703503,93.18015998
803.6703503,93.07580222
803.6703503,92.97144446
803.6703503,92.86708669
803.6703503,92.76272893
803.6703503,92.65837117
803.6703503,92.5540134
803.6703503,92.44965564
807.8368571,94.95424195
807.8368571,94.64116866
807.8368571,94.5368109
807.8368571,94.43245314
807.8368571,94.32809537
807.8368571,94.22373761
807.8368571,94.11937985
807.8368571,94.01502208
807.8368571,93.91066432
807.8368571,93.80630656
807.8368571,93.7019488
807.8368571,93.59759103
807.8368571,93.49323327
807.8368571,93.38887551
807.8368571,93.28451774
807.8368571,93.18015998
807.8368571,93.07580222
807.8368571,92.97144446
807.8368571,92.86708669
807.8368571,92.76272893
807.8368571,92.65837117
807.8368571,92.5540134
807.8368571,92.44965564
812.0033639,94.95424195
812.0033639,94.5368109
812.0033639,94.43245314
812.0033639,94.32809537
812.0033639,94.22373761
812.0033639,94.11937985
812.0033639,94.01502208
812.0033639,93.91066432
812.0033639,93.80630656
812.0033639,93.7019488
812.0033639,93.59759103
812.0033639,93.49323327
812.0033639,93.38887551
812.0033639,93.28451774
812.0033639,93.18015998
812.0033639,93.07580222
812.0033639,92.97144446
812.0033639,92.86708669
812.0033639,92.76272893
812.0033639,92.65837117
812.0033639,92.5540134
812.0033639,92.44965564
812.0033639,92.34529788
816.1698707,94.95424195
816.1698707,94.43245314
816.1698707,94.32809537
816.1698707,94.22373761
816.1698707,94.11937985
816.1698707,94.01502208
816.1698707,93.91066432
816.1698707,93.80630656
816.1698707,93.7019488
816.1698707,93.59759103
816.1698707,93.49323327
816.1698707,93.38887551
816.1698707,93.28451774
816.1698707,93.18015998
816.1698707,93.07580222
816.1698707,92.97144446
816.1698707,92.86708669
816.1698707,92.76272893
816.1698707,92.65837117
816.1698707,92.5540134
816.1698707,92.44965564
816.1698707,92.34529788
816.1698707,92.24094012
820.3363775,94.95424195
820.3363775,94.32809537
820.3363775,94.22373761
820.3363775,94.11937985
820.3363775,94.01502208
820.3363775,93.91066432
820.3363775,93.80630656
820.3363775,93.7019488
820.3363775,93.59759103
820.3363775,93.49323327
820.3363775,93.38887551
820.3363775,93.28451774
820.3363775,93.18015998
820.3363775,93.07580222
820.3363775,92.97144446
820.3363775,92.86708669
820.3363775,92.76272893
820.3363775,92.65837117
820.3363775,92.5540134
820.3363775,92.44965564
820.3363775,92.34529788
820.3363775,92.24094012
824.5028843,94.95424195
824.5028843,94.22373761
824.5028843,94.11937985
824.5028843,94.01502208
824.5028843,93.91066432
824.5028843,93.80630656
824.5028843,93.7019488
824.5028843,93.59759103
824.5028843,93.49323327
824.5028843,93.38887551
824.5028843,93.28451774
824.5028843,93.18015998
824.5028843,93.07580222
824.5028843,92.97144446
824.5028843,92.86708669
824.5028843,92.76272893
824.5028843,92.65837117
824.5028843,92.5540134
824.5028843,92.44965564
824.5028843,92.34529788
824.5028843,92.24094012
824.5028843,92.13658235
828.6693911,94.95424195
828.6693911,94.11937985
828.6693911,94.01502208
828.6693911,93.91066432
828.6693911,93.80630656
828.6693911,93.7019488
828.6693911,93.59759103
828.6693911,93.49323327
828.6693911,93.38887551
828.6693911,93.28451774
828.6693911,93.18015998
828.6693911,93.07580222
828.6693911,92.97144446
828.6693911,92.86708669
828.6693911,92.76272893
828.6693911,92.65837117
828.6693911,92.5540134
828.6693911,92.44965564
828.6693911,92.34529788
828.6693911,92.24094012
828.6693911,92.13658235
828.6693911,92.03222459
832.8358979,94.95424195
832.8358979,94.11937985
832.8358979,94.01502208
832.8358979,93.91066432
832.8358979,93.80630656
832.8358979,93.7019488
832.8358979,93.59759103
832.8358979,93.49323327
832.8358979,93.38887551
832.8358979,93.28451774
832.8358979,93.18015998
832.8358979,93.07580222
832.8358979,92.97144446
832.8358979,92.86708669
832.8358979,92.76272893
832.8358979,92.65837117
832.8358979,92.5540134
832.8358979,92.44965564
832.8358979,92.34529788
832.8358979,92.24094012
832.8358979,92.13658235
832.8358979,92.03222459
832.8358979,91.92786683
837.0024047,94.95424195
837.0024047,94.22373761
837.0024047,94.11937985
837.0024047,94.01502208
837.0024047,93.91066432
837.0024047,93.80630656
837.0024047,93.7019488
837.0024047,93.59759103
837.0024047,93.49323327
837.0024047,93.38887551
837.0024047,93.28451774
837.0024047,93.18015998
837.0024047,93.07580222
837.0024047,92.97144446
837.0024047,92.86708669
837.0024047,92.76272893
837.0024047,92.65837117
837.0024047,92.5540134
837.0024047,92.44965564
837.0024047,92.34529788
837.0024047,92.24094012
837.0024047,92.13658235
837.0024047,92.03222459
837.0024047,91.92786683
841.1689115,94.95424195
841.1689115,94.32809537
841.1689115,94.22373761
841.1689115,94.11937985
841.1689115,94.01502208
841.1689115,93.91066432
841.1689115,93.80630656
841.1689115,93.7019488
841.1689115,93.59759103
841.1689115,93.49323327
841.1689115,93.38887551
841.1689115,93.28451774
841.1689115,93.18015998
841.1689115,93.07580222
841.1689115,92.97144446
841.1689115,92.86708669
841.1689115,92.76272893
841.1689115,92.65837117
841.1689115,92.5540134
841.1689115,92.44965564
841.1689115,92.34529788
841.1689115,92.24094012
841.1689115,92.13658235
841.1689115,92.03222459
841.1689115,91.92786683
845.3354183,94.95424195
845.3354183,94.5368109
845.3354183,94.43245314
845.3354183,94.32809537
845.3354183,94.22373761
845.3354183,94.11937985
845.3354183,94.01502208
845.3354183,93.91066432
845.3354183,93.80630656
845.3354183,93.7019488
845.3354183,93.59759103
845.3354183,93.49323327
845.3354183,93.38887551
845.3354183,93.28451774
845.3354183,93.18015998
845.3354183,93.07580222
845.3354183,92.97144446
845.3354183,92.86708669
845.3354183,92.76272893
845.3354183,92.65837117
845.3354183,92.5540134
845.3354183,92.44965564
845.3354183,92.34529788
845.3354183,92.24094012
845.3354183,92.13658235
845.3354183,92.03222459
849.5019251,94.95424195
849.5019251,94.5368109
849.5019251,94.43245314
849.5019251,94.32809537
849.5019251,94.22373761
849.5019251,94.11937985
849.5019251,94.01502208
849.5019251,93.91066432
849.5019251,93.80630656
849.5019251,93.7019488
849.5019251,93.59759103
849.5019251,93.49323327
849.5019251,93.38887551
849.5019251,93.28451774
849.5019251,93.18015998
849.5019251,93.07580222
849.5019251,92.97144446
849.5019251,92.86708669
849.5019251,92.76272893
849.5019251,92.65837117
849.5019251,92.5540134
849.5019251,92.44965564
849.5019251,92.34529788
849.5019251,92.24094012
849.5019251,92.13658235
849.5019251,92.03222459
853.6684319,94.95424195
853.6684319,94.43245314
853.6684319,94.32809537
853.6684319,94.22373761
853.6684319,94.11937985
853.6684319,94.01502208
853.6684319,93.91066432
853.6684319,93.80630656
853.6684319,93.7019488
853.6684319,93.59759103
853.6684319,93.49323327
853.6684319,93.38887551
853.6684319,93.28451774
853.6684319,93.18015998
853.6684319,93.07580222
853.6684319,92.97144446
853.6684319,92.86708669
853.6684319,92.76272893
853.6684319,92.65837117
853.6684319,92.5540134
853.6684319,92.44965564
853.6684319,92.34529788
853.6684319,92.24094012
853.6684319,92.13658235
857.8349387,94.95424195
857.8349387,94.32809537
857.8349387,94.22373761
857.8349387,94.11937985
857.8349387,94.01502208
857.8349387,93.91066432
857.8349387,93.80630656
857.8349387,93.7019488
857.8349387,93.59759103
857.8349387,93.49323327
857.8349387,93.38887551
857.8349387,93.28451774
857.8349387,93.18015998
857.8349387,93.07580222
857.8349387,92.97144446
857.8349387,92.86708669
857.8349387,92.76272893
857.8349387,92.65837117
857.8349387,92.5540134
857.8349387,92.44965564
857.8349387,92.34529788
857.8349387,92.24094012
857.8349387,92.13658235
862.0014454,94.95424195
862.0014454,94.22373761
862.0014454,94.11937985
862.0014454,94.01502208
862.0014454,93.91066432
862.0014454,93.80630656
862.0014454,93.7019488
862.0014454,93.59759103
862.0014454,93.49323327
862.0014454,93.38887551
862.0014454,93.28451774
862.0014454,93.18015998
862.0014454,93.07580222
862.0014454,92.97144446
862.0014454,92.86708669
862.0014454,92.76272893
862.0014454,92.65837117
862.0014454,92.5540134
862.0014454,92.44965564
862.0014454,92.34529788
862.0014454,92.24094012
862.0014454,92.13658235
862.0014454,92.03222459
866.1679522,94.95424195
866.1679522,94.22373761
866.1679522,94.11937985
866.1679522,94.01502208
866.1679522,93.91066432
866.1679522,93.80630656
866.1679522,93.7019488
866.1679522,93.59759103
866.1679522,93.49323327
866.1679522,93.38887551
866.1679522,93.28451774
866.1679522,93.18015998
866.1679522,93.07580222
866.1679522,92.97144446
866.1679522,92.86708669
866.1679522,92.76272893
866.1679522,92.65837117
866.1679522,92.5540134
866.1679522,92.44965564
866.1679522,92.34529788
866.1679522,92.24094012
866.1679522,92.13658235
866.1679522,92.03222459
870.334459,94.95424195
870.334459,94.32809537
870.334459,94.22373761
870.334459,94.11937985
870.334459,94.01502208
870.334459,93.91066432
870.334459,93.80630656
870.334459,93.7019488
870.334459,93.59759103
870.334459,93.49323327
870.334459,93.38887551
870.334459,93.28451774
870.334459,93.18015998
870.334459,93.07580222
870.334459,92.97144446
870.334459,92.86708669
870.334459,92.76272893
870.334459,92.65837117
870.334459,92.5540134
870.334459,92.44965564
870.334459,92.34529788
870.334459,92.24094012
870.334459,92.13658235
870.334459,92.03222459
874.5009658,94.95424195
874.5009658,94.43245314
874.5009658,94.32809537
874.5009658,94.22373761
874.5009658,94.11937985
874.5009658,94.01502208
874.5009658,93.91066432
874.5009658,93.80630656
874.5009658,93.7019488
874.5009658,93.59759103
874.5009658,93.49323327
874.5009658,93.38887551
874.5009658,93.28451774
874.5009658,93.18015998
874.5009658,93.07580222
874.5009658,92.97144446
874.5009658,92.86708669
874.5009658,92.76272893
874.5009658,92.65837117
874.5009658,92.5540134
874.5009658,92.44965564
874.5009658,92.34529788
874.5009658,92.24094012
874.5009658,92.13658235
878.6674726,94.95424195
878.6674726,94.43245314
878.6674726,94.32809537
878.6674726,94.22373761
878.6674726,94.11937985
878.6674726,94.01502208
878.6674726,93.91066432
878.6674726,93.80630656
878.6674726,93.7019488
878.6674726,93.59759103
878.6674726,93.49323327
878.6674726,93.38887551
878.6674726,93.28451774
878.6674726,93.18015998
878.6674726,93.07580222
878.6674726,92.97144446
878.6674726,92.86708669
878.6674726,92.76272893
878.6674726,92.65837117
878.6674726,92.5540134
878.6674726,92.44965564
878.6674726,92.34529788
878.6674726,92.24094012
882.8339794,94.95424195
882.8339794,94.32809537
882.8339794,94.22373761
882.8339794,94.11937985
882.8339794,94.01502208
882.8339794,93.91066432
882.8339794,93.80630656
882.8339794,93.7019488
882.8339794,93.59759103
882.8339794,93.49323327
882.8339794,93.38887551
882.8339794,93.28451774
882.8339794,93.18015998
882.8339794,93.07580222
882.8339794,92.97144446
882.8339794,92.86708669
882.8339794,92.76272893
882.8339794,92.65837117
882.8339794,92.5540134
882.8339794,92.44965564
882.8339794,92.34529788
882.8339794,92.24094012
887.0004862,94.95424195
887.0004862,94.22373761
887.0004862,94.11937985
887.0004862,94.01502208
887.0004862,93.91066432
887.0004862,93.80630656
887.0004862,93.7019488
887.0004862,93.59759103
887.0004862,93.49323327
887.0004862,93.38887551
887.0004862,93.28451774
887.0004862,93.18015998
887.0004862,93.07580222
887.0004862,92.97144446
887.0004862,92.86708669
887.0004862,92.76272893
887.0004862,92.65837117
887.0004862,92.5540134
887.0004862,92.44965564
887.0004862,92.34529788
887.0004862,92.24094012
891.166993,94.95424195
891.166993,94.32809537
891.166993,94.22373761
891.166993,94.11937985
891.166993,94.01502208
891.166993,93.91066432
891.166993,93.80630656
891.166993,93.7019488
891.166993,93.59759103
891.166993,93.49323327
891.166993,93.38887551
891.166993,93.28451774
891.166993,93.18015998
891.166993,93.07580222
891.166993,92.97144446
891.166993,92.86708669
891.166993,92.76272893
891.166993,92.65837117
891.166993,92.5540134
891.166993,92.44965564
891.166993,92.34529788
891.166993,92.24094012
891.166993,92.13658235
895.3334998,94.95424195
895.3334998,94.22373761
895.3334998,94.11937985
895.3334998,94.01502208
895.3334998,93.91066432
895.3334998,93.80630656
895.3334998,93.7019488
895.3334998,93.59759103
895.3334998,93.49323327
895.3334998,93.38887551
895.3334998,93.28451774
895.3334998,93.18015998
895.3334998,93.07580222
895.3334998,92.97144446
895.3334998,92.86708669
895.3334998,92.76272893
895.3334998,92.65837117
895.3334998,92.5540134
895.3334998,92.44965564
895.3334998,92.34529788
895.3334998,92.24094012
895.3334998,92.13658235
895.3334998,92.03222459
899.5000066,94.95424195
899.5000066,94.22373761
899.5000066,94.11937985
899.5000066,94.01502208
899.5000066,93.91066432
899.5000066,93.80630656
899.5000066,93.7019488
899.5000066,93.59759103
899.5000066,93.49323327
899.5000066,93.38887551
899.5000066,93.28451774
899.5000066,93.18015998
899.5000066,93.07580222
899.5000066,92.97144446
899.5000066,92.86708669
899.5000066,92.76272893
899.5000066,92.65837117
899.5000066,92.5540134
899.5000066,92.44965564
899.5000066,92.34529788
899.5000066,92.24094012
899.5000066,92.13658235
903.6665134,94.95424195
903.6665134,94.22373761
903.6665134,94.11937985
903.6665134,94.01502208
903.6665134,93.91066432
903.6665134,93.80630656
903.6665134,93.7019488
903.6665134,93.59759103
903.6665134,93.49323327
903.6665134,93.38887551
903.6665134,93.28451774
903.6665134,93.18015998
903.6665134,93.07580222
903.6665134,92.97144446
903.6665134,92.86708669
903.6665134,92.76272893
903.6665134,92.65837117
903.6665134,92.5540134
903.6665134,92.44965564
903.6665134,92.34529788
903.6665134,92.24094012
903.6665134,92.13658235
907.8330202,94.95424195
907.8330202,94.22373761
907.8330202,94.11937985
907.8330202,94.01502208
907.8330202,93.91066432
907.8330202,93.80630656
907.8330202,93.7019488
907.8330202,93.59759103
907.8330202,93.49323327
907.8330202,93.38887551
907.8330202,93.28451774
907.8330202,93.18015998
907.8330202,93.07580222
907.8330202,92.97144446
907.8330202,92.86708669
907.8330202,92.76272893
907.8330202,92.65837117
907.8330202,92.5540134
907.8330202,92.44965564
907.8330202,92.34529788
907.8330202,92.24094012
911.999527,94.95424195
911.999527,94.22373761
911.999527,94.11937985
911.999527,94.01502208
911.999527,93.91066432
911.999527,93.80630656
911.999527,93.7019488
911.999527,93.59759103
911.999527,93.49323327
911.999527,93.38887551
911.999527,93.28451774
911.999527,93.18015998
911.999527,93.07580222
911.999527,92.97144446
911.999527,92.86708669
911.999527,92.76272893
911.999527,92.65837117
911.999527,92.5540134
911.999527,92.44965564
911.999527,92.34529788
911.999527,92.24094012
916.1660338,94.95424195
916.1660338,94.22373761
916.1660338,94.11937985
916.1660338,94.01502208
916.1660338,93.91066432
916.1660338,93.80630656
916.1660338,93.7019488
916.1660338,93.59759103
916.1660338,93.49323327
916.1660338,93.38887551
916.1660338,93.28451774
916.1660338,93.18015998
916.1660338,93.07580222
916.1660338,92.97144446
916.1660338,92.86708669
916.1660338,92.76272893
916.1660338,92.65837117
916.1660338,92.5540134
916.1660338,92.44965564
916.1660338,92.34529788
916.1660338,92.24094012
916.1660338,92.13658235
920.3325406,94.95424195
920.3325406,94.11937985
920.3325406,94.01502208
920.3325406,93.91066432
920.3325406,93.80630656
920.3325406,93.7019488
920.3325406,93.59759103
920.3325406,93.49323327
920.3325406,93.38887551
920.3325406,93.28451774
920.3325406,93.18015998
920.3325406,93.07580222
920.3325406,92.97144446
920.3325406,92.86708669
920.3325406,92.76272893
920.3325406,92.65837117
920.3325406,92.5540134
920.3325406,92.44965564
920.3325406,92.34529788
920.3325406,92.24094012
920.3325406,92.13658235
920.3325406,92.03222459
924.4990474,94.01502208
924.4990474,93.91066432
924.4990474,93.80630656
924.4990474,93.7019488
924.4990474,93.59759103
924.4990474,93.49323327
924.4990474,93.38887551
924.4990474,93.28451774
924.4990474,93.18015998
924.4990474,93.07580222
924.4990474,92.97144446
924.4990474,92.86708669
924.4990474,92.76272893
924.4990474,92.65837117
924.4990474,92.5540134
924.4990474,92.44965564
924.4990474,92.34529788
924.4990474,92.24094012
924.4990474,92.13658235
924.4990474,92.03222459
924.4990474,91.92786683
928.6655542,93.91066432
928.6655542,93.80630656
928.6655542,93.7019488
928.6655542,93.59759103
928.6655542,93.49323327
928.6655542,93.38887551
928.6655542,93.28451774
928.6655542,93.18015998
928.6655542,93.07580222
928.6655542,92.97144446
928.6655542,92.86708669
928.6655542,92.76272893
928.6655542,92.65837117
928.6655542,92.5540134
928.6655542,92.44965564
928.6655542,92.34529788
928.6655542,92.24094012
928.6655542,92.13658235
928.6655542,92.03222459
928.6655542,91.92786683
928.6655542,91.82350906
932.832061,93.91066432
932.832061,93.80630656
932.832061,93.7019488
932.832061,93.59759103
932.832061,93.49323327
932.832061,93.38887551
932.832061,93.28451774
932.832061,93.18015998
932.832061,93.07580222
932.832061,92.97144446
932.832061,92.86708669
932.832061,92.76272893
932.832061,92.65837117
932.832061,92.5540134
932.832061,92.44965564
932.832061,92.34529788
932.832061,92.24094012
932.832061,92.13658235
932.832061,92.03222459
932.832061,91.92786683
932.832061,91.82350906
932.832061,91.7191513
932.832061,91.61479354
936.9985678,93.80630656
936.9985678,93.7019488
936.9985678,93.59759103
936.9985678,93.49323327
936.9985678,93.38887551
936.9985678,93.28451774
936.9985678,93.18015998
936.9985678,93.07580222
936.9985678,92.97144446
936.9985678,92.86708669
936.9985678,92.76272893
936.9985678,92.65837117
936.9985678,92.5540134
936.9985678,92.44965564
936.9985678,92.34529788
936.9985678,92.24094012
936.9985678,92.13658235
936.9985678,92.03222459
936.9985678,91.92786683
936.9985678,91.82350906
936.9985678,91.7191513
936.9985678,91.61479354
941.1650746,93.80630656
941.1650746,93.7019488
941.1650746,93.59759103
941.1650746,93.49323327
941.1650746,93.38887551
941.1650746,93.28451774
941.1650746,93.18015998
941.1650746,93.07580222
941.1650746,92.97144446
941.1650746,92.86708669
941.1650746,92.76272893
941.1650746,92.65837117
941.1650746,92.5540134
941.1650746,92.44965564
941.1650746,92.34529788
941.1650746,92.24094012
941.1650746,92.13658235
941.1650746,92.03222459
941.1650746,91.92786683
941.1650746,91.82350906
941.1650746,91.7191513
941.1650746,91.61479354
941.1650746,91.51043578
945.3315814,93.7019488
945.3315814,93.59759103
945.3315814,93.49323327
945.3315814,93.38887551
945.3315814,93.28451774
945.3315814,93.18015998
945.3315814,93.07580222
945.3315814,92.97144446
945.3315814,92.86708669
945.3315814,92.76272893
945.3315814,92.65837117
945.3315814,92.5540134
945.3315814,92.44965564
945.3315814,92.34529788
945.3315814,92.24094012
945.3315814,92.13658235
945.3315814,92.03222459
945.3315814,91.92786683
945.3315814,91.82350906
945.3315814,91.7191513
945.3315814,91.61479354
945.3315814,91.51043578
945.3315814,91.40607801
949.4980881,93.59759103
949.4980881,93.49323327
949.4980881,93.38887551
949.4980881,93.28451774
949.4980881,93.18015998
949.4980881,93.07580222
949.4980881,92.97144446
949.4980881,92.86708669
949.4980881,92.76272893
949.4980881,92.65837117
949.4980881,92.5540134
949.4980881,92.44965564
949.4980881,92.34529788
949.4980881,92.24094012
949.4980881,92.13658235
949.4980881,92.03222459
949.4980881,91.92786683
949.4980881,91.82350906
949.4980881,91.7191513
949.4980881,91.61479354
949.4980881,91.51043578
949.4980881,91.40607801
953.6645949,93.7019488
953.6645949,93.59759103
953.6645949,93.49323327
953.6645949,93.38887551
953.6645949,93.28451774
953.6645949,93.18015998
953.6645949,93.07580222
953.6645949,92.97144446
953.6645949,92.86708669
953.6645949,92.76272893
953.6645949,92.65837117
953.6645949,92.5540134
953.6645949,92.44965564
953.6645949,92.34529788
953.6645949,92.24094012
953.6645949,92.13658235
953.6645949,92.03222459
953.6645949,91.92786683
953.6645949,91.82350906
953.6645949,91.7191513
953.6645949,91.61479354
953.6645949,91.51043578
953.6645949,91.40607801
957.8311017,93.7019488
957.8311017,93.59759103
957.8311017,93.49323327
957.8311017,93.38887551
957.8311017,93.28451774
957.8311017,93.18015998
957.8311017,93.07580222
957.8311017,92.97144446
957.8311017,92.86708669
957.8311017,92.76272893
957.8311017,92.65837117
957.8311017,92.5540134
957.8311017,92.44965564
957.8311017,92.34529788
957.8311017,92.24094012
957.8311017,92.13658235
957.8311017,92.03222459
957.8311017,91.92786683
957.8311017,91.82350906
957.8311017,91.7191513
957.8311017,91.61479354
957.8311017,91.51043578
961.9976085,93.59759103
961.9976085,93.49323327
961.9976085,93.38887551
961.9976085,93.28451774
961.9976085,93.18015998
961.9976085,93.07580222
961.9976085,92.97144446
961.9976085,92.86708669
961.9976085,92.76272893
961.9976085,92.65837117
961.9976085,92.5540134
961.9976085,92.44965564
961.9976085,92.34529788
961.9976085,92.24094012
961.9976085,92.13658235
961.9976085,92.03222459
961.9976085,91.92786683
961.9976085,91.82350906
961.9976085,91.7191513
961.9976085,91.61479354
966.1641153,93.59759103
966.1641153,93.49323327
966.1641153,93.38887551
966.1641153,93.28451774
966.1641153,93.18015998
966.1641153,93.07580222
966.1641153,92.97144446
966.1641153,92.86708669
966.1641153,92.76272893
966.1641153,92.65837117
966.1641153,92.5540134
966.1641153,92.44965564
966.1641153,92.34529788
966.1641153,92.24094012
966.1641153,92.13658235
966.1641153,92.03222459
966.1641153,91.92786683
966.1641153,91.82350906
966.1641153,91.7191513
966.1641153,91.61479354
970.3306221,93.59759103
970.3306221,93.49323327
970.3306221,93.38887551
970.3306221,93.28451774
970.3306221,93.18015998
970.3306221,93.07580222
970.3306221,92.97144446
970.3306221,92.86708669
970.3306221,92.76272893
970.3306221,92.65837117
970.3306221,92.5540134
970.3306221,92.44965564
970.3306221,92.34529788
970.3306221,92.24094012
970.3306221,92.13658235
970.3306221,92.03222459
970.3306221,91.92786683
970.3306221,91.82350906
970.3306221,91.7191513
974.4971289,93.59759103
974.4971289,93.49323327
974.4971289,93.38887551
974.4971289,93.28451774
974.4971289,93.18015998
974.4971289,93.07580222
974.4971289,92.97144446
974.4971289,92.86708669
974.4971289,92.76272893
974.4971289,92.65837117
974.4971289,92.5540134
974.4971289,92.44965564
974.4971289,92.34529788
974.4971289,92.24094012
974.4971289,92.13658235
974.4971289,92.03222459
974.4971289,91.92786683
974.4971289,91.82350906
974.4971289,91.7191513
974.4971289,91.61479354
978.6636357,93.49323327
978.6636357,93.38887551
978.6636357,93.28451774
978.6636357,93.18015998
978.6636357,93.07580222
978.6636357,92.97144446
978.6636357,92.86708669
978.6636357,92.76272893
978.6636357,92.65837117
978.6636357,92.5540134
978.6636357,92.44965564
978.6636357,92.34529788
978.6636357,92.24094012
978.6636357,92.13658235
978.6636357,92.03222459
978.6636357,91.92786683
978.6636357,91.82350906
978.6636357,91.7191513
978.6636357,91.61479354
978.6636357,91.51043578
982.8301425,93.49323327
982.8301425,93.38887551
982.8301425,93.28451774
982.8301425,93.18015998
982.8301425,93.07580222
982.8301425,92.97144446
982.8301425,92.86708669
982.8301425,92.76272893
982.8301425,92.65837117
982.8301425,92.5540134
982.8301425,92.44965564
982.8301425,92.34529788
982.8301425,92.24094012
982.8301425,92.13658235
982.8301425,92.03222459
982.8301425,91.92786683
982.8301425,91.82350906
982.8301425,91.7191513
982.8301425,91.61479354
986.9966493,93.59759103
986.9966493,93.49323327
986.9966493,93.38887551
986.9966493,93.28451774
986.9966493,93.18015998
986.9966493,93.07580222
986.9966493,92.97144446
986.9966493,92.86708669
986.9966493,92.76272893
986.9966493,92.65837117
986.9966493,92.5540134
986.9966493,92.44965564
986.9966493,92.34529788
986.9966493,92.24094012
986.9966493,92.13658235
986.9966493,92.03222459
986.9966493,91.92786683
986.9966493,91.82350906
986.9966493,91.7191513
986.9966493,91.61479354
991.1631561,93.59759103
991.1631561,93.49323327
991.1631561,93.38887551
991.1631561,93.28451774
991.1631561,93.18015998
991.1631561,93.07580222
991.1631561,92.97144446
991.1631561,92.86708669
991.1631561,92.76272893
991.1631561,92.65837117
991.1631561,92.5540134
991.1631561,92.44965564
991.1631561,92.34529788
991.1631561,92.24094012
991.1631561,92.13658235
991.1631561,92.03222459
991.1631561,91.92786683
991.1631561,91.82350906
991.1631561,91.7191513
991.1631561,91.61479354
995.3296629,93.49323327
995.3296629,93.38887551
995.3296629,93.28451774
995.3296629,93.18015998
995.3296629,93.07580222
995.3296629,92.97144446
995.3296629,92.86708669
995.3296629,92.76272893
995.3296629,92.65837117
995.3296629,92.5540134
995.3296629,92.44965564
995.3296629,92.34529788
995.3296629,92.24094012
995.3296629,92.13658235
995.3296629,92.03222459
995.3296629,91.92786683
995.3296629,91.82350906
995.3296629,91.7191513
995.3296629,91.61479354
999.4961697,93.49323327
999.4961697,93.38887551
999.4961697,93.28451774
999.4961697,93.18015998
999.4961697,93.07580222
999.4961697,92.97144446
999.4961697,92.86708669
999.4961697,92.76272893
999.4961697,92.65837117
999.4961697,92.5540134
999.4961697,92.44965564
999.4961697,92.34529788
999.4961697,92.24094012
999.4961697,92.13658235
999.4961697,92.03222459
999.4961697,91.92786683
999.4961697,91.82350906
999.4961697,91.7191513
999.4961697,91.61479354
999.4961697,91.51043578
1003.662676,93.38887551
1003.662676,93.28451774
1003.662676,93.18015998
1003.662676,93.07580222
1003.662676,92.97144446
1003.662676,92.86708669
1003.662676,92.76272893
1003.662676,92.65837117
1003.662676,92.5540134
1003.662676,92.44965564
1003.662676,92.34529788
1003.662676,92.24094012
1003.662676,92.13658235
1003.662676,92.03222459
1003.662676,91.92786683
1003.662676,91.82350906
1003.662676,91.7191513
1003.662676,91.61479354
1003.662676,91.51043578
1007.829183,93.49323327
1007.829183,93.38887551
1007.829183,93.28451774
1007.829183,93.18015998
1007.829183,93.07580222
1007.829183,92.97144446
1007.829183,92.86708669
1007.829183,92.76272893
1007.829183,92.65837117
1007.829183,92.5540134
1007.829183,92.44965564
1007.829183,92.34529788
1007.829183,92.24094012
1007.829183,92.13658235
1007.829183,92.03222459
1007.829183,91.92786683
1007.829183,91.82350906
1007.829183,91.7191513
1007.829183,91.61479354
1007.829183,91.51043578
1011.99569,93.38887551
1011.99569,93.28451774
1011.99569,93.18015998
1011.99569,93.07580222
1011.99569,92.97144446
1011.99569,92.86708669
1011.99569,92.76272893
1011.99569,92.65837117
1011.99569,92.5540134
1011.99569,92.44965564
1011.99569,92.34529788
1011.99569,92.24094012
1011.99569,92.13658235
1011.99569,92.03222459
1011.99569,91.92786683
1011.99569,91.82350906
1011.99569,91.7191513
1011.99569,91.61479354
1011.99569,91.51043578
1011.99569,91.40607801
1016.162197,93.38887551
1016.162197,93.28451774
1016.162197,93.18015998
1016.162197,93.07580222
1016.162197,92.97144446
1016.162197,92.86708669
1016.162197,92.76272893
1016.162197,92.65837117
1016.162197,92.5540134
1016.162197,92.44965564
1016.162197,92.34529788
1016.162197,92.24094012
1016.162197,92.13658235
1016.162197,92.03222459
1016.162197,91.92786683
1016.162197,91.82350906
1016.162197,91.7191513
1016.162197,91.61479354
1016.162197,91.51043578
1016.162197,91.40607801
1020.328704,93.38887551
1020.328704,93.28451774
1020.328704,93.18015998
1020.328704,93.07580222
1020.328704,92.97144446
1020.328704,92.86708669
1020.328704,92.76272893
1020.328704,92.65837117
1020.328704,92.5540134
1020.328704,92.44965564
1020.328704,92.34529788
1020.328704,92.24094012
1020.328704,92.13658235
1020.328704,92.03222459
1020.328704,91.92786683
1020.328704,91.82350906
1020.328704,91.7191513
1020.328704,91.61479354
1020.328704,91.51043578
1020.328704,91.40607801
1024.49521,93.38887551
1024.49521,93.28451774
1024.49521,93.18015998
1024.49521,93.07580222
1024.49521,92.97144446
1024.49521,92.86708669
1024.49521,92.76272893
1024.49521,92.65837117
1024.49521,92.5540134
1024.49521,92.44965564
1024.49521,92.34529788
1024.49521,92.24094012
1024.49521,92.13658235
1024.49521,92.03222459
1024.49521,91.92786683
1024.49521,91.82350906
1024.49521,91.7191513
1024.49521,91.61479354
1024.49521,91.51043578
1028.661717,93.38887551
1028.661717,93.28451774
1028.661717,93.18015998
1028.661717,93.07580222
1028.661717,92.97144446
1028.661717,92.86708669
1028.661717,92.76272893
1028.661717,92.65837117
1028.661717,92.5540134
1028.661717,92.44965564
1028.661717,92.34529788
1028.661717,92.24094012
1028.661717,92.13658235
1028.661717,92.03222459
1028.661717,91.92786683
1028.661717,91.82350906
1028.661717,91.7191513
1028.661717,91.61479354
1028.661717,91.51043578
1032.828224,93.49323327
1032.828224,93.38887551
1032.828224,93.28451774
1032.828224,93.18015998
1032.828224,93.07580222
1032.828224,92.97144446
1032.828224,92.86708669
1032.828224,92.76272893
1032.828224,92.65837117
1032.828224,92.5540134
1032.828224,92.44965564
1032.828224,92.34529788
1032.828224,92.24094012
1032.828224,92.13658235
1032.828224,92.03222459
1032.828224,91.92786683
1032.828224,91.82350906
1032.828224,91.7191513
1032.828224,91.61479354
1032.828224,91.51043578
1036.994731,93.59759103
1036.994731,93.49323327
1036.994731,93.38887551
1036.994731,93.28451774
1036.994731,93.18015998
1036.994731,93.07580222
1036.994731,92.97144446
1036.994731,92.86708669
1036.994731,92.76272893
1036.994731,92.65837117
1036.994731,92.5540134
1036.994731,92.44965564
1036.994731,92.34529788
1036.994731,92.24094012
1036.994731,92.13658235
1036.994731,92.03222459
1036.994731,91.92786683
1036.994731,91.82350906
1036.994731,91.7191513
1036.994731,91.61479354
1036.994731,91.51043578
1041.161238,93.59759103
1041.161238,93.49323327
1041.161238,93.38887551
1041.161238,93.28451774
1041.161238,93.18015998
1041.161238,93.07580222
1041.161238,92.97144446
1041.161238,92.86708669
1041.161238,92.76272893
1041.161238,92.65837117
1041.161238,92.5540134
1041.161238,92.44965564
1041.161238,92.34529788
1041.161238,92.24094012
1041.161238,92.13658235
1041.161238,92.03222459
1041.161238,91.92786683
1041.161238,91.82350906
1041.161238,91.7191513
1041.161238,91.61479354
1041.161238,91.51043578
1045.327744,93.59759103
1045.327744,93.49323327
1045.327744,93.38887551
1045.327744,93.28451774
1045.327744,93.18015998
1045.327744,93.07580222
1045.327744,92.97144446
1045.327744,92.86708669
1045.327744,92.76272893
1045.327744,92.65837117
1045.327744,92.5540134
1045.327744,92.44965564
1045.327744,92.34529788
1045.327744,92.24094012
1045.327744,92.13658235
1045.327744,92.03222459
1045.327744,91.92786683
1045.327744,91.82350906
1045.327744,91.7191513
1045.327744,91.61479354
1045.327744,91.51043578
1045.327744,91.40607801
1049.494251,93.49323327
1049.494251,93.38887551
1049.494251,93.28451774
1049.494251,93.18015998
1049.494251,93.07580222
1049.494251,92.97144446
1049.494251,92.86708669
1049.494251,92.76272893
1049.494251,92.65837117
1049.494251,92.5540134
1049.494251,92.44965564
1049.494251,92.34529788
1049.494251,92.24094012
1049.494251,92.13658235
1049.494251,92.03222459
1049.494251,91.92786683
1049.494251,91.82350906
1049.494251,91.7191513
1049.494251,91.61479354
1049.494251,91.51043578
1049.494251,91.40607801
1053.660758,93.38887551
1053.660758,93.28451774
1053.660758,93.18015998
1053.660758,93.07580222
1053.660758,92.97144446
1053.660758,92.86708669
1053.660758,92.76272893
1053.660758,92.65837117
1053.660758,92.5540134
1053.660758,92.44965564
1053.660758,92.34529788
1053.660758,92.24094012
1053.660758,92.13658235
1053.660758,92.03222459
1053.660758,91.92786683
1053.660758,91.82350906
1053.660758,91.7191513
1053.660758,91.61479354
1053.660758,91.51043578
1053.660758,91.40607801
1057.827265,93.28451774
1057.827265,93.18015998
1057.827265,93.07580222
1057.827265,92.97144446
1057.827265,92.86708669
1057.827265,92.76272893
1057.827265,92.65837117
1057.827265,92.5540134
1057.827265,92.44965564
1057.827265,92.34529788
1057.827265,92.24094012
1057.827265,92.13658235
1057.827265,92.03222459
1057.827265,91.92786683
1057.827265,91.82350906
1057.827265,91.7191513
1057.827265,91.61479354
1057.827265,91.51043578
1057.827265,91.40607801
1061.993772,93.28451774
1061.993772,93.18015998
1061.993772,93.07580222
1061.993772,92.97144446
1061.993772,92.86708669
1061.993772,92.76272893
1061.993772,92.65837117
1061.993772,92.5540134
1061.993772,92.44965564
1061.993772,92.34529788
1061.993772,92.24094012
1061.993772,92.13658235
1061.993772,92.03222459
1061.993772,91.92786683
1061.993772,91.82350906
1061.993772,91.7191513
1061.993772,91.61479354
1061.993772,91.51043578
1061.993772,91.40607801
1061.993772,91.30172025
1066.160278,93.28451774
1066.160278,93.18015998
1066.160278,93.07580222
1066.160278,92.97144446
1066.160278,92.86708669
1066.160278,92.76272893
1066.160278,92.65837117
1066.160278,92.5540134
1066.160278,92.44965564
1066.160278,92.34529788
1066.160278,92.24094012
1066.160278,92.13658235
1066.160278,92.03222459
1066.160278,91.92786683
1066.160278,91.82350906
1066.160278,91.7191513
1066.160278,91.61479354
1066.160278,91.51043578
1066.160278,91.40607801
1066.160278,91.30172025
1066.160278,91.19736249
1070.326785,93.28451774
1070.326785,93.18015998
1070.326785,93.07580222
1070.326785,92.97144446
1070.326785,92.86708669
1070.326785,92.76272893
1070.326785,92.65837117
1070.326785,92.5540134
1070.326785,92.44965564
1070.326785,92.34529788
1070.326785,92.24094012
1070.326785,92.13658235
1070.326785,92.03222459
1070.326785,91.92786683
1070.326785,91.82350906
1070.326785,91.7191513
1070.326785,91.61479354
1070.326785,91.51043578
1070.326785,91.40607801
1070.326785,91.30172025
1070.326785,91.19736249
1070.326785,91.09300472
1074.493292,93.18015998
1074.493292,93.07580222
1074.493292,92.97144446
1074.493292,92.86708669
1074.493292,92.76272893
1074.493292,92.65837117
1074.493292,92.5540134
1074.493292,92.44965564
1074.493292,92.34529788
1074.493292,92.24094012
1074.493292,92.13658235
1074.493292,92.03222459
1074.493292,91.92786683
1074.493292,91.82350906
1074.493292,91.7191513
1074.493292,91.61479354
1074.493292,91.51043578
1074.493292,91.40607801
1074.493292,91.30172025
1074.493292,91.19736249
1074.493292,91.09300472
1078.659799,93.18015998
1078.659799,93.07580222
1078.659799,92.97144446
1078.659799,92.86708669
1078.659799,92.76272893
1078.659799,92.65837117
1078.659799,92.5540134
1078.659799,92.44965564
1078.659799,92.34529788
1078.659799,92.24094012
1078.659799,92.13658235
1078.659799,92.03222459
1078.659799,91.92786683
1078.659799,91.82350906
1078.659799,91.7191513
1078.659799,91.61479354
1078.659799,91.51043578
1078.659799,91.40607801
1078.659799,91.30172025
1078.659799,91.19736249
1078.659799,91.09300472
1082.826306,93.18015998
1082.826306,93.07580222
1082.826306,92.97144446
1082.826306,92.86708669
1082.826306,92.76272893
1082.826306,92.65837117
1082.826306,92.5540134
1082.826306,92.44965564
1082.826306,92.34529788
1082.826306,92.24094012
1082.826306,92.13658235
1082.826306,92.03222459
1082.826306,91.92786683
1082.826306,91.82350906
1082.826306,91.7191513
1082.826306,91.61479354
1082.826306,91.51043578
1082.826306,91.40607801
1082.826306,91.30172025
1082.826306,91.19736249
1082.826306,91.09300472
1086.992812,93.07580222
1086.992812,92.97144446
1086.992812,92.86708669
1086.992812,92.76272893
1086.992812,92.65837117
1086.992812,92.5540134
1086.992812,92.44965564
1086.992812,92.34529788
1086.992812,92.24094012
1086.992812,92.13658235
1086.992812,92.03222459
1086.992812,91.92786683
1086.992812,91.82350906
1086.992812,91.7191513
1086.992812,91.61479354
1086.992812,91.51043578
1086.992812,91.40607801
1086.992812,91.30172025
1086.992812,91.19736249
1086.992812,91.09300472
1091.159319,93.18015998
1091.159319,93.07580222
1091.159319,92.97144446
1091.159319,92.86708669
1091.159319,92.76272893
1091.159319,92.65837117
1091.159319,92.5540134
1091.159319,92.44965564
1091.159319,92.34529788
1091.159319,92.24094012
1091.159319,92.13658235
1091.159319,92.03222459
1091.159319,91.92786683
1091.159319,91.82350906
1091.159319,91.7191513
1091.159319,91.61479354
1091.159319,91.51043578
1091.159319,91.40607801
1091.159319,91.30172025
1091.159319,91.19736249
1091.159319,91.09300472
1091.159319,90.98864696
1095.325826,93.18015998
1095.325826,93.07580222
1095.325826,92.97144446
1095.325826,92.86708669
1095.325826,92.76272893
1095.325826,92.65837117
1095.325826,92.5540134
1095.325826,92.44965564
1095.325826,92.34529788
1095.325826,92.24094012
1095.325826,92.13658235
1095.325826,92.03222459
1095.325826,91.92786683
1095.325826,91.82350906
1095.325826,91.7191513
1095.325826,91.61479354
1095.325826,91.51043578
1095.325826,91.40607801
1095.325826,91.30172025
1095.325826,91.19736249
1095.325826,91.09300472
1099.492333,93.18015998
1099.492333,93.07580222
1099.492333,92.97144446
1099.492333,92.86708669
1099.492333,92.76272893
1099.492333,92.65837117
1099.492333,92.5540134
1099.492333,92.44965564
1099.492333,92.34529788
1099.492333,92.24094012
1099.492333,92.13658235
1099.492333,92.03222459
1099.492333,91.92786683
1099.492333,91.82350906
1099.492333,91.7191513
1099.492333,91.61479354
1099.492333,91.51043578
1099.492333,91.40607801
1099.492333,91.30172025
1099.492333,91.19736249
1103.65884,93.07580222
1103.65884,92.97144446
1103.65884,92.86708669
1103.65884,92.76272893
1103.65884,92.65837117
1103.65884,92.5540134
1103.65884,92.44965564
1103.65884,92.34529788
1103.65884,92.24094012
1103.65884,92.13658235
1103.65884,92.03222459
1103.65884,91.92786683
1103.65884,91.82350906
1103.65884,91.7191513
1103.65884,91.61479354
1103.65884,91.51043578
1103.65884,91.40607801
1103.65884,91.30172025
1103.65884,91.19736249
1103.65884,91.09300472
1107.825346,92.97144446
1107.825346,92.86708669
1107.825346,92.76272893
1107.825346,92.65837117
1107.825346,92.5540134
1107.825346,92.44965564
1107.825346,92.34529788
1107.825346,92.24094012
1107.825346,92.13658235
1107.825346,92.03222459
1107.825346,91.92786683
1107.825346,91.82350906
1107.825346,91.7191513
1107.825346,91.61479354
1107.825346,91.51043578
1107.825346,91.40607801
1107.825346,91.30172025
1107.825346,91.19736249
1107.825346,91.09300472
1111.991853,92.97144446
1111.991853,92.86708669
1111.991853,92.76272893
1111.991853,92.65837117
1111.991853,92.5540134
1111.991853,92.44965564
1111.991853,92.34529788
1111.991853,92.24094012
1111.991853,92.13658235
1111.991853,92.03222459
1111.991853,91.92786683
1111.991853,91.82350906
1111.991853,91.7191513
1111.991853,91.61479354
1111.991853,91.51043578
1111.991853,91.40607801
1111.991853,91.30172025
1111.991853,91.19736249
1111.991853,91.09300472
1116.15836,92.86708669
1116.15836,92.76272893
1116.15836,92.65837117
1116.15836,92.5540134
1116.15836,92.44965564
1116.15836,92.34529788
1116.15836,92.24094012
1116.15836,92.13658235
1116.15836,92.03222459
1116.15836,91.92786683
1116.15836,91.82350906
1116.15836,91.7191513
1116.15836,91.61479354
1116.15836,91.51043578
1116.15836,91.40607801
1116.15836,91.30172025
1116.15836,91.19736249
1116.15836,91.09300472
1116.15836,90.98864696
1120.324867,92.86708669
1120.324867,92.76272893
1120.324867,92.65837117
1120.324867,92.5540134
1120.324867,92.44965564
1120.324867,92.34529788
1120.324867,92.24094012
1120.324867,92.13658235
1120.324867,92.03222459
1120.324867,91.92786683
1120.324867,91.82350906
1120.324867,91.7191513
1120.324867,91.61479354
1120.324867,91.51043578
1120.324867,91.40607801
1120.324867,91.30172025
1120.324867,91.19736249
1120.324867,91.09300472
1120.324867,90.98864696
1124.491374,92.76272893
1124.491374,92.65837117
1124.491374,92.5540134
1124.491374,92.44965564
1124.491374,92.34529788
1124.491374,92.24094012
1124.491374,92.13658235
1124.491374,92.03222459
1124.491374,91.92786683
1124.491374,91.82350906
1124.491374,91.7191513
1124.491374,91.61479354
1124.491374,91.51043578
1124.491374,91.40607801
1124.491374,91.30172025
1124.491374,91.19736249
1124.491374,91.09300472
1124.491374,90.98864696
1124.491374,90.8842892
1128.65788,92.76272893
1128.65788,92.65837117
1128.65788,92.5540134
1128.65788,92.44965564
1128.65788,92.34529788
1128.65788,92.24094012
1128.65788,92.13658235
1128.65788,92.03222459
1128.65788,91.92786683
1128.65788,91.82350906
1128.65788,91.7191513
1128.65788,91.61479354
1128.65788,91.51043578
1128.65788,91.40607801
1128.65788,91.30172025
1128.65788,91.19736249
1128.65788,91.09300472
1128.65788,90.98864696
1128.65788,90.8842892
1128.65788,90.77993144
1132.824387,92.86708669
1132.824387,92.76272893
1132.824387,92.65837117
1132.824387,92.5540134
1132.824387,92.44965564
1132.824387,92.34529788
1132.824387,92.24094012
1132.824387,92.13658235
1132.824387,92.03222459
1132.824387,91.92786683
1132.824387,91.82350906
1132.824387,91.7191513
1132.824387,91.61479354
1132.824387,91.51043578
1132.824387,91.40607801
1132.824387,91.30172025
1132.824387,91.19736249
1132.824387,91.09300472
1132.824387,90.98864696
1132.824387,90.8842892
1136.990894,92.97144446
1136.990894,92.86708669
1136.990894,92.76272893
1136.990894,92.65837117
1136.990894,92.5540134
1136.990894,92.44965564
1136.990894,92.34529788
1136.990894,92.24094012
1136.990894,92.13658235
1136.990894,92.03222459
1136.990894,91.92786683
1136.990894,91.82350906
1136.990894,91.7191513
1136.990894,91.61479354
1136.990894,91.51043578
1136.990894,91.40607801
1136.990894,91.30172025
1136.990894,91.19736249
1136.990894,91.09300472
1136.990894,90.98864696
1136.990894,90.8842892
1141.157401,92.86708669
1141.157401,92.76272893
1141.157401,92.65837117
1141.157401,92.5540134
1141.157401,92.44965564
1141.157401,92.34529788
1141.157401,92.24094012
1141.157401,92.13658235
1141.157401,92.03222459
1141.157401,91.92786683
1141.157401,91.82350906
1141.157401,91.7191513
1141.157401,91.61479354
1141.157401,91.51043578
1141.157401,91.40607801
1141.157401,91.30172025
1141.157401,91.19736249
1141.157401,91.09300472
1141.157401,90.98864696
1141.157401,90.8842892
1145.323908,92.97144446
1145.323908,92.86708669
1145.323908,92.76272893
1145.323908,92.65837117
1145.323908,92.5540134
1145.323908,92.44965564
1145.323908,92.34529788
1145.323908,92.24094012
1145.323908,92.13658235
1145.323908,92.03222459
1145.323908,91.92786683
1145.323908,91.82350906
1145.323908,91.7191513
1145.323908,91.61479354
1145.323908,91.51043578
1145.323908,91.40607801
1145.323908,91.30172025
1145.323908,91.19736249
1145.323908,91.09300472
1145.323908,90.98864696
1145.323908,90.8842892
1149.490414,93.07580222
1149.490414,92.97144446
1149.490414,92.86708669
1149.490414,92.76272893
1149.490414,92.65837117
1149.490414,92.5540134
1149.490414,92.44965564
1149.490414,92.34529788
1149.490414,92.24094012
1149.490414,92.13658235
1149.490414,92.03222459
1149.490414,91.92786683
1149.490414,91.82350906
1149.490414,91.7191513
1149.490414,91.61479354
1149.490414,91.51043578
1149.490414,91.40607801
1149.490414,91.30172025
1149.490414,91.19736249
1149.490414,91.09300472
1149.490414,90.98864696
1153.656921,93.07580222
1153.656921,92.97144446
1153.656921,92.86708669
1153.656921,92.76272893
1153.656921,92.65837117
1153.656921,92.5540134
1153.656921,92.44965564
1153.656921,92.34529788
1153.656921,92.24094012
1153.656921,92.13658235
1153.656921,92.03222459
1153.656921,91.92786683
1153.656921,91.82350906
1153.656921,91.7191513
1153.656921,91.61479354
1153.656921,91.51043578
1153.656921,91.40607801
1153.656921,91.30172025
1153.656921,91.19736249
1153.656921,91.09300472
1153.656921,90.98864696
1157.823428,93.07580222
1157.823428,92.97144446
1157.823428,92.86708669
1157.823428,92.76272893
1157.823428,92.65837117
1157.823428,92.5540134
1157.823428,92.44965564
1157.823428,92.34529788
1157.823428,92.24094012
1157.823428,92.13658235
1157.823428,92.03222459
1157.823428,91.92786683
1157.823428,91.82350906
1157.823428,91.7191513
1157.823428,91.61479354
1157.823428,91.51043578
1157.823428,91.40607801
1157.823428,91.30172025
1157.823428,91.19736249
1157.823428,91.09300472
1157.823428,90.98864696
1161.989935,92.97144446
1161.989935,92.86708669
1161.989935,92.76272893
1161.989935,92.65837117
1161.989935,92.5540134
1161.989935,92.44965564
1161.989935,92.34529788
1161.989935,92.24094012
1161.989935,92.13658235
1161.989935,92.03222459
1161.989935,91.92786683
1161.989935,91.82350906
1161.989935,91.7191513
1161.989935,91.61479354
1161.989935,91.51043578
1161.989935,91.40607801
1161.989935,91.30172025
1161.989935,91.19736249
1161.989935,91.09300472
1161.989935,90.98864696
1161.989935,90.8842892
1166.156442,92.86708669
1166.156442,92.76272893
1166.156442,92.65837117
1166.156442,92.5540134
1166.156442,92.44965564
1166.156442,92.34529788
1166.156442,92.24094012
1166.156442,92.13658235
1166.156442,92.03222459
1166.156442,91.92786683
1166.156442,91.82350906
1166.156442,91.7191513
1166.156442,91.61479354
1166.156442,91.51043578
1166.156442,91.40607801
1166.156442,91.30172025
1166.156442,91.19736249
1166.156442,91.09300472
1166.156442,90.98864696
1166.156442,90.8842892
1170.322948,92.76272893
1170.322948,92.65837117
1170.322948,92.5540134
1170.322948,92.44965564
1170.322948,92.34529788
1170.322948,92.24094012
1170.322948,92.13658235
1170.322948,92.03222459
1170.322948,91.92786683
1170.322948,91.82350906
1170.322948,91.7191513
1170.322948,91.61479354
1170.322948,91.51043578
1170.322948,91.40607801
1170.322948,91.30172025
1170.322948,91.19736249
1170.322948,91.09300472
1170.322948,90.98864696
1170.322948,90.8842892
1174.489455,92.65837117
1174.489455,92.5540134
1174.489455,92.44965564
1174.489455,92.34529788
1174.489455,92.24094012
1174.489455,92.13658235
1174.489455,92.03222459
1174.489455,91.92786683
1174.489455,91.82350906
1174.489455,91.7191513
1174.489455,91.61479354
1174.489455,91.51043578
1174.489455,91.40607801
1174.489455,91.30172025
1174.489455,91.19736249
1174.489455,91.09300472
1174.489455,90.98864696
1174.489455,90.8842892
1178.655962,92.65837117
1178.655962,92.5540134
1178.655962,92.44965564
1178.655962,92.34529788
1178.655962,92.24094012
1178.655962,92.13658235
1178.655962,92.03222459
1178.655962,91.92786683
1178.655962,91.82350906
1178.655962,91.7191513
1178.655962,91.61479354
1178.655962,91.51043578
1178.655962,91.40607801
1178.655962,91.30172025
1178.655962,91.19736249
1178.655962,91.09300472
1178.655962,90.98864696
1178.655962,90.8842892
1178.655962,90.77993144
1182.822469,92.65837117
1182.822469,92.5540134
1182.822469,92.44965564
1182.822469,92.34529788
1182.822469,92.24094012
1182.822469,92.13658235
1182.822469,92.03222459
1182.822469,91.92786683
1182.822469,91.82350906
1182.822469,91.7191513
1182.822469,91.61479354
1182.822469,91.51043578
1182.822469,91.40607801
1182.822469,91.30172025
1182.822469,91.19736249
1182.822469,91.09300472
1182.822469,90.98864696
1182.822469,90.8842892
1182.822469,90.77993144
1186.988975,92.65837117
1186.988975,92.5540134
1186.988975,92.44965564
1186.988975,92.34529788
1186.988975,92.24094012
1186.988975,92.13658235
1186.988975,92.03222459
1186.988975,91.92786683
1186.988975,91.82350906
1186.988975,91.7191513
1186.988975,91.61479354
1186.988975,91.51043578
1186.988975,91.40607801
1186.988975,91.30172025
1186.988975,91.19736249
1186.988975,91.09300472
1186.988975,90.98864696
1186.988975,90.8842892
1186.988975,90.77993144
1191.155482,92.65837117
1191.155482,92.5540134
1191.155482,92.44965564
1191.155482,92.34529788
1191.155482,92.24094012
1191.155482,92.13658235
1191.155482,92.03222459
1191.155482,91.92786683
1191.155482,91.82350906
1191.155482,91.7191513
1191.155482,91.61479354
1191.155482,91.51043578
1191.155482,91.40607801
1191.155482,91.30172025
1191.155482,91.19736249
1191.155482,91.09300472
1191.155482,90.98864696
1191.155482,90.8842892
1191.155482,90.77993144
1191.155482,90.67557367
1195.321989,92.5540134
1195.321989,92.44965564
1195.321989,92.34529788
1195.321989,92.24094012
1195.321989,92.13658235
1195.321989,92.03222459
1195.321989,91.92786683
1195.321989,91.82350906
1195.321989,91.7191513
1195.321989,91.61479354
1195.321989,91.51043578
1195.321989,91.40607801
1195.321989,91.30172025
1195.321989,91.19736249
1195.321989,91.09300472
1195.321989,90.98864696
1195.321989,90.8842892
1195.321989,90.77993144
1195.321989,90.67557367
1195.321989,90.57121591
1195.321989,90.46685815
1199.488496,92.44965564
1199.488496,92.34529788
1199.488496,92.24094012
1199.488496,92.13658235
1199.488496,92.03222459
1199.488496,91.92786683
1199.488496,91.82350906
1199.488496,91.7191513
1199.488496,91.61479354
1199.488496,91.51043578
1199.488496,91.40607801
1199.488496,91.30172025
1199.488496,91.19736249
1199.488496,91.09300472
1199.488496,90.98864696
1199.488496,90.8842892
1199.488496,90.77993144
1199.488496,90.67557367
1199.488496,90.57121591
1199.488496,90.46685815
1199.488496,90.36250039
1203.655003,92.5540134
1203.655003,92.44965564
1203.655003,92.34529788
1203.655003,92.24094012
1203.655003,92.13658235
1203.655003,92.03222459
1203.655003,91.92786683
1203.655003,91.82350906
1203.655003,91.7191513
1203.655003,91.61479354
1203.655003,91.51043578
1203.655003,91.40607801
1203.655003,91.30172025
1203.655003,91.19736249
1203.655003,91.09300472
1203.655003,90.98864696
1203.655003,90.8842892
1203.655003,90.77993144
1203.655003,90.67557367
1203.655003,90.57121591
1203.655003,90.46685815
1207.821509,92.5540134
1207.821509,92.44965564
1207.821509,92.34529788
1207.821509,92.24094012
1207.821509,92.13658235
1207.821509,92.03222459
1207.821509,91.92786683
1207.821509,91.82350906
1207.821509,91.7191513
1207.821509,91.61479354
1207.821509,91.51043578
1207.821509,91.40607801
1207.821509,91.30172025
1207.821509,91.19736249
1207.821509,91.09300472
1207.821509,90.98864696
1207.821509,90.8842892
1207.821509,90.77993144
1207.821509,90.67557367
1207.821509,90.57121591
1211.988016,92.44965564
1211.988016,92.34529788
1211.988016,92.24094012
1211.988016,92.13658235
1211.988016,92.03222459
1211.988016,91.92786683
1211.988016,91.82350906
1211.988016,91.7191513
1211.988016,91.61479354
1211.988016,91.51043578
1211.988016,91.40607801
1211.988016,91.30172025
1211.988016,91.19736249
1211.988016,91.09300472
1211.988016,90.98864696
1211.988016,90.8842892
1211.988016,90.77993144
1211.988016,90.67557367
1211.988016,90.57121591
1216.154523,92.5540134
1216.154523,92.44965564
1216.154523,92.34529788
1216.154523,92.24094012
1216.154523,92.13658235
1216.154523,92.03222459
1216.154523,91.92786683
1216.154523,91.82350906
1216.154523,91.7191513
1216.154523,91.61479354
1216.154523,91.51043578
1216.154523,91.40607801
1216.154523,91.30172025
1216.154523,91.19736249
1216.154523,91.09300472
1216.154523,90.98864696
1216.154523,90.8842892
1216.154523,90.77993144
1216.154523,90.67557367
1216.154523,90.57121591
1220.32103,92.5540134
1220.32103,92.44965564
1220.32103,92.34529788
1220.32103,92.24094012
1220.32103,92.13658235
1220.32103,92.03222459
1220.32103,91.92786683
1220.32103,91.82350906
1220.32103,91.7191513
1220.32103,91.61479354
1220.32103,91.51043578
1220.32103,91.40607801
1220.32103,91.30172025
1220.32103,91.19736249
1220.32103,91.09300472
1220.32103,90.98864696
1220.32103,90.8842892
1220.32103,90.77993144
1220.32103,90.67557367
1224.487537,92.44965564
1224.487537,92.34529788
1224.487537,92.24094012
1224.487537,92.13658235
1224.487537,92.03222459
1224.487537,91.92786683
1224.487537,91.82350906
1224.487537,91.7191513
1224.487537,91.61479354
1224.487537,91.51043578
1224.487537,91.40607801
1224.487537,91.30172025
1224.487537,91.19736249
1224.487537,91.09300472
1224.487537,90.98864696
1224.487537,90.8842892
1224.487537,90.77993144
1224.487537,90.67557367
1224.487537,90.57121591
1228.654043,92.5540134
1228.654043,92.44965564
1228.654043,92.34529788
1228.654043,92.24094012
1228.654043,92.13658235
1228.654043,92.03222459
1228.654043,91.92786683
1228.654043,91.82350906
1228.654043,91.7191513
1228.654043,91.61479354
1228.654043,91.51043578
1228.654043,91.40607801
1228.654043,91.30172025
1228.654043,91.19736249
1228.654043,91.09300472
1228.654043,90.98864696
1228.654043,90.8842892
1228.654043,90.77993144
1228.654043,90.67557367
1228.654043,90.57121591
1228.654043,90.46685815
1232.82055,92.5540134
1232.82055,92.44965564
1232.82055,92.34529788
1232.82055,92.24094012
1232.82055,92.13658235
1232.82055,92.03222459
1232.82055,91.92786683
1232.82055,91.82350906
1232.82055,91.7191513
1232.82055,91.61479354
1232.82055,91.51043578
1232.82055,91.40607801
1232.82055,91.30172025
1232.82055,91.19736249
1232.82055,91.09300472
1232.82055,90.98864696
1232.82055,90.8842892
1232.82055,90.77993144
1232.82055,90.67557367
1232.82055,90.57121591
1232.82055,90.46685815
1236.987057,92.44965564
1236.987057,92.34529788
1236.987057,92.24094012
1236.987057,92.13658235
1236.987057,92.03222459
1236.987057,91.92786683
1236.987057,91.82350906
1236.987057,91.7191513
1236.987057,91.61479354
1236.987057,91.51043578
1236.987057,91.40607801
1236.987057,91.30172025
1236.987057,91.19736249
1236.987057,91.09300472
1236.987057,90.98864696
1236.987057,90.8842892
1236.987057,90.77993144
1236.987057,90.67557367
1236.987057,90.57121591
1236.987057,90.46685815
1241.153564,92.34529788
1241.153564,92.24094012
1241.153564,92.13658235
1241.153564,92.03222459
1241.153564,91.92786683
1241.153564,91.82350906
1241.153564,91.7191513
1241.153564,91.61479354
1241.153564,91.51043578
1241.153564,91.40607801
1241.153564,91.30172025
1241.153564,91.19736249
1241.153564,91.09300472
1241.153564,90.98864696
1241.153564,90.8842892
1241.153564,90.77993144
1241.153564,90.67557367
1241.153564,90.57121591
1241.153564,90.46685815
1241.153564,90.36250039
1241.153564,89.94506933
1245.320071,92.34529788
1245.320071,92.24094012
1245.320071,92.13658235
1245.320071,92.03222459
1245.320071,91.92786683
1245.320071,91.82350906
1245.320071,91.7191513
1245.320071,91.61479354
1245.320071,91.51043578
1245.320071,91.40607801
1245.320071,91.30172025
1245.320071,91.19736249
1245.320071,91.09300472
1245.320071,90.98864696
1245.320071,90.8842892
1245.320071,90.77993144
1245.320071,90.67557367
1245.320071,90.57121591
1245.320071,90.46685815
1245.320071,89.94506933
1249.486577,92.34529788
1249.486577,92.24094012
1249.486577,92.13658235
1249.486577,92.03222459
1249.486577,91.92786683
1249.486577,91.82350906
1249.486577,91.7191513
1249.486577,91.61479354
1249.486577,91.51043578
1249.486577,91.40607801
1249.486577,91.30172025
1249.486577,91.19736249
1249.486577,91.09300472
1249.486577,90.98864696
1249.486577,90.8842892
1249.486577,90.77993144
1249.486577,90.67557367
1249.486577,90.57121591
1249.486577,90.46685815
1249.486577,89.94506933
1253.653084,92.34529788
1253.653084,92.24094012
1253.653084,92.13658235
1253.653084,92.03222459
1253.653084,91.92786683
1253.653084,91.82350906
1253.653084,91.7191513
1253.653084,91.61479354
1253.653084,91.51043578
1253.653084,91.40607801
1253.653084,91.30172025
1253.653084,91.19736249
1253.653084,91.09300472
1253.653084,90.98864696
1253.653084,90.8842892
1253.653084,90.77993144
1253.653084,90.67557367
1253.653084,90.57121591
1253.653084,90.46685815
1253.653084,89.94506933
1257.819591,92.34529788
1257.819591,92.24094012
1257.819591,92.13658235
1257.819591,92.03222459
1257.819591,91.92786683
1257.819591,91.82350906
1257.819591,91.7191513
1257.819591,91.61479354
1257.819591,91.51043578
1257.819591,91.40607801
1257.819591,91.30172025
1257.819591,91.19736249
1257.819591,91.09300472
1257.819591,90.98864696
1257.819591,90.8842892
1257.819591,90.77993144
1257.819591,90.67557367
1257.819591,90.57121591
1257.819591,90.46685815
1257.819591,90.36250039
1257.819591,89.94506933
1261.986098,92.24094012
1261.986098,92.13658235
1261.986098,92.03222459
1261.986098,91.92786683
1261.986098,91.82350906
1261.986098,91.7191513
1261.986098,91.61479354
1261.986098,91.51043578
1261.986098,91.40607801
1261.986098,91.30172025
1261.986098,91.19736249
1261.986098,91.09300472
1261.986098,90.98864696
1261.986098,90.8842892
1261.986098,90.77993144
1261.986098,90.67557367
1261.986098,90.57121591
1261.986098,90.46685815
1261.986098,90.36250039
1261.986098,89.94506933
1266.152605,92.13658235
1266.152605,92.03222459
1266.152605,91.92786683
1266.152605,91.82350906
1266.152605,91.7191513
1266.152605,91.61479354
1266.152605,91.51043578
1266.152605,91.40607801
1266.152605,91.30172025
1266.152605,91.19736249
1266.152605,91.09300472
1266.152605,90.98864696
1266.152605,90.8842892
1266.152605,90.77993144
1266.152605,90.67557367
1266.152605,90.57121591
1266.152605,90.46685815
1266.152605,90.36250039
1266.152605,90.25814262
1266.152605,89.94506933
1270.319111,92.13658235
1270.319111,92.03222459
1270.319111,91.92786683
1270.319111,91.82350906
1270.319111,91.7191513
1270.319111,91.61479354
1270.319111,91.51043578
1270.319111,91.40607801
1270.319111,91.30172025
1270.319111,91.19736249
1270.319111,91.09300472
1270.319111,90.98864696
1270.319111,90.8842892
1270.319111,90.77993144
1270.319111,90.67557367
1270.319111,90.57121591
1270.319111,90.46685815
1270.319111,90.36250039
1270.319111,90.25814262
1270.319111,89.94506933
1274.485618,92.13658235
1274.485618,92.03222459
1274.485618,91.92786683
1274.485618,91.82350906
1274.485618,91.7191513
1274.485618,91.61479354
1274.485618,91.51043578
1274.485618,91.40607801
1274.485618,91.30172025
1274.485618,91.19736249
1274.485618,91.09300472
1274.485618,90.98864696
1274.485618,90.8842892
1274.485618,90.77993144
1274.485618,90.67557367
1274.485618,90.57121591
1274.485618,90.46685815
1274.485618,90.36250039
1274.485618,90.25814262
1274.485618,90.0494271
1274.485618,89.94506933
1278.652125,92.03222459
1278.652125,91.92786683
1278.652125,91.82350906
1278.652125,91.7191513
1278.652125,91.61479354
1278.652125,91.51043578
1278.652125,91.40607801
1278.652125,91.30172025
1278.652125,91.19736249
1278.652125,91.09300472
1278.652125,90.98864696
1278.652125,90.8842892
1278.652125,90.77993144
1278.652125,90.67557367
1278.652125,90.57121591
1278.652125,90.46685815
1278.652125,90.36250039
1278.652125,90.25814262
1278.652125,90.15378486
1278.652125,90.0494271
1278.652125,89.94506933
1282.818632,92.03222459
1282.818632,91.92786683
1282.818632,91.82350906
1282.818632,91.7191513
1282.818632,91.61479354
1282.818632,91.51043578
1282.818632,91.40607801
1282.818632,91.30172025
1282.818632,91.19736249
1282.818632,91.09300472
1282.818632,90.98864696
1282.818632,90.8842892
1282.818632,90.77993144
1282.818632,90.67557367
1282.818632,90.57121591
1282.818632,90.46685815
1282.818632,90.36250039
1282.818632,90.25814262
1282.818632,90.15378486
1282.818632,90.0494271
1282.818632,89.94506933
1286.985139,92.03222459
1286.985139,91.92786683
1286.985139,91.82350906
1286.985139,91.7191513
1286.985139,91.61479354
1286.985139,91.51043578
1286.985139,91.40607801
1286.985139,91.30172025
1286.985139,91.19736249
1286.985139,91.09300472
1286.985139,90.98864696
1286.985139,90.8842892
1286.985139,90.77993144
1286.985139,90.67557367
1286.985139,90.57121591
1286.985139,90.46685815
1286.985139,90.36250039
1286.985139,90.25814262
1286.985139,90.15378486
1286.985139,90.0494271
1286.985139,89.94506933
1291.151645,91.92786683
1291.151645,91.82350906
1291.151645,91.7191513
1291.151645,91.61479354
1291.151645,91.51043578
1291.151645,91.40607801
1291.151645,91.30172025
1291.151645,91.19736249
1291.151645,91.09300472
1291.151645,90.98864696
1291.151645,90.8842892
1291.151645,90.77993144
1291.151645,90.67557367
1291.151645,90.57121591
1291.151645,90.46685815
1291.151645,90.36250039
1291.151645,90.25814262
1291.151645,90.15378486
1291.151645,90.0494271
1291.151645,89.94506933
1295.318152,91.92786683
1295.318152,91.82350906
1295.318152,91.7191513
1295.318152,91.61479354
1295.318152,91.51043578
1295.318152,91.40607801
1295.318152,91.30172025
1295.318152,91.19736249
1295.318152,91.09300472
1295.318152,90.98864696
1295.318152,90.8842892
1295.318152,90.77993144
1295.318152,90.67557367
1295.318152,90.57121591
1295.318152,90.46685815
1295.318152,90.36250039
1295.318152,90.25814262
1295.318152,90.15378486
1295.318152,90.0494271
1295.318152,89.94506933
1299.484659,92.03222459
1299.484659,91.92786683
1299.484659,91.82350906
1299.484659,91.7191513
1299.484659,91.61479354
1299.484659,91.51043578
1299.484659,91.40607801
1299.484659,91.30172025
1299.484659,91.19736249
1299.484659,91.09300472
1299.484659,90.98864696
1299.484659,90.8842892
1299.484659,90.77993144
1299.484659,90.67557367
1299.484659,90.57121591
1299.484659,90.46685815
1299.484659,90.36250039
1299.484659,90.25814262
1299.484659,90.15378486
1299.484659,90.0494271
1299.484659,89.94506933
1303.651166,92.13658235
1303.651166,92.03222459
1303.651166,91.92786683
1303.651166,91.82350906
1303.651166,91.7191513
1303.651166,91.61479354
1303.651166,91.51043578
1303.651166,91.40607801
1303.651166,91.30172025
1303.651166,91.19736249
1303.651166,91.09300472
1303.651166,90.98864696
1303.651166,90.8842892
1303.651166,90.77993144
1303.651166,90.67557367
1303.651166,90.57121591
1303.651166,90.46685815
1303.651166,90.36250039
1303.651166,90.25814262
1303.651166,90.15378486
1303.651166,90.0494271
1303.651166,89.94506933
1307.817673,92.03222459
1307.817673,91.92786683
1307.817673,91.82350906
1307.817673,91.7191513
1307.817673,91.61479354
1307.817673,91.51043578
1307.817673,91.40607801
1307.817673,91.30172025
1307.817673,91.19736249
1307.817673,91.09300472
1307.817673,90.98864696
1307.817673,90.8842892
1307.817673,90.77993144
1307.817673,90.67557367
1307.817673,90.57121591
1307.817673,90.46685815
1307.817673,90.36250039
1307.817673,90.25814262
1307.817673,90.15378486
1307.817673,90.0494271
1307.817673,89.94506933
1311.984179,91.92786683
1311.984179,91.82350906
1311.984179,91.7191513
1311.984179,91.61479354
1311.984179,91.51043578
1311.984179,91.40607801
1311.984179,91.30172025
1311.984179,91.19736249
1311.984179,91.09300472
1311.984179,90.98864696
1311.984179,90.8842892
1311.984179,90.77993144
1311.984179,90.67557367
1311.984179,90.57121591
1311.984179,90.46685815
1311.984179,90.36250039
1311.984179,90.25814262
1311.984179,90.15378486
1311.984179,90.0494271
1311.984179,89.94506933
1316.150686,92.03222459
1316.150686,91.92786683
1316.150686,91.82350906
1316.150686,91.7191513
1316.150686,91.61479354
1316.150686,91.51043578
1316.150686,91.40607801
1316.150686,91.30172025
1316.150686,91.19736249
1316.150686,91.09300472
1316.150686,90.98864696
1316.150686,90.8842892
1316.150686,90.77993144
1316.150686,90.67557367
1316.150686,90.57121591
1316.150686,90.46685815
1316.150686,90.36250039
1316.150686,90.25814262
1316.150686,90.15378486
1316.150686,90.0494271
1316.150686,89.94506933
1320.317193,92.03222459
1320.317193,91.92786683
1320.317193,91.82350906
1320.317193,91.7191513
1320.317193,91.61479354
1320.317193,91.51043578
1320.317193,91.40607801
1320.317193,91.30172025
1320.317193,91.19736249
1320.317193,91.09300472
1320.317193,90.98864696
1320.317193,90.8842892
1320.317193,90.77993144
1320.317193,90.67557367
1320.317193,90.57121591
1320.317193,90.46685815
1320.317193,90.36250039
1320.317193,90.25814262
1320.317193,90.15378486
1320.317193,90.0494271
1320.317193,89.94506933
1324.4837,92.03222459
1324.4837,91.92786683
1324.4837,91.82350906
1324.4837,91.7191513
1324.4837,91.61479354
1324.4837,91.51043578
1324.4837,91.40607801
1324.4837,91.30172025
1324.4837,91.19736249
1324.4837,91.09300472
1324.4837,90.98864696
1324.4837,90.8842892
1324.4837,90.77993144
1324.4837,90.67557367
1324.4837,90.57121591
1324.4837,90.46685815
1324.4837,90.36250039
1324.4837,90.25814262
1324.4837,90.15378486
1324.4837,90.0494271
1324.4837,89.94506933
1328.650207,92.13658235
1328.650207,92.03222459
1328.650207,91.92786683
1328.650207,91.82350906
1328.650207,91.7191513
1328.650207,91.61479354
1328.650207,91.51043578
1328.650207,91.40607801
1328.650207,91.30172025
1328.650207,91.19736249
1328.650207,91.09300472
1328.650207,90.98864696
1328.650207,90.8842892
1328.650207,90.77993144
1328.650207,90.67557367
1328.650207,90.57121591
1328.650207,90.46685815
1328.650207,90.36250039
1328.650207,90.25814262
1328.650207,90.15378486
1328.650207,90.0494271
1328.650207,89.94506933
1332.816713,92.24094012
1332.816713,92.13658235
1332.816713,92.03222459
1332.816713,91.92786683
1332.816713,91.82350906
1332.816713,91.7191513
1332.816713,91.61479354
1332.816713,91.51043578
1332.816713,91.40607801
1332.816713,91.30172025
1332.816713,91.19736249
1332.816713,91.09300472
1332.816713,90.98864696
1332.816713,90.8842892
1332.816713,90.77993144
1332.816713,90.67557367
1332.816713,90.57121591
1332.816713,90.46685815
1332.816713,90.36250039
1332.816713,90.25814262
1332.816713,90.15378486
1332.816713,90.0494271
1332.816713,89.94506933
1336.98322,92.13658235
1336.98322,92.03222459
1336.98322,91.92786683
1336.98322,91.82350906
1336.98322,91.7191513
1336.98322,91.61479354
1336.98322,91.51043578
1336.98322,91.40607801
1336.98322,91.30172025
1336.98322,91.19736249
1336.98322,91.09300472
1336.98322,90.98864696
1336.98322,90.8842892
1336.98322,90.77993144
1336.98322,90.67557367
1336.98322,90.57121591
1336.98322,90.46685815
1336.98322,90.36250039
1336.98322,90.25814262
1336.98322,90.15378486
1336.98322,90.0494271
1336.98322,89.94506933
1341.149727,92.13658235
1341.149727,92.03222459
1341.149727,91.92786683
1341.149727,91.82350906
1341.149727,91.7191513
1341.149727,91.61479354
1341.149727,91.51043578
1341.149727,91.40607801
1341.149727,91.30172025
1341.149727,91.19736249
1341.149727,91.09300472
1341.149727,90.98864696
1341.149727,90.8842892
1341.149727,90.77993144
1341.149727,90.67557367
1341.149727,90.57121591
1341.149727,90.46685815
1341.149727,90.36250039
1341.149727,90.25814262
1341.149727,90.15378486
1341.149727,90.0494271
1341.149727,89.94506933
1345.316234,92.03222459
1345.316234,91.92786683
1345.316234,91.82350906
1345.316234,91.7191513
1345.316234,91.61479354
1345.316234,91.51043578
1345.316234,91.40607801
1345.316234,91.30172025
1345.316234,91.19736249
1345.316234,91.09300472
1345.316234,90.98864696
1345.316234,90.8842892
1345.316234,90.77993144
1345.316234,90.67557367
1345.316234,90.57121591
1345.316234,90.46685815
1345.316234,90.36250039
1345.316234,90.25814262
1345.316234,90.15378486
1345.316234,90.0494271
1345.316234,89.94506933
1349.482741,92.13658235
1349.482741,92.03222459
1349.482741,91.92786683
1349.482741,91.82350906
1349.482741,91.7191513
1349.482741,91.61479354
1349.482741,91.51043578
1349.482741,91.40607801
1349.482741,91.30172025
1349.482741,91.19736249
1349.482741,91.09300472
1349.482741,90.98864696
1349.482741,90.8842892
1349.482741,90.77993144
1349.482741,90.67557367
1349.482741,90.57121591
1349.482741,90.46685815
1349.482741,90.36250039
1349.482741,90.25814262
1349.482741,90.15378486
1349.482741,90.0494271
1349.482741,89.94506933
1353.649247,92.03222459
1353.649247,91.92786683
1353.649247,91.82350906
1353.649247,91.7191513
1353.649247,91.61479354
1353.649247,91.51043578
1353.649247,91.40607801
1353.649247,91.30172025
1353.649247,91.19736249
1353.649247,91.09300472
1353.649247,90.98864696
1353.649247,90.8842892
1353.649247,90.77993144
1353.649247,90.67557367
1353.649247,90.57121591
1353.649247,90.46685815
1353.649247,90.36250039
1353.649247,90.25814262
1353.649247,90.15378486
1353.649247,90.0494271
1353.649247,89.94506933
1357.815754,91.92786683
1357.815754,91.82350906
1357.815754,91.7191513
1357.815754,91.61479354
1357.815754,91.51043578
1357.815754,91.40607801
1357.815754,91.30172025
1357.815754,91.19736249
1357.815754,91.09300472
1357.815754,90.98864696
1357.815754,90.8842892
1357.815754,90.77993144
1357.815754,90.67557367
1357.815754,90.57121591
1357.815754,90.46685815
1357.815754,90.36250039
1357.815754,90.25814262
1357.815754,90.15378486
1357.815754,90.0494271
1357.815754,89.94506933
1361.982261,91.82350906
1361.982261,91.7191513
1361.982261,91.61479354
1361.982261,91.51043578
1361.982261,91.40607801
1361.982261,91.30172025
1361.982261,91.19736249
1361.982261,91.09300472
1361.982261,90.98864696
1361.982261,90.8842892
1361.982261,90.77993144
1361.982261,90.67557367
1361.982261,90.57121591
1361.982261,90.46685815
1361.982261,90.36250039
1361.982261,90.25814262
1361.982261,90.15378486
1361.982261,90.0494271
1361.982261,89.94506933
1366.148768,91.82350906
1366.148768,91.7191513
1366.148768,91.61479354
1366.148768,91.51043578
1366.148768,91.40607801
1366.148768,91.30172025
1366.148768,91.19736249
1366.148768,91.09300472
1366.148768,90.98864696
1366.148768,90.8842892
1366.148768,90.77993144
1366.148768,90.67557367
1366.148768,90.57121591
1366.148768,90.46685815
1366.148768,90.36250039
1366.148768,90.25814262
1366.148768,90.15378486
1366.148768,90.0494271
1366.148768,89.94506933
1370.315274,91.92786683
1370.315274,91.82350906
1370.315274,91.7191513
1370.315274,91.61479354
1370.315274,91.51043578
1370.315274,91.40607801
1370.315274,91.30172025
1370.315274,91.19736249
1370.315274,91.09300472
1370.315274,90.98864696
1370.315274,90.8842892
1370.315274,90.77993144
1370.315274,90.67557367
1370.315274,90.57121591
1370.315274,90.46685815
1370.315274,90.36250039
1370.315274,90.25814262
1370.315274,90.15378486
1370.315274,90.0494271
1370.315274,89.94506933
1374.481781,91.92786683
1374.481781,91.82350906
1374.481781,91.7191513
1374.481781,91.61479354
1374.481781,91.51043578
1374.481781,91.40607801
1374.481781,91.30172025
1374.481781,91.19736249
1374.481781,91.09300472
1374.481781,90.98864696
1374.481781,90.8842892
1374.481781,90.77993144
1374.481781,90.67557367
1374.481781,90.57121591
1374.481781,90.46685815
1374.481781,90.36250039
1374.481781,90.25814262
1374.481781,90.15378486
1374.481781,90.0494271
1374.481781,89.94506933
1378.648288,91.82350906
1378.648288,91.7191513
1378.648288,91.61479354
1378.648288,91.51043578
1378.648288,91.40607801
1378.648288,91.30172025
1378.648288,91.19736249
1378.648288,91.09300472
1378.648288,90.98864696
1378.648288,90.8842892
1378.648288,90.77993144
1378.648288,90.67557367
1378.648288,90.57121591
1378.648288,90.46685815
1378.648288,90.36250039
1378.648288,90.25814262
1378.648288,90.15378486
1378.648288,90.0494271
1378.648288,89.94506933
1382.814795,91.82350906
1382.814795,91.7191513
1382.814795,91.61479354
1382.814795,91.51043578
1382.814795,91.40607801
1382.814795,91.30172025
1382.814795,91.19736249
1382.814795,91.09300472
1382.814795,90.98864696
1382.814795,90.8842892
1382.814795,90.77993144
1382.814795,90.67557367
1382.814795,90.57121591
1382.814795,90.46685815
1382.814795,90.36250039
1382.814795,90.25814262
1382.814795,90.15378486
1382.814795,90.0494271
1382.814795,89.94506933
1386.981302,91.82350906
1386.981302,91.7191513
1386.981302,91.61479354
1386.981302,91.51043578
1386.981302,91.40607801
1386.981302,91.30172025
1386.981302,91.19736249
1386.981302,91.09300472
1386.981302,90.98864696
1386.981302,90.8842892
1386.981302,90.77993144
1386.981302,90.67557367
1386.981302,90.57121591
1386.981302,90.46685815
1386.981302,90.36250039
1386.981302,90.25814262
1386.981302,90.15378486
1386.981302,90.0494271
1386.981302,89.94506933
1391.147808,91.82350906
1391.147808,91.7191513
1391.147808,91.61479354
1391.147808,91.51043578
1391.147808,91.40607801
1391.147808,91.30172025
1391.147808,91.19736249
1391.147808,91.09300472
1391.147808,90.98864696
1391.147808,90.8842892
1391.147808,90.77993144
1391.147808,90.67557367
1391.147808,90.57121591
1391.147808,90.46685815
1391.147808,90.36250039
1391.147808,90.25814262
1391.147808,90.15378486
1391.147808,90.0494271
1391.147808,89.94506933
1395.314315,91.82350906
1395.314315,91.7191513
1395.314315,91.61479354
1395.314315,91.51043578
1395.314315,91.40607801
1395.314315,91.30172025
1395.314315,91.19736249
1395.314315,91.09300472
1395.314315,90.98864696
1395.314315,90.8842892
1395.314315,90.77993144
1395.314315,90.67557367
1395.314315,90.57121591
1395.314315,90.46685815
1395.314315,90.36250039
1395.314315,90.25814262
1395.314315,90.15378486
1395.314315,90.0494271
1395.314315,89.94506933
1395.314315,89.84071157
1399.480822,91.82350906
1399.480822,91.7191513
1399.480822,91.61479354
1399.480822,91.51043578
1399.480822,91.40607801
1399.480822,91.30172025
1399.480822,91.19736249
1399.480822,91.09300472
1399.480822,90.98864696
1399.480822,90.8842892
1399.480822,90.77993144
1399.480822,90.67557367
1399.480822,90.57121591
1399.480822,90.46685815
1399.480822,90.36250039
1399.480822,90.25814262
1399.480822,90.15378486
1399.480822,90.0494271
1399.480822,89.94506933
1399.480822,89.84071157
1403.647329,91.7191513
1403.647329,91.61479354
1403.647329,91.51043578
1403.647329,91.40607801
1403.647329,91.30172025
1403.647329,91.19736249
1403.647329,91.09300472
1403.647329,90.98864696
1403.647329,90.8842892
1403.647329,90.77993144
1403.647329,90.67557367
1403.647329,90.57121591
1403.647329,90.46685815
1403.647329,90.36250039
1403.647329,90.25814262
1403.647329,90.15378486
1403.647329,90.0494271
1403.647329,89.94506933
1403.647329,89.84071157
1403.647329,89.73635381
1407.813836,91.61479354
1407.813836,91.51043578
1407.813836,91.40607801
1407.813836,91.30172025
1407.813836,91.19736249
1407.813836,91.09300472
1407.813836,90.98864696
1407.813836,90.8842892
1407.813836,90.77993144
1407.813836,90.67557367
1407.813836,90.57121591
1407.813836,90.46685815
1407.813836,90.36250039
1407.813836,90.25814262
1407.813836,90.15378486
1407.813836,90.0494271
1407.813836,89.94506933
1407.813836,89.84071157
1407.813836,89.73635381
1411.980342,91.61479354
1411.980342,91.51043578
1411.980342,91.40607801
1411.980342,91.30172025
1411.980342,91.19736249
1411.980342,91.09300472
1411.980342,90.98864696
1411.980342,90.8842892
1411.980342,90.77993144
1411.980342,90.67557367
1411.980342,90.57121591
1411.980342,90.46685815
1411.980342,90.36250039
1411.980342,90.25814262
1411.980342,90.15378486
1411.980342,90.0494271
1411.980342,89.94506933
1411.980342,89.84071157
1411.980342,89.73635381
1416.146849,91.7191513
1416.146849,91.61479354
1416.146849,91.51043578
1416.146849,91.40607801
1416.146849,91.30172025
1416.146849,91.19736249
1416.146849,91.09300472
1416.146849,90.98864696
1416.146849,90.8842892
1416.146849,90.77993144
1416.146849,90.67557367
1416.146849,90.57121591
1416.146849,90.46685815
1416.146849,90.36250039
1416.146849,90.25814262
1416.146849,90.15378486
1416.146849,90.0494271
1416.146849,89.94506933
1416.146849,89.84071157
1416.146849,89.73635381
1420.313356,91.7191513
1420.313356,91.61479354
1420.313356,91.51043578
1420.313356,91.40607801
1420.313356,91.30172025
1420.313356,91.19736249
1420.313356,91.09300472
1420.313356,90.98864696
1420.313356,90.8842892
1420.313356,90.77993144
1420.313356,90.67557367
1420.313356,90.57121591
1420.313356,90.46685815
1420.313356,90.36250039
1420.313356,90.25814262
1420.313356,90.15378486
1420.313356,90.0494271
1420.313356,89.94506933
1420.313356,89.84071157
1420.313356,89.73635381
1424.479863,91.7191513
1424.479863,91.61479354
1424.479863,91.51043578
1424.479863,91.40607801
1424.479863,91.30172025
1424.479863,91.19736249
1424.479863,91.09300472
1424.479863,90.98864696
1424.479863,90.8842892
1424.479863,90.77993144
1424.479863,90.67557367
1424.479863,90.57121591
1424.479863,90.46685815
1424.479863,90.36250039
1424.479863,90.25814262
1424.479863,90.15378486
1424.479863,90.0494271
1424.479863,89.94506933
1424.479863,89.84071157
1428.64637,91.7191513
1428.64637,91.61479354
1428.64637,91.51043578
1428.64637,91.40607801
1428.64637,91.30172025
1428.64637,91.19736249
1428.64637,91.09300472
1428.64637,90.98864696
1428.64637,90.8842892
1428.64637,90.77993144
1428.64637,90.67557367
1428.64637,90.57121591
1428.64637,90.46685815
1428.64637,90.36250039
1428.64637,90.25814262
1428.64637,90.15378486
1428.64637,90.0494271
1428.64637,89.94506933
1428.64637,89.84071157
1428.64637,89.73635381
1432.812876,91.61479354
1432.812876,91.51043578
1432.812876,91.40607801
1432.812876,91.30172025
1432.812876,91.19736249
1432.812876,91.09300472
1432.812876,90.98864696
1432.812876,90.8842892
1432.812876,90.77993144
1432.812876,90.67557367
1432.812876,90.57121591
1432.812876,90.46685815
1432.812876,90.36250039
1432.812876,90.25814262
1432.812876,90.15378486
1432.812876,90.0494271
1432.812876,89.94506933
1432.812876,89.84071157
1432.812876,89.73635381
1436.979383,91.61479354
1436.979383,91.51043578
1436.979383,91.40607801
1436.979383,91.30172025
1436.979383,91.19736249
1436.979383,91.09300472
1436.979383,90.98864696
1436.979383,90.8842892
1436.979383,90.77993144
1436.979383,90.67557367
1436.979383,90.57121591
1436.979383,90.46685815
1436.979383,90.36250039
1436.979383,90.25814262
1436.979383,90.15378486
1436.979383,90.0494271
1436.979383,89.94506933
1436.979383,89.84071157
1436.979383,89.73635381
1441.14589,91.61479354
1441.14589,91.51043578
1441.14589,91.40607801
1441.14589,91.30172025
1441.14589,91.19736249
1441.14589,91.09300472
1441.14589,90.98864696
1441.14589,90.8842892
1441.14589,90.77993144
1441.14589,90.67557367
1441.14589,90.57121591
1441.14589,90.46685815
1441.14589,90.36250039
1441.14589,90.25814262
1441.14589,90.15378486
1441.14589,90.0494271
1441.14589,89.94506933
1441.14589,89.84071157
1441.14589,89.73635381
1445.312397,91.61479354
1445.312397,91.51043578
1445.312397,91.40607801
1445.312397,91.30172025
1445.312397,91.19736249
1445.312397,91.09300472
1445.312397,90.98864696
1445.312397,90.8842892
1445.312397,90.77993144
1445.312397,90.67557367
1445.312397,90.57121591
1445.312397,90.46685815
1445.312397,90.36250039
1445.312397,90.25814262
1445.312397,90.15378486
1445.312397,90.0494271
1445.312397,89.94506933
1445.312397,89.84071157
1445.312397,89.73635381
1445.312397,89.63199605
1449.478904,91.61479354
1449.478904,91.51043578
1449.478904,91.40607801
1449.478904,91.30172025
1449.478904,91.19736249
1449.478904,91.09300472
1449.478904,90.98864696
1449.478904,90.8842892
1449.478904,90.77993144
1449.478904,90.67557367
1449.478904,90.57121591
1449.478904,90.46685815
1449.478904,90.36250039
1449.478904,90.25814262
1449.478904,90.15378486
1449.478904,90.0494271
1449.478904,89.94506933
1449.478904,89.84071157
1449.478904,89.73635381
1449.478904,89.63199605
1453.64541,91.51043578
1453.64541,91.40607801
1453.64541,91.30172025
1453.64541,91.19736249
1453.64541,91.09300472
1453.64541,90.98864696
1453.64541,90.8842892
1453.64541,90.77993144
1453.64541,90.67557367
1453.64541,90.57121591
1453.64541,90.46685815
1453.64541,90.36250039
1453.64541,90.25814262
1453.64541,90.15378486
1453.64541,90.0494271
1453.64541,89.94506933
1453.64541,89.84071157
1453.64541,89.73635381
1453.64541,89.63199605
1457.811917,91.51043578
1457.811917,91.40607801
1457.811917,91.30172025
1457.811917,91.19736249
1457.811917,91.09300472
1457.811917,90.98864696
1457.811917,90.8842892
1457.811917,90.77993144
1457.811917,90.67557367
1457.811917,90.57121591
1457.811917,90.46685815
1457.811917,90.36250039
1457.811917,90.25814262
1457.811917,90.15378486
1457.811917,90.0494271
1457.811917,89.94506933
1457.811917,89.84071157
1457.811917,89.73635381
1457.811917,89.63199605
1461.978424,91.51043578
1461.978424,91.40607801
1461.978424,91.30172025
1461.978424,91.19736249
1461.978424,91.09300472
1461.978424,90.98864696
1461.978424,90.8842892
1461.978424,90.77993144
1461.978424,90.67557367
1461.978424,90.57121591
1461.978424,90.46685815
1461.978424,90.36250039
1461.978424,90.25814262
1461.978424,90.15378486
1461.978424,90.0494271
1461.978424,89.94506933
1461.978424,89.84071157
1461.978424,89.73635381
1461.978424,89.63199605
1466.144931,91.40607801
1466.144931,91.30172025
1466.144931,91.19736249
1466.144931,91.09300472
1466.144931,90.98864696
1466.144931,90.8842892
1466.144931,90.77993144
1466.144931,90.67557367
1466.144931,90.57121591
1466.144931,90.46685815
1466.144931,90.36250039
1466.144931,90.25814262
1466.144931,90.15378486
1466.144931,90.0494271
1466.144931,89.94506933
1466.144931,89.84071157
1466.144931,89.73635381
1466.144931,89.63199605
1470.311438,91.40607801
1470.311438,91.30172025
1470.311438,91.19736249
1470.311438,91.09300472
1470.311438,90.98864696
1470.311438,90.8842892
1470.311438,90.77993144
1470.311438,90.67557367
1470.311438,90.57121591
1470.311438,90.46685815
1470.311438,90.36250039
1470.311438,90.25814262
1470.311438,90.15378486
1470.311438,90.0494271
1470.311438,89.94506933
1470.311438,89.84071157
1470.311438,89.73635381
1470.311438,89.63199605
1474.477944,91.51043578
1474.477944,91.40607801
1474.477944,91.30172025
1474.477944,91.19736249
1474.477944,91.09300472
1474.477944,90.98864696
1474.477944,90.8842892
1474.477944,90.77993144
1474.477944,90.67557367
1474.477944,90.57121591
1474.477944,90.46685815
1474.477944,90.36250039
1474.477944,90.25814262
1474.477944,90.15378486
1474.477944,90.0494271
1474.477944,89.94506933
1474.477944,89.84071157
1474.477944,89.73635381
1474.477944,89.63199605
1478.644451,91.51043578
1478.644451,91.40607801
1478.644451,91.30172025
1478.644451,91.19736249
1478.644451,91.09300472
1478.644451,90.98864696
1478.644451,90.8842892
1478.644451,90.77993144
1478.644451,90.67557367
1478.644451,90.57121591
1478.644451,90.46685815
1478.644451,90.36250039
1478.644451,90.25814262
1478.644451,90.15378486
1478.644451,90.0494271
1478.644451,89.94506933
1478.644451,89.84071157
1478.644451,89.73635381
1478.644451,89.63199605
1478.644451,89.52763828
1482.810958,91.61479354
1482.810958,91.51043578
1482.810958,91.40607801
1482.810958,91.30172025
1482.810958,91.19736249
1482.810958,91.09300472
1482.810958,90.98864696
1482.810958,90.8842892
1482.810958,90.77993144
1482.810958,90.67557367
1482.810958,90.57121591
1482.810958,90.46685815
1482.810958,90.36250039
1482.810958,90.25814262
1482.810958,90.15378486
1482.810958,90.0494271
1482.810958,89.94506933
1482.810958,89.84071157
1482.810958,89.73635381
1482.810958,89.63199605
1482.810958,89.52763828
1486.977465,91.61479354
1486.977465,91.51043578
1486.977465,91.40607801
1486.977465,91.30172025
1486.977465,91.19736249
1486.977465,91.09300472
1486.977465,90.98864696
1486.977465,90.8842892
1486.977465,90.77993144
1486.977465,90.67557367
1486.977465,90.57121591
1486.977465,90.46685815
1486.977465,90.36250039
1486.977465,90.25814262
1486.977465,90.15378486
1486.977465,90.0494271
1486.977465,89.94506933
1486.977465,89.84071157
1486.977465,89.73635381
1486.977465,89.63199605
1486.977465,89.52763828
1491.143972,91.61479354
1491.143972,91.51043578
1491.143972,91.40607801
1491.143972,91.30172025
1491.143972,91.19736249
1491.143972,91.09300472
1491.143972,90.98864696
1491.143972,90.8842892
1491.143972,90.77993144
1491.143972,90.67557367
1491.143972,90.57121591
1491.143972,90.46685815
1491.143972,90.36250039
1491.143972,90.25814262
1491.143972,90.15378486
1491.143972,90.0494271
1491.143972,89.94506933
1491.143972,89.84071157
1491.143972,89.73635381
1491.143972,89.63199605
1491.143972,89.52763828
1495.310478,91.51043578
1495.310478,91.40607801
1495.310478,91.30172025
1495.310478,91.19736249
1495.310478,91.09300472
1495.310478,90.98864696
1495.310478,90.8842892
1495.310478,90.77993144
1495.310478,90.67557367
1495.310478,90.57121591
1495.310478,90.46685815
1495.310478,90.36250039
1495.310478,90.25814262
1495.310478,90.15378486
1495.310478,90.0494271
1495.310478,89.94506933
1495.310478,89.84071157
1495.310478,89.73635381
1495.310478,89.63199605
1495.310478,89.52763828
1495.310478,89.42328052
1499.476985,91.51043578
1499.476985,91.40607801
1499.476985,91.30172025
1499.476985,91.19736249
1499.476985,91.09300472
1499.476985,90.98864696
1499.476985,90.8842892
1499.476985,90.77993144
1499.476985,90.67557367
1499.476985,90.57121591
1499.476985,90.46685815
1499.476985,90.36250039
1499.476985,90.25814262
1499.476985,90.15378486
1499.476985,90.0494271
1499.476985,89.94506933
1499.476985,89.84071157
1499.476985,89.73635381
1499.476985,89.63199605
1499.476985,89.52763828
1499.476985,89.42328052
1503.643492,91.51043578
1503.643492,91.40607801
1503.643492,91.30172025
1503.643492,91.19736249
1503.643492,91.09300472
1503.643492,90.98864696
1503.643492,90.8842892
1503.643492,90.77993144
1503.643492,90.67557367
1503.643492,90.57121591
1503.643492,90.46685815
1503.643492,90.36250039
1503.643492,90.25814262
1503.643492,90.15378486
1503.643492,90.0494271
1503.643492,89.94506933
1503.643492,89.84071157
1503.643492,89.73635381
1503.643492,89.63199605
1503.643492,89.52763828
1503.643492,89.42328052
1507.809999,91.40607801
1507.809999,91.30172025
1507.809999,91.19736249
1507.809999,91.09300472
1507.809999,90.98864696
1507.809999,90.8842892
1507.809999,90.77993144
1507.809999,90.67557367
1507.809999,90.57121591
1507.809999,90.46685815
1507.809999,90.36250039
1507.809999,90.25814262
1507.809999,90.15378486
1507.809999,90.0494271
1507.809999,89.94506933
1507.809999,89.84071157
1507.809999,89.73635381
1507.809999,89.63199605
1507.809999,89.52763828
1507.809999,89.42328052
1507.809999,89.31892276
1511.976506,91.19736249
1511.976506,91.09300472
1511.976506,90.98864696
1511.976506,90.8842892
1511.976506,90.77993144
1511.976506,90.67557367
1511.976506,90.57121591
1511.976506,90.46685815
1511.976506,90.36250039
1511.976506,90.25814262
1511.976506,90.15378486
1511.976506,90.0494271
1511.976506,89.94506933
1511.976506,89.84071157
1511.976506,89.73635381
1511.976506,89.63199605
1511.976506,89.52763828
1511.976506,89.42328052
1511.976506,89.31892276
1511.976506,89.21456499
1516.143012,91.19736249
1516.143012,91.09300472
1516.143012,90.98864696
1516.143012,90.8842892
1516.143012,90.77993144
1516.143012,90.67557367
1516.143012,90.57121591
1516.143012,90.46685815
1516.143012,90.36250039
1516.143012,90.25814262
1516.143012,90.15378486
1516.143012,90.0494271
1516.143012,89.94506933
1516.143012,89.84071157
1516.143012,89.73635381
1516.143012,89.63199605
1516.143012,89.52763828
1516.143012,89.42328052
1516.143012,89.31892276
1520.309519,91.09300472
1520.309519,90.98864696
1520.309519,90.8842892
1520.309519,90.77993144
1520.309519,90.67557367
1520.309519,90.57121591
1520.309519,90.46685815
1520.309519,90.36250039
1520.309519,90.25814262
1520.309519,90.15378486
1520.309519,90.0494271
1520.309519,89.94506933
1520.309519,89.84071157
1520.309519,89.73635381
1520.309519,89.63199605
1520.309519,89.52763828
1520.309519,89.42328052
1520.309519,89.31892276
1520.309519,89.21456499
1524.476026,91.09300472
1524.476026,90.98864696
1524.476026,90.8842892
1524.476026,90.77993144
1524.476026,90.67557367
1524.476026,90.57121591
1524.476026,90.46685815
1524.476026,90.36250039
1524.476026,90.25814262
1524.476026,90.15378486
1524.476026,90.0494271
1524.476026,89.94506933
1524.476026,89.84071157
1524.476026,89.73635381
1524.476026,89.63199605
1524.476026,89.52763828
1524.476026,89.42328052
1524.476026,89.31892276
1524.476026,89.21456499
1528.642533,91.09300472
1528.642533,90.98864696
1528.642533,90.8842892
1528.642533,90.77993144
1528.642533,90.67557367
1528.642533,90.57121591
1528.642533,90.46685815
1528.642533,90.36250039
1528.642533,90.25814262
1528.642533,90.15378486
1528.642533,90.0494271
1528.642533,89.94506933
1528.642533,89.84071157
1528.642533,89.73635381
1528.642533,89.63199605
1528.642533,89.52763828
1528.642533,89.42328052
1528.642533,89.31892276
1528.642533,89.21456499
1532.80904,91.09300472
1532.80904,90.98864696
1532.80904,90.8842892
1532.80904,90.77993144
1532.80904,90.67557367
1532.80904,90.57121591
1532.80904,90.46685815
1532.80904,90.36250039
1532.80904,90.25814262
1532.80904,90.15378486
1532.80904,90.0494271
1532.80904,89.94506933
1532.80904,89.84071157
1532.80904,89.73635381
1532.80904,89.63199605
1532.80904,89.52763828
1532.80904,89.42328052
1532.80904,89.31892276
1532.80904,89.21456499
1536.975546,91.09300472
1536.975546,90.98864696
1536.975546,90.8842892
1536.975546,90.77993144
1536.975546,90.67557367
1536.975546,90.57121591
1536.975546,90.46685815
1536.975546,90.36250039
1536.975546,90.25814262
1536.975546,90.15378486
1536.975546,90.0494271
1536.975546,89.94506933
1536.975546,89.84071157
1536.975546,89.73635381
1536.975546,89.63199605
1536.975546,89.52763828
1536.975546,89.42328052
1536.975546,89.31892276
1536.975546,89.21456499
1541.142053,91.19736249
1541.142053,91.09300472
1541.142053,90.98864696
1541.142053,90.8842892
1541.142053,90.77993144
1541.142053,90.67557367
1541.142053,90.57121591
1541.142053,90.46685815
1541.142053,90.36250039
1541.142053,90.25814262
1541.142053,90.15378486
1541.142053,90.0494271
1541.142053,89.94506933
1541.142053,89.84071157
1541.142053,89.73635381
1541.142053,89.63199605
1541.142053,89.52763828
1541.142053,89.42328052
1541.142053,89.31892276
1541.142053,89.21456499
1545.30856,91.19736249
1545.30856,91.09300472
1545.30856,90.98864696
1545.30856,90.8842892
1545.30856,90.77993144
1545.30856,90.67557367
1545.30856,90.57121591
1545.30856,90.46685815
1545.30856,90.36250039
1545.30856,90.25814262
1545.30856,90.15378486
1545.30856,90.0494271
1545.30856,89.94506933
1545.30856,89.84071157
1545.30856,89.73635381
1545.30856,89.63199605
1545.30856,89.52763828
1545.30856,89.42328052
1545.30856,89.31892276
1545.30856,89.21456499
1549.475067,91.19736249
1549.475067,91.09300472
1549.475067,90.98864696
1549.475067,90.8842892
1549.475067,90.77993144
1549.475067,90.67557367
1549.475067,90.57121591
1549.475067,90.46685815
1549.475067,90.36250039
1549.475067,90.25814262
1549.475067,90.15378486
1549.475067,90.0494271
1549.475067,89.94506933
1549.475067,89.84071157
1549.475067,89.73635381
1549.475067,89.63199605
1549.475067,89.52763828
1549.475067,89.42328052
1549.475067,89.31892276
1549.475067,89.21456499
1553.641573,91.09300472
1553.641573,90.98864696
1553.641573,90.8842892
1553.641573,90.77993144
1553.641573,90.67557367
1553.641573,90.57121591
1553.641573,90.46685815
1553.641573,90.36250039
1553.641573,90.25814262
1553.641573,90.15378486
1553.641573,90.0494271
1553.641573,89.94506933
1553.641573,89.84071157
1553.641573,89.73635381
1553.641573,89.63199605
1553.641573,89.52763828
1553.641573,89.42328052
1553.641573,89.31892276
1553.641573,89.21456499
1553.641573,89.11020723
1557.80808,91.09300472
1557.80808,90.98864696
1557.80808,90.8842892
1557.80808,90.77993144
1557.80808,90.67557367
1557.80808,90.57121591
1557.80808,90.46685815
1557.80808,90.36250039
1557.80808,90.25814262
1557.80808,90.15378486
1557.80808,90.0494271
1557.80808,89.94506933
1557.80808,89.84071157
1557.80808,89.73635381
1557.80808,89.63199605
1557.80808,89.52763828
1557.80808,89.42328052
1557.80808,89.31892276
1557.80808,89.21456499
1561.974587,91.09300472
1561.974587,90.98864696
1561.974587,90.8842892
1561.974587,90.77993144
1561.974587,90.67557367
1561.974587,90.57121591
1561.974587,90.46685815
1561.974587,90.36250039
1561.974587,90.25814262
1561.974587,90.15378486
1561.974587,90.0494271
1561.974587,89.94506933
1561.974587,89.84071157
1561.974587,89.73635381
1561.974587,89.63199605
1561.974587,89.52763828
1561.974587,89.42328052
1561.974587,89.31892276
1561.974587,89.21456499
1561.974587,89.11020723
1566.141094,90.98864696
1566.141094,90.8842892
1566.141094,90.77993144
1566.141094,90.67557367
1566.141094,90.57121591
1566.141094,90.46685815
1566.141094,90.36250039
1566.141094,90.25814262
1566.141094,90.15378486
1566.141094,90.0494271
1566.141094,89.94506933
1566.141094,89.84071157
1566.141094,89.73635381
1566.141094,89.63199605
1566.141094,89.52763828
1566.141094,89.42328052
1566.141094,89.31892276
1566.141094,89.21456499
1566.141094,89.11020723
1570.307601,90.98864696
1570.307601,90.8842892
1570.307601,90.77993144
1570.307601,90.67557367
1570.307601,90.57121591
1570.307601,90.46685815
1570.307601,90.36250039
1570.307601,90.25814262
1570.307601,90.15378486
1570.307601,90.0494271
1570.307601,89.94506933
1570.307601,89.84071157
1570.307601,89.73635381
1570.307601,89.63199605
1570.307601,89.52763828
1570.307601,89.42328052
1570.307601,89.31892276
1570.307601,89.21456499
1570.307601,89.11020723
1574.474107,90.98864696
1574.474107,90.8842892
1574.474107,90.77993144
1574.474107,90.67557367
1574.474107,90.57121591
1574.474107,90.46685815
1574.474107,90.36250039
1574.474107,90.25814262
1574.474107,90.15378486
1574.474107,90.0494271
1574.474107,89.94506933
1574.474107,89.84071157
1574.474107,89.73635381
1574.474107,89.63199605
1574.474107,89.52763828
1574.474107,89.42328052
1574.474107,89.31892276
1574.474107,89.21456499
1574.474107,89.11020723
1578.640614,90.98864696
1578.640614,90.8842892
1578.640614,90.77993144
1578.640614,90.67557367
1578.640614,90.57121591
1578.640614,90.46685815
1578.640614,90.36250039
1578.640614,90.25814262
1578.640614,90.15378486
1578.640614,90.0494271
1578.640614,89.94506933
1578.640614,89.84071157
1578.640614,89.73635381
1578.640614,89.63199605
1578.640614,89.52763828
1578.640614,89.42328052
1578.640614,89.31892276
1578.640614,89.21456499
1578.640614,89.11020723
1582.807121,90.98864696
1582.807121,90.8842892
1582.807121,90.77993144
1582.807121,90.67557367
1582.807121,90.57121591
1582.807121,90.46685815
1582.807121,90.36250039
1582.807121,90.25814262
1582.807121,90.15378486
1582.807121,90.0494271
1582.807121,89.94506933
1582.807121,89.84071157
1582.807121,89.73635381
1582.807121,89.63199605
1582.807121,89.52763828
1582.807121,89.42328052
1582.807121,89.31892276
1582.807121,89.21456499
1582.807121,89.11020723
1586.973628,90.98864696
1586.973628,90.8842892
1586.973628,90.77993144
1586.973628,90.67557367
1586.973628,90.57121591
1586.973628,90.46685815
1586.973628,90.36250039
1586.973628,90.25814262
1586.973628,90.15378486
1586.973628,90.0494271
1586.973628,89.94506933
1586.973628,89.84071157
1586.973628,89.73635381
1586.973628,89.63199605
1586.973628,89.52763828
1586.973628,89.42328052
1586.973628,89.31892276
1586.973628,89.21456499
1586.973628,89.11020723
1591.140135,90.98864696
1591.140135,90.8842892
1591.140135,90.77993144
1591.140135,90.67557367
1591.140135,90.57121591
1591.140135,90.46685815
1591.140135,90.36250039
1591.140135,90.25814262
1591.140135,90.15378486
1591.140135,90.0494271
1591.140135,89.94506933
1591.140135,89.84071157
1591.140135,89.73635381
1591.140135,89.63199605
1591.140135,89.52763828
1591.140135,89.42328052
1591.140135,89.31892276
1591.140135,89.21456499
1591.140135,89.11020723
1595.306641,90.98864696
1595.306641,90.8842892
1595.306641,90.77993144
1595.306641,90.67557367
1595.306641,90.57121591
1595.306641,90.46685815
1595.306641,90.36250039
1595.306641,90.25814262
1595.306641,90.15378486
1595.306641,90.0494271
1595.306641,89.94506933
1595.306641,89.84071157
1595.306641,89.73635381
1595.306641,89.63199605
1595.306641,89.52763828
1595.306641,89.42328052
1595.306641,89.31892276
1595.306641,89.21456499
1595.306641,89.11020723
1595.306641,89.00584947
1599.473148,90.8842892
1599.473148,90.77993144
1599.473148,90.67557367
1599.473148,90.57121591
1599.473148,90.46685815
1599.473148,90.36250039
1599.473148,90.25814262
1599.473148,90.15378486
1599.473148,90.0494271
1599.473148,89.94506933
1599.473148,89.84071157
1599.473148,89.73635381
1599.473148,89.63199605
1599.473148,89.52763828
1599.473148,89.42328052
1599.473148,89.31892276
1599.473148,89.21456499
1599.473148,89.11020723
1599.473148,89.00584947
1603.639655,90.8842892
1603.639655,90.77993144
1603.639655,90.67557367
1603.639655,90.57121591
1603.639655,90.46685815
1603.639655,90.36250039
1603.639655,90.25814262
1603.639655,90.15378486
1603.639655,90.0494271
1603.639655,89.94506933
1603.639655,89.84071157
1603.639655,89.73635381
1603.639655,89.63199605
1603.639655,89.52763828
1603.639655,89.42328052
1603.639655,89.31892276
1603.639655,89.21456499
1603.639655,89.11020723
1603.639655,89.00584947
1607.806162,90.77993144
1607.806162,90.67557367
1607.806162,90.57121591
1607.806162,90.46685815
1607.806162,90.36250039
1607.806162,90.25814262
1607.806162,90.15378486
1607.806162,90.0494271
1607.806162,89.94506933
1607.806162,89.84071157
1607.806162,89.73635381
1607.806162,89.63199605
1607.806162,89.52763828
1607.806162,89.42328052
1607.806162,89.31892276
1607.806162,89.21456499
1607.806162,89.11020723
1607.806162,89.00584947
1611.972669,90.77993144
1611.972669,90.67557367
1611.972669,90.57121591
1611.972669,90.46685815
1611.972669,90.36250039
1611.972669,90.25814262
1611.972669,90.15378486
1611.972669,90.0494271
1611.972669,89.94506933
1611.972669,89.84071157
1611.972669,89.73635381
1611.972669,89.63199605
1611.972669,89.52763828
1611.972669,89.42328052
1611.972669,89.31892276
1611.972669,89.21456499
1611.972669,89.11020723
1611.972669,89.00584947
1611.972669,88.90149171
1616.139175,90.77993144
1616.139175,90.67557367
1616.139175,90.57121591
1616.139175,90.46685815
1616.139175,90.36250039
1616.139175,90.25814262
1616.139175,90.15378486
1616.139175,90.0494271
1616.139175,89.94506933
1616.139175,89.84071157
1616.139175,89.73635381
1616.139175,89.63199605
1616.139175,89.52763828
1616.139175,89.42328052
1616.139175,89.31892276
1616.139175,89.21456499
1616.139175,89.11020723
1616.139175,89.00584947
1616.139175,88.90149171
1620.305682,90.67557367
1620.305682,90.57121591
1620.305682,90.46685815
1620.305682,90.36250039
1620.305682,90.25814262
1620.305682,90.15378486
1620.305682,90.0494271
1620.305682,89.94506933
1620.305682,89.84071157
1620.305682,89.73635381
1620.305682,89.63199605
1620.305682,89.52763828
1620.305682,89.42328052
1620.305682,89.31892276
1620.305682,89.21456499
1620.305682,89.11020723
1620.305682,89.00584947
1620.305682,88.90149171
1624.472189,90.67557367
1624.472189,90.57121591
1624.472189,90.46685815
1624.472189,90.36250039
1624.472189,90.25814262
1624.472189,90.15378486
1624.472189,90.0494271
1624.472189,89.94506933
1624.472189,89.84071157
1624.472189,89.73635381
1624.472189,89.63199605
1624.472189,89.52763828
1624.472189,89.42328052
1624.472189,89.31892276
1624.472189,89.21456499
1624.472189,89.11020723
1624.472189,89.00584947
1624.472189,88.90149171
1628.638696,90.77993144
1628.638696,90.67557367
1628.638696,90.57121591
1628.638696,90.46685815
1628.638696,90.36250039
1628.638696,90.25814262
1628.638696,90.15378486
1628.638696,90.0494271
1628.638696,89.94506933
1628.638696,89.84071157
1628.638696,89.73635381
1628.638696,89.63199605
1628.638696,89.52763828
1628.638696,89.42328052
1628.638696,89.31892276
1628.638696,89.21456499
1628.638696,89.11020723
1628.638696,89.00584947
1628.638696,88.90149171
1632.805203,90.67557367
1632.805203,90.57121591
1632.805203,90.46685815
1632.805203,90.36250039
1632.805203,90.25814262
1632.805203,90.15378486
1632.805203,90.0494271
1632.805203,89.94506933
1632.805203,89.84071157
1632.805203,89.73635381
1632.805203,89.63199605
1632.805203,89.52763828
1632.805203,89.42328052
1632.805203,89.31892276
1632.805203,89.21456499
1632.805203,89.11020723
1632.805203,89.00584947
1632.805203,88.90149171
1632.805203,88.79713394
1636.971709,90.77993144
1636.971709,90.67557367
1636.971709,90.57121591
1636.971709,90.46685815
1636.971709,90.36250039
1636.971709,90.25814262
1636.971709,90.15378486
1636.971709,90.0494271
1636.971709,89.94506933
1636.971709,89.84071157
1636.971709,89.73635381
1636.971709,89.63199605
1636.971709,89.52763828
1636.971709,89.42328052
1636.971709,89.31892276
1636.971709,89.21456499
1636.971709,89.11020723
1636.971709,89.00584947
1636.971709,88.90149171
1636.971709,88.79713394
1636.971709,88.69277618
1641.138216,90.77993144
1641.138216,90.67557367
1641.138216,90.57121591
1641.138216,90.46685815
1641.138216,90.36250039
1641.138216,90.25814262
1641.138216,90.15378486
1641.138216,90.0494271
1641.138216,89.94506933
1641.138216,89.84071157
1641.138216,89.73635381
1641.138216,89.63199605
1641.138216,89.52763828
1641.138216,89.42328052
1641.138216,89.31892276
1641.138216,89.21456499
1641.138216,89.11020723
1641.138216,89.00584947
1641.138216,88.90149171
1641.138216,88.79713394
1641.138216,88.69277618
1641.138216,88.58841842
1645.304723,90.77993144
1645.304723,90.67557367
1645.304723,90.57121591
1645.304723,90.46685815
1645.304723,90.36250039
1645.304723,90.25814262
1645.304723,90.15378486
1645.304723,90.0494271
1645.304723,89.94506933
1645.304723,89.84071157
1645.304723,89.73635381
1645.304723,89.63199605
1645.304723,89.52763828
1645.304723,89.42328052
1645.304723,89.31892276
1645.304723,89.21456499
1645.304723,89.11020723
1645.304723,89.00584947
1645.304723,88.90149171
1645.304723,88.79713394
1645.304723,88.69277618
1645.304723,88.58841842
1649.47123,90.77993144
1649.47123,90.67557367
1649.47123,90.57121591
1649.47123,90.46685815
1649.47123,90.36250039
1649.47123,90.25814262
1649.47123,90.15378486
1649.47123,90.0494271
1649.47123,89.94506933
1649.47123,89.84071157
1649.47123,89.73635381
1649.47123,89.63199605
1649.47123,89.52763828
1649.47123,89.42328052
1649.47123,89.31892276
1649.47123,89.21456499
1649.47123,89.11020723
1649.47123,89.00584947
1649.47123,88.90149171
1649.47123,88.79713394
1649.47123,88.69277618
1653.637737,90.67557367
1653.637737,90.57121591
1653.637737,90.46685815
1653.637737,90.36250039
1653.637737,90.25814262
1653.637737,90.15378486
1653.637737,90.0494271
1653.637737,89.94506933
1653.637737,89.84071157
1653.637737,89.73635381
1653.637737,89.63199605
1653.637737,89.52763828
1653.637737,89.42328052
1653.637737,89.31892276
1653.637737,89.21456499
1653.637737,89.11020723
1653.637737,89.00584947
1653.637737,88.90149171
1653.637737,88.79713394
1653.637737,88.69277618
1657.804243,90.57121591
1657.804243,90.46685815
1657.804243,90.36250039
1657.804243,90.25814262
1657.804243,90.15378486
1657.804243,90.0494271
1657.804243,89.94506933
1657.804243,89.84071157
1657.804243,89.73635381
1657.804243,89.63199605
1657.804243,89.52763828
1657.804243,89.42328052
1657.804243,89.31892276
1657.804243,89.21456499
1657.804243,89.11020723
1657.804243,89.00584947
1657.804243,88.90149171
1657.804243,88.79713394
1657.804243,88.69277618
1661.97075,90.57121591
1661.97075,90.46685815
1661.97075,90.36250039
1661.97075,90.25814262
1661.97075,90.15378486
1661.97075,90.0494271
1661.97075,89.94506933
1661.97075,89.84071157
1661.97075,89.73635381
1661.97075,89.63199605
1661.97075,89.52763828
1661.97075,89.42328052
1661.97075,89.31892276
1661.97075,89.21456499
1661.97075,89.11020723
1661.97075,89.00584947
1661.97075,88.90149171
1661.97075,88.79713394
1661.97075,88.69277618
1666.137257,90.57121591
1666.137257,90.46685815
1666.137257,90.36250039
1666.137257,90.25814262
1666.137257,90.15378486
1666.137257,90.0494271
1666.137257,89.94506933
1666.137257,89.84071157
1666.137257,89.73635381
1666.137257,89.63199605
1666.137257,89.52763828
1666.137257,89.42328052
1666.137257,89.31892276
1666.137257,89.21456499
1666.137257,89.11020723
1666.137257,89.00584947
1666.137257,88.90149171
1666.137257,88.79713394
1666.137257,88.69277618
1666.137257,88.58841842
1670.303764,90.46685815
1670.303764,90.36250039
1670.303764,90.25814262
1670.303764,90.15378486
1670.303764,90.0494271
1670.303764,89.94506933
1670.303764,89.84071157
1670.303764,89.73635381
1670.303764,89.63199605
1670.303764,89.52763828
1670.303764,89.42328052
1670.303764,89.31892276
1670.303764,89.21456499
1670.303764,89.11020723
1670.303764,89.00584947
1670.303764,88.90149171
1670.303764,88.79713394
1670.303764,88.69277618
1674.470271,90.57121591
1674.470271,90.46685815
1674.470271,90.36250039
1674.470271,90.25814262
1674.470271,90.15378486
1674.470271,90.0494271
1674.470271,89.94506933
1674.470271,89.84071157
1674.470271,89.73635381
1674.470271,89.63199605
1674.470271,89.52763828
1674.470271,89.42328052
1674.470271,89.31892276
1674.470271,89.21456499
1674.470271,89.11020723
1674.470271,89.00584947
1674.470271,88.90149171
1674.470271,88.79713394
1674.470271,88.69277618
1674.470271,88.58841842
1678.636777,90.57121591
1678.636777,90.46685815
1678.636777,90.36250039
1678.636777,90.25814262
1678.636777,90.15378486
1678.636777,90.0494271
1678.636777,89.94506933
1678.636777,89.84071157
1678.636777,89.73635381
1678.636777,89.63199605
1678.636777,89.52763828
1678.636777,89.42328052
1678.636777,89.31892276
1678.636777,89.21456499
1678.636777,89.11020723
1678.636777,89.00584947
1678.636777,88.90149171
1678.636777,88.79713394
1678.636777,88.69277618
1678.636777,88.58841842
1682.803284,90.57121591
1682.803284,90.46685815
1682.803284,90.36250039
1682.803284,90.25814262
1682.803284,90.15378486
1682.803284,90.0494271
1682.803284,89.94506933
1682.803284,89.84071157
1682.803284,89.73635381
1682.803284,89.63199605
1682.803284,89.52763828
1682.803284,89.42328052
1682.803284,89.31892276
1682.803284,89.21456499
1682.803284,89.11020723
1682.803284,89.00584947
1682.803284,88.90149171
1682.803284,88.79713394
1682.803284,88.69277618
1682.803284,88.58841842
1682.803284,88.48406065
1686.969791,90.67557367
1686.969791,90.57121591
1686.969791,90.46685815
1686.969791,90.36250039
1686.969791,90.25814262
1686.969791,90.15378486
1686.969791,90.0494271
1686.969791,89.94506933
1686.969791,89.84071157
1686.969791,89.73635381
1686.969791,89.63199605
1686.969791,89.52763828
1686.969791,89.42328052
1686.969791,89.31892276
1686.969791,89.21456499
1686.969791,89.11020723
1686.969791,89.00584947
1686.969791,88.90149171
1686.969791,88.79713394
1686.969791,88.69277618
1686.969791,88.58841842
1691.136298,90.67557367
1691.136298,90.57121591
1691.136298,90.46685815
1691.136298,90.36250039
1691.136298,90.25814262
1691.136298,90.15378486
1691.136298,90.0494271
1691.136298,89.94506933
1691.136298,89.84071157
1691.136298,89.73635381
1691.136298,89.63199605
1691.136298,89.52763828
1691.136298,89.42328052
1691.136298,89.31892276
1691.136298,89.21456499
1691.136298,89.11020723
1691.136298,89.00584947
1691.136298,88.90149171
1691.136298,88.79713394
1691.136298,88.69277618
1691.136298,88.58841842
1691.136298,88.48406065
1695.302805,90.57121591
1695.302805,90.46685815
1695.302805,90.36250039
1695.302805,90.25814262
1695.302805,90.15378486
1695.302805,90.0494271
1695.302805,89.94506933
1695.302805,89.84071157
1695.302805,89.73635381
1695.302805,89.63199605
1695.302805,89.52763828
1695.302805,89.42328052
1695.302805,89.31892276
1695.302805,89.21456499
1695.302805,89.11020723
1695.302805,89.00584947
1695.302805,88.90149171
1695.302805,88.79713394
1695.302805,88.69277618
1695.302805,88.58841842
1695.302805,88.48406065
1699.469311,90.46685815
1699.469311,90.36250039
1699.469311,90.25814262
1699.469311,90.15378486
1699.469311,90.0494271
1699.469311,89.94506933
1699.469311,89.84071157
1699.469311,89.73635381
1699.469311,89.63199605
1699.469311,89.52763828
1699.469311,89.42328052
1699.469311,89.31892276
1699.469311,89.21456499
1699.469311,89.11020723
1699.469311,89.00584947
1699.469311,88.90149171
1699.469311,88.79713394
1699.469311,88.69277618
1699.469311,88.58841842
1699.469311,88.48406065
1703.635818,90.57121591
1703.635818,90.46685815
1703.635818,90.36250039
1703.635818,90.25814262
1703.635818,90.15378486
1703.635818,90.0494271
1703.635818,89.94506933
1703.635818,89.84071157
1703.635818,89.73635381
1703.635818,89.63199605
1703.635818,89.52763828
1703.635818,89.42328052
1703.635818,89.31892276
1703.635818,89.21456499
1703.635818,89.11020723
1703.635818,89.00584947
1703.635818,88.90149171
1703.635818,88.79713394
1703.635818,88.69277618
1703.635818,88.58841842
1707.802325,90.46685815
1707.802325,90.36250039
1707.802325,90.25814262
1707.802325,90.15378486
1707.802325,90.0494271
1707.802325,89.94506933
1707.802325,89.84071157
1707.802325,89.73635381
1707.802325,89.63199605
1707.802325,89.52763828
1707.802325,89.42328052
1707.802325,89.31892276
1707.802325,89.21456499
1707.802325,89.11020723
1707.802325,89.00584947
1707.802325,88.90149171
1707.802325,88.79713394
1707.802325,88.69277618
1707.802325,88.58841842
1707.802325,88.48406065
1711.968832,90.36250039
1711.968832,90.25814262
1711.968832,90.15378486
1711.968832,90.0494271
1711.968832,89.94506933
1711.968832,89.84071157
1711.968832,89.73635381
1711.968832,89.63199605
1711.968832,89.52763828
1711.968832,89.42328052
1711.968832,89.31892276
1711.968832,89.21456499
1711.968832,89.11020723
1711.968832,89.00584947
1711.968832,88.90149171
1711.968832,88.79713394
1711.968832,88.69277618
1711.968832,88.58841842
1711.968832,88.48406065
1716.135339,90.36250039
1716.135339,90.25814262
1716.135339,90.15378486
1716.135339,90.0494271
1716.135339,89.94506933
1716.135339,89.84071157
1716.135339,89.73635381
1716.135339,89.63199605
1716.135339,89.52763828
1716.135339,89.42328052
1716.135339,89.31892276
1716.135339,89.21456499
1716.135339,89.11020723
1716.135339,89.00584947
1716.135339,88.90149171
1716.135339,88.79713394
1716.135339,88.69277618
1716.135339,88.58841842
1716.135339,88.48406065
1716.135339,88.37970289
1720.301845,90.46685815
1720.301845,90.36250039
1720.301845,90.25814262
1720.301845,90.15378486
1720.301845,90.0494271
1720.301845,89.94506933
1720.301845,89.84071157
1720.301845,89.73635381
1720.301845,89.63199605
1720.301845,89.52763828
1720.301845,89.42328052
1720.301845,89.31892276
1720.301845,89.21456499
1720.301845,89.11020723
1720.301845,89.00584947
1720.301845,88.90149171
1720.301845,88.79713394
1720.301845,88.69277618
1720.301845,88.58841842
1720.301845,88.48406065
1724.468352,90.36250039
1724.468352,90.25814262
1724.468352,90.15378486
1724.468352,90.0494271
1724.468352,89.94506933
1724.468352,89.84071157
1724.468352,89.73635381
1724.468352,89.63199605
1724.468352,89.52763828
1724.468352,89.42328052
1724.468352,89.31892276
1724.468352,89.21456499
1724.468352,89.11020723
1724.468352,89.00584947
1724.468352,88.90149171
1724.468352,88.79713394
1724.468352,88.69277618
1724.468352,88.58841842
1724.468352,88.48406065
1724.468352,88.37970289
1728.634859,90.25814262
1728.634859,90.15378486
1728.634859,90.0494271
1728.634859,89.94506933
1728.634859,89.84071157
1728.634859,89.73635381
1728.634859,89.63199605
1728.634859,89.52763828
1728.634859,89.42328052
1728.634859,89.31892276
1728.634859,89.21456499
1728.634859,89.11020723
1728.634859,89.00584947
1728.634859,88.90149171
1728.634859,88.79713394
1728.634859,88.69277618
1728.634859,88.58841842
1728.634859,88.48406065
1728.634859,88.37970289
1728.634859,88.27534513
1732.801366,90.25814262
1732.801366,90.15378486
1732.801366,90.0494271
1732.801366,89.94506933
1732.801366,89.84071157
1732.801366,89.73635381
1732.801366,89.63199605
1732.801366,89.52763828
1732.801366,89.42328052
1732.801366,89.31892276
1732.801366,89.21456499
1732.801366,89.11020723
1732.801366,89.00584947
1732.801366,88.90149171
1732.801366,88.79713394
1732.801366,88.69277618
1732.801366,88.58841842
1732.801366,88.48406065
1732.801366,88.37970289
1732.801366,88.27534513
1736.967872,90.25814262
1736.967872,90.15378486
1736.967872,90.0494271
1736.967872,89.94506933
1736.967872,89.84071157
1736.967872,89.73635381
1736.967872,89.63199605
1736.967872,89.52763828
1736.967872,89.42328052
1736.967872,89.31892276
1736.967872,89.21456499
1736.967872,89.11020723
1736.967872,89.00584947
1736.967872,88.90149171
1736.967872,88.79713394
1736.967872,88.69277618
1736.967872,88.58841842
1736.967872,88.48406065
1736.967872,88.37970289
1741.134379,90.25814262
1741.134379,90.15378486
1741.134379,90.0494271
1741.134379,89.94506933
1741.134379,89.84071157
1741.134379,89.73635381
1741.134379,89.63199605
1741.134379,89.52763828
1741.134379,89.42328052
1741.134379,89.31892276
1741.134379,89.21456499
1741.134379,89.11020723
1741.134379,89.00584947
1741.134379,88.90149171
1741.134379,88.79713394
1741.134379,88.69277618
1741.134379,88.58841842
1741.134379,88.48406065
1741.134379,88.37970289
1745.300886,90.25814262
1745.300886,90.15378486
1745.300886,90.0494271
1745.300886,89.94506933
1745.300886,89.84071157
1745.300886,89.73635381
1745.300886,89.63199605
1745.300886,89.52763828
1745.300886,89.42328052
1745.300886,89.31892276
1745.300886,89.21456499
1745.300886,89.11020723
1745.300886,89.00584947
1745.300886,88.90149171
1745.300886,88.79713394
1745.300886,88.69277618
1745.300886,88.58841842
1745.300886,88.48406065
1745.300886,88.37970289
1749.467393,90.25814262
1749.467393,90.15378486
1749.467393,90.0494271
1749.467393,89.94506933
1749.467393,89.84071157
1749.467393,89.73635381
1749.467393,89.63199605
1749.467393,89.52763828
1749.467393,89.42328052
1749.467393,89.31892276
1749.467393,89.21456499
1749.467393,89.11020723
1749.467393,89.00584947
1749.467393,88.90149171
1749.467393,88.79713394
1749.467393,88.69277618
1749.467393,88.58841842
1749.467393,88.48406065
1749.467393,88.37970289
1753.6339,90.25814262
1753.6339,90.15378486
1753.6339,90.0494271
1753.6339,89.94506933
1753.6339,89.84071157
1753.6339,89.73635381
1753.6339,89.63199605
1753.6339,89.52763828
1753.6339,89.42328052
1753.6339,89.31892276
1753.6339,89.21456499
1753.6339,89.11020723
1753.6339,89.00584947
1753.6339,88.90149171
1753.6339,88.79713394
1753.6339,88.69277618
1753.6339,88.58841842
1753.6339,88.48406065
1753.6339,88.37970289
1753.6339,88.27534513
1757.800406,90.36250039
1757.800406,90.25814262
1757.800406,90.15378486
1757.800406,90.0494271
1757.800406,89.94506933
1757.800406,89.84071157
1757.800406,89.73635381
1757.800406,89.63199605
1757.800406,89.52763828
1757.800406,89.42328052
1757.800406,89.31892276
1757.800406,89.21456499
1757.800406,89.11020723
1757.800406,89.00584947
1757.800406,88.90149171
1757.800406,88.79713394
1757.800406,88.69277618
1757.800406,88.58841842
1757.800406,88.48406065
1757.800406,88.37970289
1757.800406,88.27534513
1761.966913,90.36250039
1761.966913,90.25814262
1761.966913,90.15378486
1761.966913,90.0494271
1761.966913,89.94506933
1761.966913,89.84071157
1761.966913,89.73635381
1761.966913,89.63199605
1761.966913,89.52763828
1761.966913,89.42328052
1761.966913,89.31892276
1761.966913,89.21456499
1761.966913,89.11020723
1761.966913,89.00584947
1761.966913,88.90149171
1761.966913,88.79713394
1761.966913,88.69277618
1761.966913,88.58841842
1761.966913,88.48406065
1761.966913,88.37970289
1761.966913,88.27534513
1766.13342,90.36250039
1766.13342,90.25814262
1766.13342,90.15378486
1766.13342,90.0494271
1766.13342,89.94506933
1766.13342,89.84071157
1766.13342,89.73635381
1766.13342,89.63199605
1766.13342,89.52763828
1766.13342,89.42328052
1766.13342,89.31892276
1766.13342,89.21456499
1766.13342,89.11020723
1766.13342,89.00584947
1766.13342,88.90149171
1766.13342,88.79713394
1766.13342,88.69277618
1766.13342,88.58841842
1766.13342,88.48406065
1766.13342,88.37970289
1770.299927,90.25814262
1770.299927,90.15378486
1770.299927,90.0494271
1770.299927,89.94506933
1770.299927,89.84071157
1770.299927,89.73635381
1770.299927,89.63199605
1770.299927,89.52763828
1770.299927,89.42328052
1770.299927,89.31892276
1770.299927,89.21456499
1770.299927,89.11020723
1770.299927,89.00584947
1770.299927,88.90149171
1770.299927,88.79713394
1770.299927,88.69277618
1770.299927,88.58841842
1770.299927,88.48406065
1770.299927,88.37970289
1774.466434,90.15378486
1774.466434,90.0494271
1774.466434,89.94506933
1774.466434,89.84071157
1774.466434,89.73635381
1774.466434,89.63199605
1774.466434,89.52763828
1774.466434,89.42328052
1774.466434,89.31892276
1774.466434,89.21456499
1774.466434,89.11020723
1774.466434,89.00584947
1774.466434,88.90149171
1774.466434,88.79713394
1774.466434,88.69277618
1774.466434,88.58841842
1774.466434,88.48406065
1774.466434,88.37970289
1774.466434,88.27534513
1778.63294,90.15378486
1778.63294,90.0494271
1778.63294,89.94506933
1778.63294,89.84071157
1778.63294,89.73635381
1778.63294,89.63199605
1778.63294,89.52763828
1778.63294,89.42328052
1778.63294,89.31892276
1778.63294,89.21456499
1778.63294,89.11020723
1778.63294,89.00584947
1778.63294,88.90149171
1778.63294,88.79713394
1778.63294,88.69277618
1778.63294,88.58841842
1778.63294,88.48406065
1778.63294,88.37970289
1778.63294,88.27534513
1782.799447,90.15378486
1782.799447,90.0494271
1782.799447,89.94506933
1782.799447,89.84071157
1782.799447,89.73635381
1782.799447,89.63199605
1782.799447,89.52763828
1782.799447,89.42328052
1782.799447,89.31892276
1782.799447,89.21456499
1782.799447,89.11020723
1782.799447,89.00584947
1782.799447,88.90149171
1782.799447,88.79713394
1782.799447,88.69277618
1782.799447,88.58841842
1782.799447,88.48406065
1782.799447,88.37970289
1782.799447,88.27534513
1786.965954,90.0494271
1786.965954,89.94506933
1786.965954,89.84071157
1786.965954,89.73635381
1786.965954,89.63199605
1786.965954,89.52763828
1786.965954,89.42328052
1786.965954,89.31892276
1786.965954,89.21456499
1786.965954,89.11020723
1786.965954,89.00584947
1786.965954,88.90149171
1786.965954,88.79713394
1786.965954,88.69277618
1786.965954,88.58841842
1786.965954,88.48406065
1786.965954,88.37970289
1786.965954,88.27534513
1786.965954,88.17098737
1791.132461,89.94506933
1791.132461,89.84071157
1791.132461,89.73635381
1791.132461,89.63199605
1791.132461,89.52763828
1791.132461,89.42328052
1791.132461,89.31892276
1791.132461,89.21456499
1791.132461,89.11020723
1791.132461,89.00584947
1791.132461,88.90149171
1791.132461,88.79713394
1791.132461,88.69277618
1791.132461,88.58841842
1791.132461,88.48406065
1791.132461,88.37970289
1791.132461,88.27534513
1791.132461,88.17098737
1791.132461,88.0666296
1795.298968,89.94506933
1795.298968,89.84071157
1795.298968,89.73635381
1795.298968,89.63199605
1795.298968,89.52763828
1795.298968,89.42328052
1795.298968,89.31892276
1795.298968,89.21456499
1795.298968,89.11020723
1795.298968,89.00584947
1795.298968,88.90149171
1795.298968,88.79713394
1795.298968,88.69277618
1795.298968,88.58841842
1795.298968,88.48406065
1795.298968,88.37970289
1795.298968,88.27534513
1795.298968,88.17098737
1795.298968,88.0666296
1799.465474,89.94506933
1799.465474,89.84071157
1799.465474,89.73635381
1799.465474,89.63199605
1799.465474,89.52763828
1799.465474,89.42328052
1799.465474,89.31892276
1799.465474,89.21456499
1799.465474,89.11020723
1799.465474,89.00584947
1799.465474,88.90149171
1799.465474,88.79713394
1799.465474,88.69277618
1799.465474,88.58841842
1799.465474,88.48406065
1799.465474,88.37970289
1799.465474,88.27534513
1799.465474,88.17098737
1799.465474,88.0666296
1803.631981,89.94506933
1803.631981,89.84071157
1803.631981,89.73635381
1803.631981,89.63199605
1803.631981,89.52763828
1803.631981,89.42328052
1803.631981,89.31892276
1803.631981,89.21456499
1803.631981,89.11020723
1803.631981,89.00584947
1803.631981,88.90149171
1803.631981,88.79713394
1803.631981,88.69277618
1803.631981,88.58841842
1803.631981,88.48406065
1803.631981,88.37970289
1803.631981,88.27534513
1803.631981,88.17098737
1803.631981,88.0666296
1807.798488,89.94506933
1807.798488,89.84071157
1807.798488,89.73635381
1807.798488,89.63199605
1807.798488,89.52763828
1807.798488,89.42328052
1807.798488,89.31892276
1807.798488,89.21456499
1807.798488,89.11020723
1807.798488,89.00584947
1807.798488,88.90149171
1807.798488,88.79713394
1807.798488,88.69277618
1807.798488,88.58841842
1807.798488,88.48406065
1807.798488,88.37970289
1807.798488,88.27534513
1807.798488,88.17098737
1807.798488,88.0666296
1807.798488,87.96227184
1811.964995,89.94506933
1811.964995,89.84071157
1811.964995,89.73635381
1811.964995,89.63199605
1811.964995,89.52763828
1811.964995,89.42328052
1811.964995,89.31892276
1811.964995,89.21456499
1811.964995,89.11020723
1811.964995,89.00584947
1811.964995,88.90149171
1811.964995,88.79713394
1811.964995,88.69277618
1811.964995,88.58841842
1811.964995,88.48406065
1811.964995,88.37970289
1811.964995,88.27534513
1811.964995,88.17098737
1811.964995,88.0666296
1811.964995,87.96227184
1816.131502,89.94506933
1816.131502,89.84071157
1816.131502,89.73635381
1816.131502,89.63199605
1816.131502,89.52763828
1816.131502,89.42328052
1816.131502,89.31892276
1816.131502,89.21456499
1816.131502,89.11020723
1816.131502,89.00584947
1816.131502,88.90149171
1816.131502,88.79713394
1816.131502,88.69277618
1816.131502,88.58841842
1816.131502,88.48406065
1816.131502,88.37970289
1816.131502,88.27534513
1816.131502,88.17098737
1816.131502,88.0666296
1820.298008,89.94506933
1820.298008,89.84071157
1820.298008,89.73635381
1820.298008,89.63199605
1820.298008,89.52763828
1820.298008,89.42328052
1820.298008,89.31892276
1820.298008,89.21456499
1820.298008,89.11020723
1820.298008,89.00584947
1820.298008,88.90149171
1820.298008,88.79713394
1820.298008,88.69277618
1820.298008,88.58841842
1820.298008,88.48406065
1820.298008,88.37970289
1820.298008,88.27534513
1820.298008,88.17098737
1820.298008,88.0666296
1824.464515,89.94506933
1824.464515,89.84071157
1824.464515,89.73635381
1824.464515,89.63199605
1824.464515,89.52763828
1824.464515,89.42328052
1824.464515,89.31892276
1824.464515,89.21456499
1824.464515,89.11020723
1824.464515,89.00584947
1824.464515,88.90149171
1824.464515,88.79713394
1824.464515,88.69277618
1824.464515,88.58841842
1824.464515,88.48406065
1824.464515,88.37970289
1824.464515,88.27534513
1824.464515,88.17098737
1824.464515,88.0666296
1824.464515,87.96227184
1828.631022,89.94506933
1828.631022,89.84071157
1828.631022,89.73635381
1828.631022,89.63199605
1828.631022,89.52763828
1828.631022,89.42328052
1828.631022,89.31892276
1828.631022,89.21456499
1828.631022,89.11020723
1828.631022,89.00584947
1828.631022,88.90149171
1828.631022,88.79713394
1828.631022,88.69277618
1828.631022,88.58841842
1828.631022,88.48406065
1828.631022,88.37970289
1828.631022,88.27534513
1828.631022,88.17098737
1828.631022,88.0666296
1828.631022,87.96227184
1832.797529,89.94506933
1832.797529,89.84071157
1832.797529,89.73635381
1832.797529,89.63199605
1832.797529,89.52763828
1832.797529,89.42328052
1832.797529,89.31892276
1832.797529,89.21456499
1832.797529,89.11020723
1832.797529,89.00584947
1832.797529,88.90149171
1832.797529,88.79713394
1832.797529,88.69277618
1832.797529,88.58841842
1832.797529,88.48406065
1832.797529,88.37970289
1832.797529,88.27534513
1832.797529,88.17098737
1832.797529,88.0666296
1836.964036,89.84071157
1836.964036,89.73635381
1836.964036,89.63199605
1836.964036,89.52763828
1836.964036,89.42328052
1836.964036,89.31892276
1836.964036,89.21456499
1836.964036,89.11020723
1836.964036,89.00584947
1836.964036,88.90149171
1836.964036,88.79713394
1836.964036,88.69277618
1836.964036,88.58841842
1836.964036,88.48406065
1836.964036,88.37970289
1836.964036,88.27534513
1836.964036,88.17098737
1836.964036,88.0666296
1841.130542,89.94506933
1841.130542,89.84071157
1841.130542,89.73635381
1841.130542,89.63199605
1841.130542,89.52763828
1841.130542,89.42328052
1841.130542,89.31892276
1841.130542,89.21456499
1841.130542,89.11020723
1841.130542,89.00584947
1841.130542,88.90149171
1841.130542,88.79713394
1841.130542,88.69277618
1841.130542,88.58841842
1841.130542,88.48406065
1841.130542,88.37970289
1841.130542,88.27534513
1841.130542,88.17098737
1841.130542,88.0666296
1841.130542,87.96227184
1845.297049,89.94506933
1845.297049,89.84071157
1845.297049,89.73635381
1845.297049,89.63199605
1845.297049,89.52763828
1845.297049,89.42328052
1845.297049,89.31892276
1845.297049,89.21456499
1845.297049,89.11020723
1845.297049,89.00584947
1845.297049,88.90149171
1845.297049,88.79713394
1845.297049,88.69277618
1845.297049,88.58841842
1845.297049,88.48406065
1845.297049,88.37970289
1845.297049,88.27534513
1845.297049,88.17098737
1845.297049,88.0666296
1845.297049,87.96227184
1849.463556,89.94506933
1849.463556,89.84071157
1849.463556,89.73635381
1849.463556,89.63199605
1849.463556,89.52763828
1849.463556,89.42328052
1849.463556,89.31892276
1849.463556,89.21456499
1849.463556,89.11020723
1849.463556,89.00584947
1849.463556,88.90149171
1849.463556,88.79713394
1849.463556,88.69277618
1849.463556,88.58841842
1849.463556,88.48406065
1849.463556,88.37970289
1849.463556,88.27534513
1849.463556,88.17098737
1849.463556,88.0666296
1849.463556,87.96227184
1849.463556,87.85791408
1853.630063,89.94506933
1853.630063,89.84071157
1853.630063,89.73635381
1853.630063,89.63199605
1853.630063,89.52763828
1853.630063,89.42328052
1853.630063,89.31892276
1853.630063,89.21456499
1853.630063,89.11020723
1853.630063,89.00584947
1853.630063,88.90149171
1853.630063,88.79713394
1853.630063,88.69277618
1853.630063,88.58841842
1853.630063,88.48406065
1853.630063,88.37970289
1853.630063,88.27534513
1853.630063,88.17098737
1853.630063,88.0666296
1853.630063,87.96227184
1853.630063,87.85791408
1853.630063,87.75355631
1857.79657,89.94506933
1857.79657,89.84071157
1857.79657,89.73635381
1857.79657,89.63199605
1857.79657,89.52763828
1857.79657,89.42328052
1857.79657,89.31892276
1857.79657,89.21456499
1857.79657,89.11020723
1857.79657,89.00584947
1857.79657,88.90149171
1857.79657,88.79713394
1857.79657,88.69277618
1857.79657,88.58841842
1857.79657,88.48406065
1857.79657,88.37970289
1857.79657,88.27534513
1857.79657,88.17098737
1857.79657,88.0666296
1857.79657,87.96227184
1857.79657,87.85791408
1857.79657,87.75355631
1857.79657,87.64919855
1861.963076,89.94506933
1861.963076,89.73635381
1861.963076,89.63199605
1861.963076,89.52763828
1861.963076,89.42328052
1861.963076,89.31892276
1861.963076,89.21456499
1861.963076,89.11020723
1861.963076,89.00584947
1861.963076,88.90149171
1861.963076,88.79713394
1861.963076,88.69277618
1861.963076,88.58841842
1861.963076,88.48406065
1861.963076,88.37970289
1861.963076,88.27534513
1861.963076,88.17098737
1861.963076,88.0666296
1861.963076,87.96227184
1861.963076,87.85791408
1861.963076,87.75355631
1861.963076,87.64919855
1866.129583,89.94506933
1866.129583,89.73635381
1866.129583,89.63199605
1866.129583,89.52763828
1866.129583,89.42328052
1866.129583,89.31892276
1866.129583,89.21456499
1866.129583,89.11020723
1866.129583,89.00584947
1866.129583,88.90149171
1866.129583,88.79713394
1866.129583,88.69277618
1866.129583,88.58841842
1866.129583,88.48406065
1866.129583,88.37970289
1866.129583,88.27534513
1866.129583,88.17098737
1866.129583,88.0666296
1866.129583,87.96227184
1866.129583,87.85791408
1866.129583,87.75355631
1870.29609,89.94506933
1870.29609,89.63199605
1870.29609,89.52763828
1870.29609,89.42328052
1870.29609,89.31892276
1870.29609,89.21456499
1870.29609,89.11020723
1870.29609,89.00584947
1870.29609,88.90149171
1870.29609,88.79713394
1870.29609,88.69277618
1870.29609,88.58841842
1870.29609,88.48406065
1870.29609,88.37970289
1870.29609,88.27534513
1870.29609,88.17098737
1870.29609,88.0666296
1870.29609,87.96227184
1870.29609,87.85791408
1870.29609,87.75355631
1874.462597,89.94506933
1874.462597,89.63199605
1874.462597,89.52763828
1874.462597,89.42328052
1874.462597,89.31892276
1874.462597,89.21456499
1874.462597,89.11020723
1874.462597,89.00584947
1874.462597,88.90149171
1874.462597,88.79713394
1874.462597,88.69277618
1874.462597,88.58841842
1874.462597,88.48406065
1874.462597,88.37970289
1874.462597,88.27534513
1874.462597,88.17098737
1874.462597,88.0666296
1874.462597,87.96227184
1874.462597,87.85791408
1874.462597,87.75355631
1878.629104,89.94506933
1878.629104,89.63199605
1878.629104,89.52763828
1878.629104,89.42328052
1878.629104,89.31892276
1878.629104,89.21456499
1878.629104,89.11020723
1878.629104,89.00584947
1878.629104,88.90149171
1878.629104,88.79713394
1878.629104,88.69277618
1878.629104,88.58841842
1878.629104,88.48406065
1878.629104,88.37970289
1878.629104,88.27534513
1878.629104,88.17098737
1878.629104,88.0666296
1878.629104,87.96227184
1878.629104,87.85791408
1878.629104,87.75355631
1882.79561,89.94506933
1882.79561,89.73635381
1882.79561,89.63199605
1882.79561,89.52763828
1882.79561,89.42328052
1882.79561,89.31892276
1882.79561,89.21456499
1882.79561,89.11020723
1882.79561,89.00584947
1882.79561,88.90149171
1882.79561,88.79713394
1882.79561,88.69277618
1882.79561,88.58841842
1882.79561,88.48406065
1882.79561,88.37970289
1882.79561,88.27534513
1882.79561,88.17098737
1882.79561,88.0666296
1882.79561,87.96227184
1882.79561,87.85791408
1882.79561,87.75355631
1886.962117,89.94506933
1886.962117,89.73635381
1886.962117,89.63199605
1886.962117,89.52763828
1886.962117,89.42328052
1886.962117,89.31892276
1886.962117,89.21456499
1886.962117,89.11020723
1886.962117,89.00584947
1886.962117,88.90149171
1886.962117,88.79713394
1886.962117,88.69277618
1886.962117,88.58841842
1886.962117,88.48406065
1886.962117,88.37970289
1886.962117,88.27534513
1886.962117,88.17098737
1886.962117,88.0666296
1886.962117,87.96227184
1886.962117,87.85791408
1886.962117,87.75355631
1891.128624,89.94506933
1891.128624,89.84071157
1891.128624,89.73635381
1891.128624,89.63199605
1891.128624,89.52763828
1891.128624,89.42328052
1891.128624,89.31892276
1891.128624,89.21456499
1891.128624,89.11020723
1891.128624,89.00584947
1891.128624,88.90149171
1891.128624,88.79713394
1891.128624,88.69277618
1891.128624,88.58841842
1891.128624,88.48406065
1891.128624,88.37970289
1891.128624,88.27534513
1891.128624,88.17098737
1891.128624,88.0666296
1891.128624,87.96227184
1891.128624,87.85791408
1891.128624,87.75355631
1895.295131,89.94506933
1895.295131,89.84071157
1895.295131,89.73635381
1895.295131,89.63199605
1895.295131,89.52763828
1895.295131,89.42328052
1895.295131,89.31892276
1895.295131,89.21456499
1895.295131,89.11020723
1895.295131,89.00584947
1895.295131,88.90149171
1895.295131,88.79713394
1895.295131,88.69277618
1895.295131,88.58841842
1895.295131,88.48406065
1895.295131,88.37970289
1895.295131,88.27534513
1895.295131,88.17098737
1895.295131,88.0666296
1895.295131,87.96227184
1895.295131,87.85791408
1895.295131,87.75355631
1899.461638,89.94506933
1899.461638,89.84071157
1899.461638,89.73635381
1899.461638,89.63199605
1899.461638,89.52763828
1899.461638,89.42328052
1899.461638,89.31892276
1899.461638,89.21456499
1899.461638,89.11020723
1899.461638,89.00584947
1899.461638,88.90149171
1899.461638,88.79713394
1899.461638,88.69277618
1899.461638,88.58841842
1899.461638,88.48406065
1899.461638,88.37970289
1899.461638,88.27534513
1899.461638,88.17098737
1899.461638,88.0666296
1899.461638,87.96227184
1899.461638,87.85791408
1903.628144,89.94506933
1903.628144,89.84071157
1903.628144,89.73635381
1903.628144,89.63199605
1903.628144,89.52763828
1903.628144,89.42328052
1903.628144,89.31892276
1903.628144,89.21456499
1903.628144,89.11020723
1903.628144,89.00584947
1903.628144,88.90149171
1903.628144,88.79713394
1903.628144,88.69277618
1903.628144,88.58841842
1903.628144,88.48406065
1903.628144,88.37970289
1903.628144,88.27534513
1903.628144,88.17098737
1903.628144,88.0666296
1903.628144,87.96227184
1903.628144,87.85791408
1907.794651,89.94506933
1907.794651,89.73635381
1907.794651,89.63199605
1907.794651,89.52763828
1907.794651,89.42328052
1907.794651,89.31892276
1907.794651,89.21456499
1907.794651,89.11020723
1907.794651,89.00584947
1907.794651,88.90149171
1907.794651,88.79713394
1907.794651,88.69277618
1907.794651,88.58841842
1907.794651,88.48406065
1907.794651,88.37970289
1907.794651,88.27534513
1907.794651,88.17098737
1907.794651,88.0666296
1907.794651,87.96227184
1907.794651,87.85791408
1907.794651,87.75355631
1911.961158,89.94506933
1911.961158,89.73635381
1911.961158,89.63199605
1911.961158,89.52763828
1911.961158,89.42328052
1911.961158,89.31892276
1911.961158,89.21456499
1911.961158,89.11020723
1911.961158,89.00584947
1911.961158,88.90149171
1911.961158,88.79713394
1911.961158,88.69277618
1911.961158,88.58841842
1911.961158,88.48406065
1911.961158,88.37970289
1911.961158,88.27534513
1911.961158,88.17098737
1911.961158,88.0666296
1911.961158,87.96227184
1911.961158,87.85791408
1911.961158,87.75355631
1916.127665,89.94506933
1916.127665,89.73635381
1916.127665,89.63199605
1916.127665,89.52763828
1916.127665,89.42328052
1916.127665,89.31892276
1916.127665,89.21456499
1916.127665,89.11020723
1916.127665,89.00584947
1916.127665,88.90149171
1916.127665,88.79713394
1916.127665,88.69277618
1916.127665,88.58841842
1916.127665,88.48406065
1916.127665,88.37970289
1916.127665,88.27534513
1916.127665,88.17098737
1916.127665,88.0666296
1916.127665,87.96227184
1916.127665,87.85791408
1916.127665,87.75355631
1920.294171,89.94506933
1920.294171,89.84071157
1920.294171,89.73635381
1920.294171,89.63199605
1920.294171,89.52763828
1920.294171,89.42328052
1920.294171,89.31892276
1920.294171,89.21456499
1920.294171,89.11020723
1920.294171,89.00584947
1920.294171,88.90149171
1920.294171,88.79713394
1920.294171,88.69277618
1920.294171,88.58841842
1920.294171,88.48406065
1920.294171,88.37970289
1920.294171,88.27534513
1920.294171,88.17098737
1920.294171,88.0666296
1920.294171,87.96227184
1920.294171,87.85791408
1920.294171,87.75355631
1920.294171,87.64919855
1924.460678,89.94506933
1924.460678,89.84071157
1924.460678,89.73635381
1924.460678,89.63199605
1924.460678,89.52763828
1924.460678,89.42328052
1924.460678,89.31892276
1924.460678,89.21456499
1924.460678,89.11020723
1924.460678,89.00584947
1924.460678,88.90149171
1924.460678,88.79713394
1924.460678,88.69277618
1924.460678,88.58841842
1924.460678,88.48406065
1924.460678,88.37970289
1924.460678,88.27534513
1924.460678,88.17098737
1924.460678,88.0666296
1924.460678,87.96227184
1924.460678,87.85791408
1924.460678,87.75355631
1928.627185,89.94506933
1928.627185,89.84071157
1928.627185,89.73635381
1928.627185,89.63199605
1928.627185,89.52763828
1928.627185,89.42328052
1928.627185,89.31892276
1928.627185,89.21456499
1928.627185,89.11020723
1928.627185,89.00584947
1928.627185,88.90149171
1928.627185,88.79713394
1928.627185,88.69277618
1928.627185,88.58841842
1928.627185,88.48406065
1928.627185,88.37970289
1928.627185,88.27534513
1928.627185,88.17098737
1928.627185,88.0666296
1928.627185,87.96227184
1928.627185,87.85791408
1932.793692,89.94506933
1932.793692,89.84071157
1932.793692,89.73635381
1932.793692,89.63199605
1932.793692,89.52763828
1932.793692,89.42328052
1932.793692,89.31892276
1932.793692,89.21456499
1932.793692,89.11020723
1932.793692,89.00584947
1932.793692,88.90149171
1932.793692,88.79713394
1932.793692,88.69277618
1932.793692,88.58841842
1932.793692,88.48406065
1932.793692,88.37970289
1932.793692,88.27534513
1932.793692,88.17098737
1932.793692,88.0666296
1932.793692,87.96227184
1932.793692,87.85791408
1936.960199,89.94506933
1936.960199,89.73635381
1936.960199,89.63199605
1936.960199,89.52763828
1936.960199,89.42328052
1936.960199,89.31892276
1936.960199,89.21456499
1936.960199,89.11020723
1936.960199,89.00584947
1936.960199,88.90149171
1936.960199,88.79713394
1936.960199,88.69277618
1936.960199,88.58841842
1936.960199,88.48406065
1936.960199,88.37970289
1936.960199,88.27534513
1936.960199,88.17098737
1936.960199,88.0666296
1936.960199,87.96227184
1936.960199,87.85791408
1936.960199,87.75355631
1941.126705,89.94506933
1941.126705,89.63199605
1941.126705,89.52763828
1941.126705,89.42328052
1941.126705,89.31892276
1941.126705,89.21456499
1941.126705,89.11020723
1941.126705,89.00584947
1941.126705,88.90149171
1941.126705,88.79713394
1941.126705,88.69277618
1941.126705,88.58841842
1941.126705,88.48406065
1941.126705,88.37970289
1941.126705,88.27534513
1941.126705,88.17098737
1941.126705,88.0666296
1941.126705,87.96227184
1941.126705,87.85791408
1941.126705,87.75355631
1945.293212,89.94506933
1945.293212,89.63199605
1945.293212,89.52763828
1945.293212,89.42328052
1945.293212,89.31892276
1945.293212,89.21456499
1945.293212,89.11020723
1945.293212,89.00584947
1945.293212,88.90149171
1945.293212,88.79713394
1945.293212,88.69277618
1945.293212,88.58841842
1945.293212,88.48406065
1945.293212,88.37970289
1945.293212,88.27534513
1945.293212,88.17098737
1945.293212,88.0666296
1945.293212,87.96227184
1945.293212,87.85791408
1945.293212,87.75355631
1945.293212,87.64919855
1949.459719,89.94506933
1949.459719,89.63199605
1949.459719,89.52763828
1949.459719,89.42328052
1949.459719,89.31892276
1949.459719,89.21456499
1949.459719,89.11020723
1949.459719,89.00584947
1949.459719,88.90149171
1949.459719,88.79713394
1949.459719,88.69277618
1949.459719,88.58841842
1949.459719,88.48406065
1949.459719,88.37970289
1949.459719,88.27534513
1949.459719,88.17098737
1949.459719,88.0666296
1949.459719,87.96227184
1949.459719,87.85791408
1949.459719,87.75355631
1949.459719,87.64919855
1953.626226,89.94506933
1953.626226,89.73635381
1953.626226,89.63199605
1953.626226,89.52763828
1953.626226,89.42328052
1953.626226,89.31892276
1953.626226,89.21456499
1953.626226,89.11020723
1953.626226,89.00584947
1953.626226,88.90149171
1953.626226,88.79713394
1953.626226,88.69277618
1953.626226,88.58841842
1953.626226,88.48406065
1953.626226,88.37970289
1953.626226,88.27534513
1953.626226,88.17098737
1953.626226,88.0666296
1953.626226,87.96227184
1953.626226,87.85791408
1953.626226,87.75355631
1953.626226,87.64919855
1957.792733,89.94506933
1957.792733,89.63199605
1957.792733,89.52763828
1957.792733,89.42328052
1957.792733,89.31892276
1957.792733,89.21456499
1957.792733,89.11020723
1957.792733,89.00584947
1957.792733,88.90149171
1957.792733,88.79713394
1957.792733,88.69277618
1957.792733,88.58841842
1957.792733,88.48406065
1957.792733,88.37970289
1957.792733,88.27534513
1957.792733,88.17098737
1957.792733,88.0666296
1957.792733,87.96227184
1957.792733,87.85791408
1957.792733,87.75355631
1957.792733,87.64919855
1957.792733,87.54484079
1961.959239,89.94506933
1961.959239,89.63199605
1961.959239,89.52763828
1961.959239,89.42328052
1961.959239,89.31892276
1961.959239,89.21456499
1961.959239,89.11020723
1961.959239,89.00584947
1961.959239,88.90149171
1961.959239,88.79713394
1961.959239,88.69277618
1961.959239,88.58841842
1961.959239,88.48406065
1961.959239,88.37970289
1961.959239,88.27534513
1961.959239,88.17098737
1961.959239,88.0666296
1961.959239,87.96227184
1961.959239,87.85791408
1961.959239,87.75355631
1961.959239,87.64919855
1961.959239,87.54484079
1961.959239,87.44048303
1966.125746,89.94506933
1966.125746,89.63199605
1966.125746,89.52763828
1966.125746,89.42328052
1966.125746,89.31892276
1966.125746,89.21456499
1966.125746,89.11020723
1966.125746,89.00584947
1966.125746,88.90149171
1966.125746,88.79713394
1966.125746,88.69277618
1966.125746,88.58841842
1966.125746,88.48406065
1966.125746,88.37970289
1966.125746,88.27534513
1966.125746,88.17098737
1966.125746,88.0666296
1966.125746,87.96227184
1966.125746,87.85791408
1966.125746,87.75355631
1966.125746,87.64919855
1966.125746,87.54484079
1970.292253,89.94506933
1970.292253,89.63199605
1970.292253,89.52763828
1970.292253,89.42328052
1970.292253,89.31892276
1970.292253,89.21456499
1970.292253,89.11020723
1970.292253,89.00584947
1970.292253,88.90149171
1970.292253,88.79713394
1970.292253,88.69277618
1970.292253,88.58841842
1970.292253,88.48406065
1970.292253,88.37970289
1970.292253,88.27534513
1970.292253,88.17098737
1970.292253,88.0666296
1970.292253,87.96227184
1970.292253,87.85791408
1970.292253,87.75355631
1970.292253,87.64919855
1970.292253,87.54484079
1974.45876,89.94506933
1974.45876,89.63199605
1974.45876,89.52763828
1974.45876,89.42328052
1974.45876,89.31892276
1974.45876,89.21456499
1974.45876,89.11020723
1974.45876,89.00584947
1974.45876,88.90149171
1974.45876,88.79713394
1974.45876,88.69277618
1974.45876,88.58841842
1974.45876,88.48406065
1974.45876,88.37970289
1974.45876,88.27534513
1974.45876,88.17098737
1974.45876,88.0666296
1974.45876,87.96227184
1974.45876,87.85791408
1974.45876,87.75355631
1974.45876,87.64919855
1974.45876,87.54484079
1978.625267,89.94506933
1978.625267,89.52763828
1978.625267,89.42328052
1978.625267,89.31892276
1978.625267,89.21456499
1978.625267,89.11020723
1978.625267,89.00584947
1978.625267,88.90149171
1978.625267,88.79713394
1978.625267,88.69277618
1978.625267,88.58841842
1978.625267,88.48406065
1978.625267,88.37970289
1978.625267,88.27534513
1978.625267,88.17098737
1978.625267,88.0666296
1978.625267,87.96227184
1978.625267,87.85791408
1978.625267,87.75355631
1978.625267,87.64919855
1978.625267,87.54484079
1978.625267,87.44048303
1982.791773,89.94506933
1982.791773,89.42328052
1982.791773,89.31892276
1982.791773,89.21456499
1982.791773,89.11020723
1982.791773,89.00584947
1982.791773,88.90149171
1982.791773,88.79713394
1982.791773,88.69277618
1982.791773,88.58841842
1982.791773,88.48406065
1982.791773,88.37970289
1982.791773,88.27534513
1982.791773,88.17098737
1982.791773,88.0666296
1982.791773,87.96227184
1982.791773,87.85791408
1982.791773,87.75355631
1982.791773,87.64919855
1982.791773,87.54484079
1982.791773,87.44048303
1986.95828,89.94506933
1986.95828,89.31892276
1986.95828,89.21456499
1986.95828,89.11020723
1986.95828,89.00584947
1986.95828,88.90149171
1986.95828,88.79713394
1986.95828,88.69277618
1986.95828,88.58841842
1986.95828,88.48406065
1986.95828,88.37970289
1986.95828,88.27534513
1986.95828,88.17098737
1986.95828,88.0666296
1986.95828,87.96227184
1986.95828,87.85791408
1986.95828,87.75355631
1986.95828,87.64919855
1986.95828,87.54484079
1986.95828,87.44048303
1986.95828,87.33612526
1991.124787,89.94506933
1991.124787,89.42328052
1991.124787,89.31892276
1991.124787,89.21456499
1991.124787,89.11020723
1991.124787,89.00584947
1991.124787,88.90149171
1991.124787,88.79713394
1991.124787,88.69277618
1991.124787,88.58841842
1991.124787,88.48406065
1991.124787,88.37970289
1991.124787,88.27534513
1991.124787,88.17098737
1991.124787,88.0666296
1991.124787,87.96227184
1991.124787,87.85791408
1991.124787,87.75355631
1991.124787,87.64919855
1991.124787,87.54484079
1991.124787,87.44048303
1995.291294,89.94506933
1995.291294,89.52763828
1995.291294,89.42328052
1995.291294,89.31892276
1995.291294,89.21456499
1995.291294,89.11020723
1995.291294,89.00584947
1995.291294,88.90149171
1995.291294,88.79713394
1995.291294,88.69277618
1995.291294,88.58841842
1995.291294,88.48406065
1995.291294,88.37970289
1995.291294,88.27534513
1995.291294,88.17098737
1995.291294,88.0666296
1995.291294,87.96227184
1995.291294,87.85791408
1995.291294,87.75355631
1995.291294,87.64919855
1995.291294,87.54484079
1995.291294,87.44048303
1995.291294,87.33612526
1999.457801,89.94506933
1999.457801,89.52763828
1999.457801,89.42328052
1999.457801,89.31892276
1999.457801,89.21456499
1999.457801,89.11020723
1999.457801,89.00584947
1999.457801,88.90149171
1999.457801,88.79713394
1999.457801,88.69277618
1999.457801,88.58841842
1999.457801,88.48406065
1999.457801,88.37970289
1999.457801,88.27534513
1999.457801,88.17098737
1999.457801,88.0666296
1999.457801,87.96227184
1999.457801,87.85791408
1999.457801,87.75355631
1999.457801,87.64919855
1999.457801,87.54484079
1999.457801,87.44048303
2003.624307,89.94506933
2003.624307,89.42328052
2003.624307,89.31892276
2003.624307,89.21456499
2003.624307,89.11020723
2003.624307,89.00584947
2003.624307,88.90149171
2003.624307,88.79713394
2003.624307,88.69277618
2003.624307,88.58841842
2003.624307,88.48406065
2003.624307,88.37970289
2003.624307,88.27534513
2003.624307,88.17098737
2003.624307,88.0666296
2003.624307,87.96227184
2003.624307,87.85791408
2003.624307,87.75355631
2003.624307,87.64919855
2003.624307,87.54484079
2003.624307,87.44048303
2007.790814,89.94506933
2007.790814,89.31892276
2007.790814,89.21456499
2007.790814,89.11020723
2007.790814,89.00584947
2007.790814,88.90149171
2007.790814,88.79713394
2007.790814,88.69277618
2007.790814,88.58841842
2007.790814,88.48406065
2007.790814,88.37970289
2007.790814,88.27534513
2007.790814,88.17098737
2007.790814,88.0666296
2007.790814,87.96227184
2007.790814,87.85791408
2007.790814,87.75355631
2007.790814,87.64919855
2007.790814,87.54484079
2007.790814,87.44048303
2011.957321,89.94506933
2011.957321,89.31892276
2011.957321,89.21456499
2011.957321,89.11020723
2011.957321,89.00584947
2011.957321,88.90149171
2011.957321,88.79713394
2011.957321,88.69277618
2011.957321,88.58841842
2011.957321,88.48406065
2011.957321,88.37970289
2011.957321,88.27534513
2011.957321,88.17098737
2011.957321,88.0666296
2011.957321,87.96227184
2011.957321,87.85791408
2011.957321,87.75355631
2011.957321,87.64919855
2011.957321,87.54484079
2011.957321,87.44048303
2011.957321,87.33612526
2016.123828,89.94506933
2016.123828,89.21456499
2016.123828,89.11020723
2016.123828,89.00584947
2016.123828,88.90149171
2016.123828,88.79713394
2016.123828,88.69277618
2016.123828,88.58841842
2016.123828,88.48406065
2016.123828,88.37970289
2016.123828,88.27534513
2016.123828,88.17098737
2016.123828,88.0666296
2016.123828,87.96227184
2016.123828,87.85791408
2016.123828,87.75355631
2016.123828,87.64919855
2016.123828,87.54484079
2016.123828,87.44048303
2016.123828,87.33612526
2016.123828,87.2317675
2020.290335,89.94506933
2020.290335,89.21456499
2020.290335,89.11020723
2020.290335,89.00584947
2020.290335,88.90149171
2020.290335,88.79713394
2020.290335,88.69277618
2020.290335,88.58841842
2020.290335,88.48406065
2020.290335,88.37970289
2020.290335,88.27534513
2020.290335,88.17098737
2020.290335,88.0666296
2020.290335,87.96227184
2020.290335,87.85791408
2020.290335,87.75355631
2020.290335,87.64919855
2020.290335,87.54484079
2020.290335,87.44048303
2020.290335,87.33612526
2020.290335,87.2317675
2020.290335,87.12740974
2024.456841,89.94506933
2024.456841,89.21456499
2024.456841,89.11020723
2024.456841,89.00584947
2024.456841,88.90149171
2024.456841,88.79713394
2024.456841,88.69277618
2024.456841,88.58841842
2024.456841,88.48406065
2024.456841,88.37970289
2024.456841,88.27534513
2024.456841,88.17098737
2024.456841,88.0666296
2024.456841,87.96227184
2024.456841,87.85791408
2024.456841,87.75355631
2024.456841,87.64919855
2024.456841,87.54484079
2024.456841,87.44048303
2024.456841,87.33612526
2024.456841,87.2317675
2024.456841,87.12740974
2028.623348,89.94506933
2028.623348,89.21456499
2028.623348,89.11020723
2028.623348,89.00584947
2028.623348,88.90149171
2028.623348,88.79713394
2028.623348,88.69277618
2028.623348,88.58841842
2028.623348,88.48406065
2028.623348,88.37970289
2028.623348,88.27534513
2028.623348,88.17098737
2028.623348,88.0666296
2028.623348,87.96227184
2028.623348,87.85791408
2028.623348,87.75355631
2028.623348,87.64919855
2028.623348,87.54484079
2028.623348,87.44048303
2028.623348,87.33612526
2028.623348,87.2317675
2028.623348,87.12740974
2032.789855,89.94506933
2032.789855,89.11020723
2032.789855,89.00584947
2032.789855,88.90149171
2032.789855,88.79713394
2032.789855,88.69277618
2032.789855,88.58841842
2032.789855,88.48406065
2032.789855,88.37970289
2032.789855,88.27534513
2032.789855,88.17098737
2032.789855,88.0666296
2032.789855,87.96227184
2032.789855,87.85791408
2032.789855,87.75355631
2032.789855,87.64919855
2032.789855,87.54484079
2032.789855,87.44048303
2032.789855,87.33612526
2032.789855,87.2317675
2032.789855,87.12740974
2032.789855,87.02305197
2036.956362,89.00584947
2036.956362,88.90149171
2036.956362,88.79713394
2036.956362,88.69277618
2036.956362,88.58841842
2036.956362,88.48406065
2036.956362,88.37970289
2036.956362,88.27534513
2036.956362,88.17098737
2036.956362,88.0666296
2036.956362,87.96227184
2036.956362,87.85791408
2036.956362,87.75355631
2036.956362,87.64919855
2036.956362,87.54484079
2036.956362,87.44048303
2036.956362,87.33612526
2036.956362,87.2317675
2036.956362,87.12740974
2036.956362,87.02305197
2036.956362,86.91869421
2041.122869,88.90149171
2041.122869,88.79713394
2041.122869,88.69277618
2041.122869,88.58841842
2041.122869,88.48406065
2041.122869,88.37970289
2041.122869,88.27534513
2041.122869,88.17098737
2041.122869,88.0666296
2041.122869,87.96227184
2041.122869,87.85791408
2041.122869,87.75355631
2041.122869,87.64919855
2041.122869,87.54484079
2041.122869,87.44048303
2041.122869,87.33612526
2041.122869,87.2317675
2041.122869,87.12740974
2041.122869,87.02305197
2041.122869,86.91869421
2041.122869,86.81433645
2045.289375,88.79713394
2045.289375,88.69277618
2045.289375,88.58841842
2045.289375,88.48406065
2045.289375,88.37970289
2045.289375,88.27534513
2045.289375,88.17098737
2045.289375,88.0666296
2045.289375,87.96227184
2045.289375,87.85791408
2045.289375,87.75355631
2045.289375,87.64919855
2045.289375,87.54484079
2045.289375,87.44048303
2045.289375,87.33612526
2045.289375,87.2317675
2045.289375,87.12740974
2045.289375,87.02305197
2045.289375,86.91869421
2045.289375,86.81433645
2045.289375,86.70997869
2049.455882,88.79713394
2049.455882,88.69277618
2049.455882,88.58841842
2049.455882,88.48406065
2049.455882,88.37970289
2049.455882,88.27534513
2049.455882,88.17098737
2049.455882,88.0666296
2049.455882,87.96227184
2049.455882,87.85791408
2049.455882,87.75355631
2049.455882,87.64919855
2049.455882,87.54484079
2049.455882,87.44048303
2049.455882,87.33612526
2049.455882,87.2317675
2049.455882,87.12740974
2049.455882,87.02305197
2049.455882,86.91869421
2049.455882,86.81433645
2049.455882,86.70997869
2053.622389,88.79713394
2053.622389,88.69277618
2053.622389,88.58841842
2053.622389,88.48406065
2053.622389,88.37970289
2053.622389,88.27534513
2053.622389,88.17098737
2053.622389,88.0666296
2053.622389,87.96227184
2053.622389,87.85791408
2053.622389,87.75355631
2053.622389,87.64919855
2053.622389,87.54484079
2053.622389,87.44048303
2053.622389,87.33612526
2053.622389,87.2317675
2053.622389,87.12740974
2053.622389,87.02305197
2053.622389,86.91869421
2053.622389,86.81433645
2057.788896,88.79713394
2057.788896,88.69277618
2057.788896,88.58841842
2057.788896,88.48406065
2057.788896,88.37970289
2057.788896,88.27534513
2057.788896,88.17098737
2057.788896,88.0666296
2057.788896,87.96227184
2057.788896,87.85791408
2057.788896,87.75355631
2057.788896,87.64919855
2057.788896,87.54484079
2057.788896,87.44048303
2057.788896,87.33612526
2057.788896,87.2317675
2057.788896,87.12740974
2057.788896,87.02305197
2057.788896,86.91869421
2057.788896,86.81433645
2061.955403,88.79713394
2061.955403,88.69277618
2061.955403,88.58841842
2061.955403,88.48406065
2061.955403,88.37970289
2061.955403,88.27534513
2061.955403,88.17098737
2061.955403,88.0666296
2061.955403,87.96227184
2061.955403,87.85791408
2061.955403,87.75355631
2061.955403,87.64919855
2061.955403,87.54484079
2061.955403,87.44048303
2061.955403,87.33612526
2061.955403,87.2317675
2061.955403,87.12740974
2061.955403,87.02305197
2061.955403,86.91869421
2066.121909,88.79713394
2066.121909,88.69277618
2066.121909,88.58841842
2066.121909,88.48406065
2066.121909,88.37970289
2066.121909,88.27534513
2066.121909,88.17098737
2066.121909,88.0666296
2066.121909,87.96227184
2066.121909,87.85791408
2066.121909,87.75355631
2066.121909,87.64919855
2066.121909,87.54484079
2066.121909,87.44048303
2066.121909,87.33612526
2066.121909,87.2317675
2066.121909,87.12740974
2066.121909,87.02305197
2066.121909,86.91869421
2070.288416,88.79713394
2070.288416,88.69277618
2070.288416,88.58841842
2070.288416,88.48406065
2070.288416,88.37970289
2070.288416,88.27534513
2070.288416,88.17098737
2070.288416,88.0666296
2070.288416,87.96227184
2070.288416,87.85791408
2070.288416,87.75355631
2070.288416,87.64919855
2070.288416,87.54484079
2070.288416,87.44048303
2070.288416,87.33612526
2070.288416,87.2317675
2070.288416,87.12740974
2070.288416,87.02305197
2070.288416,86.91869421
2074.454923,88.79713394
2074.454923,88.69277618
2074.454923,88.58841842
2074.454923,88.48406065
2074.454923,88.37970289
2074.454923,88.27534513
2074.454923,88.17098737
2074.454923,88.0666296
2074.454923,87.96227184
2074.454923,87.85791408
2074.454923,87.75355631
2074.454923,87.64919855
2074.454923,87.54484079
2074.454923,87.44048303
2074.454923,87.33612526
2074.454923,87.2317675
2074.454923,87.12740974
2074.454923,87.02305197
2074.454923,86.91869421
2078.62143,88.90149171
2078.62143,88.79713394
2078.62143,88.69277618
2078.62143,88.58841842
2078.62143,88.48406065
2078.62143,88.37970289
2078.62143,88.27534513
2078.62143,88.17098737
2078.62143,88.0666296
2078.62143,87.96227184
2078.62143,87.85791408
2078.62143,87.75355631
2078.62143,87.64919855
2078.62143,87.54484079
2078.62143,87.44048303
2078.62143,87.33612526
2078.62143,87.2317675
2078.62143,87.12740974
2078.62143,87.02305197
2082.787937,88.79713394
2082.787937,88.69277618
2082.787937,88.58841842
2082.787937,88.48406065
2082.787937,88.37970289
2082.787937,88.27534513
2082.787937,88.17098737
2082.787937,88.0666296
2082.787937,87.96227184
2082.787937,87.85791408
2082.787937,87.75355631
2082.787937,87.64919855
2082.787937,87.54484079
2082.787937,87.44048303
2082.787937,87.33612526
2082.787937,87.2317675
2082.787937,87.12740974
2082.787937,87.02305197
2082.787937,86.91869421
2086.954443,88.69277618
2086.954443,88.58841842
2086.954443,88.48406065
2086.954443,88.37970289
2086.954443,88.27534513
2086.954443,88.17098737
2086.954443,88.0666296
2086.954443,87.96227184
2086.954443,87.85791408
2086.954443,87.75355631
2086.954443,87.64919855
2086.954443,87.54484079
2086.954443,87.44048303
2086.954443,87.33612526
2086.954443,87.2317675
2086.954443,87.12740974
2086.954443,87.02305197
2086.954443,86.91869421
2086.954443,86.81433645
2091.12095,88.69277618
2091.12095,88.58841842
2091.12095,88.48406065
2091.12095,88.37970289
2091.12095,88.27534513
2091.12095,88.17098737
2091.12095,88.0666296
2091.12095,87.96227184
2091.12095,87.85791408
2091.12095,87.75355631
2091.12095,87.64919855
2091.12095,87.54484079
2091.12095,87.44048303
2091.12095,87.33612526
2091.12095,87.2317675
2091.12095,87.12740974
2091.12095,87.02305197
2091.12095,86.91869421
2091.12095,86.81433645
2091.12095,86.70997869
2095.287457,88.58841842
2095.287457,88.48406065
2095.287457,88.37970289
2095.287457,88.27534513
2095.287457,88.17098737
2095.287457,88.0666296
2095.287457,87.96227184
2095.287457,87.85791408
2095.287457,87.75355631
2095.287457,87.64919855
2095.287457,87.54484079
2095.287457,87.44048303
2095.287457,87.33612526
2095.287457,87.2317675
2095.287457,87.12740974
2095.287457,87.02305197
2095.287457,86.91869421
2095.287457,86.81433645
2095.287457,86.70997869
2099.453964,88.48406065
2099.453964,88.37970289
2099.453964,88.27534513
2099.453964,88.17098737
2099.453964,88.0666296
2099.453964,87.96227184
2099.453964,87.85791408
2099.453964,87.75355631
2099.453964,87.64919855
2099.453964,87.54484079
2099.453964,87.44048303
2099.453964,87.33612526
2099.453964,87.2317675
2099.453964,87.12740974
2099.453964,87.02305197
2099.453964,86.91869421
2099.453964,86.81433645
2099.453964,86.70997869
2099.453964,86.60562092
2103.62047,88.48406065
2103.62047,88.37970289
2103.62047,88.27534513
2103.62047,88.17098737
2103.62047,88.0666296
2103.62047,87.96227184
2103.62047,87.85791408
2103.62047,87.75355631
2103.62047,87.64919855
2103.62047,87.54484079
2103.62047,87.44048303
2103.62047,87.33612526
2103.62047,87.2317675
2103.62047,87.12740974
2103.62047,87.02305197
2103.62047,86.91869421
2103.62047,86.81433645
2103.62047,86.70997869
2103.62047,86.60562092
2107.786977,88.48406065
2107.786977,88.37970289
2107.786977,88.27534513
2107.786977,88.17098737
2107.786977,88.0666296
2107.786977,87.96227184
2107.786977,87.85791408
2107.786977,87.75355631
2107.786977,87.64919855
2107.786977,87.54484079
2107.786977,87.44048303
2107.786977,87.33612526
2107.786977,87.2317675
2107.786977,87.12740974
2107.786977,87.02305197
2107.786977,86.91869421
2107.786977,86.81433645
2107.786977,86.70997869
2107.786977,86.60562092
2111.953484,88.48406065
2111.953484,88.37970289
2111.953484,88.27534513
2111.953484,88.17098737
2111.953484,88.0666296
2111.953484,87.96227184
2111.953484,87.85791408
2111.953484,87.75355631
2111.953484,87.64919855
2111.953484,87.54484079
2111.953484,87.44048303
2111.953484,87.33612526
2111.953484,87.2317675
2111.953484,87.12740974
2111.953484,87.02305197
2111.953484,86.91869421
2111.953484,86.81433645
2111.953484,86.70997869
2111.953484,86.60562092
2116.119991,88.48406065
2116.119991,88.37970289
2116.119991,88.27534513
2116.119991,88.17098737
2116.119991,88.0666296
2116.119991,87.96227184
2116.119991,87.85791408
2116.119991,87.75355631
2116.119991,87.64919855
2116.119991,87.54484079
2116.119991,87.44048303
2116.119991,87.33612526
2116.119991,87.2317675
2116.119991,87.12740974
2116.119991,87.02305197
2116.119991,86.91869421
2116.119991,86.81433645
2116.119991,86.70997869
2116.119991,86.60562092
2120.286498,88.37970289
2120.286498,88.27534513
2120.286498,88.17098737
2120.286498,88.0666296
2120.286498,87.96227184
2120.286498,87.85791408
2120.286498,87.75355631
2120.286498,87.64919855
2120.286498,87.54484079
2120.286498,87.44048303
2120.286498,87.33612526
2120.286498,87.2317675
2120.286498,87.12740974
2120.286498,87.02305197
2120.286498,86.91869421
2120.286498,86.81433645
2120.286498,86.70997869
2120.286498,86.60562092
2124.453004,88.37970289
2124.453004,88.27534513
2124.453004,88.17098737
2124.453004,88.0666296
2124.453004,87.96227184
2124.453004,87.85791408
2124.453004,87.75355631
2124.453004,87.64919855
2124.453004,87.54484079
2124.453004,87.44048303
2124.453004,87.33612526
2124.453004,87.2317675
2124.453004,87.12740974
2124.453004,87.02305197
2124.453004,86.91869421
2124.453004,86.81433645
2124.453004,86.70997869
2124.453004,86.60562092
2124.453004,86.50126316
2128.619511,88.37970289
2128.619511,88.27534513
2128.619511,88.17098737
2128.619511,88.0666296
2128.619511,87.96227184
2128.619511,87.85791408
2128.619511,87.75355631
2128.619511,87.64919855
2128.619511,87.54484079
2128.619511,87.44048303
2128.619511,87.33612526
2128.619511,87.2317675
2128.619511,87.12740974
2128.619511,87.02305197
2128.619511,86.91869421
2128.619511,86.81433645
2128.619511,86.70997869
2128.619511,86.60562092
2128.619511,86.50126316
2132.786018,88.37970289
2132.786018,88.27534513
2132.786018,88.17098737
2132.786018,88.0666296
2132.786018,87.96227184
2132.786018,87.85791408
2132.786018,87.75355631
2132.786018,87.64919855
2132.786018,87.54484079
2132.786018,87.44048303
2132.786018,87.33612526
2132.786018,87.2317675
2132.786018,87.12740974
2132.786018,87.02305197
2132.786018,86.91869421
2132.786018,86.81433645
2132.786018,86.70997869
2132.786018,86.60562092
2132.786018,86.50126316
2136.952525,88.27534513
2136.952525,88.17098737
2136.952525,88.0666296
2136.952525,87.96227184
2136.952525,87.85791408
2136.952525,87.75355631
2136.952525,87.64919855
2136.952525,87.54484079
2136.952525,87.44048303
2136.952525,87.33612526
2136.952525,87.2317675
2136.952525,87.12740974
2136.952525,87.02305197
2136.952525,86.91869421
2136.952525,86.81433645
2136.952525,86.70997869
2136.952525,86.60562092
2136.952525,86.50126316
2141.119032,88.27534513
2141.119032,88.17098737
2141.119032,88.0666296
2141.119032,87.96227184
2141.119032,87.85791408
2141.119032,87.75355631
2141.119032,87.64919855
2141.119032,87.54484079
2141.119032,87.44048303
2141.119032,87.33612526
2141.119032,87.2317675
2141.119032,87.12740974
2141.119032,87.02305197
2141.119032,86.91869421
2141.119032,86.81433645
2141.119032,86.70997869
2141.119032,86.60562092
2141.119032,86.50126316
2141.119032,86.3969054
2145.285538,88.37970289
2145.285538,88.27534513
2145.285538,88.17098737
2145.285538,88.0666296
2145.285538,87.96227184
2145.285538,87.85791408
2145.285538,87.75355631
2145.285538,87.64919855
2145.285538,87.54484079
2145.285538,87.44048303
2145.285538,87.33612526
2145.285538,87.2317675
2145.285538,87.12740974
2145.285538,87.02305197
2145.285538,86.91869421
2145.285538,86.81433645
2145.285538,86.70997869
2145.285538,86.60562092
2145.285538,86.50126316
2145.285538,86.3969054
2149.452045,88.37970289
2149.452045,88.27534513
2149.452045,88.17098737
2149.452045,88.0666296
2149.452045,87.96227184
2149.452045,87.85791408
2149.452045,87.75355631
2149.452045,87.64919855
2149.452045,87.54484079
2149.452045,87.44048303
2149.452045,87.33612526
2149.452045,87.2317675
2149.452045,87.12740974
2149.452045,87.02305197
2149.452045,86.91869421
2149.452045,86.81433645
2149.452045,86.70997869
2149.452045,86.60562092
2149.452045,86.50126316
2153.618552,88.37970289
2153.618552,88.27534513
2153.618552,88.17098737
2153.618552,88.0666296
2153.618552,87.96227184
2153.618552,87.85791408
2153.618552,87.75355631
2153.618552,87.64919855
2153.618552,87.54484079
2153.618552,87.44048303
2153.618552,87.33612526
2153.618552,87.2317675
2153.618552,87.12740974
2153.618552,87.02305197
2153.618552,86.91869421
2153.618552,86.81433645
2153.618552,86.70997869
2153.618552,86.60562092
2153.618552,86.50126316
2157.785059,88.27534513
2157.785059,88.17098737
2157.785059,88.0666296
2157.785059,87.96227184
2157.785059,87.85791408
2157.785059,87.75355631
2157.785059,87.64919855
2157.785059,87.54484079
2157.785059,87.44048303
2157.785059,87.33612526
2157.785059,87.2317675
2157.785059,87.12740974
2157.785059,87.02305197
2157.785059,86.91869421
2157.785059,86.81433645
2157.785059,86.70997869
2157.785059,86.60562092
2157.785059,86.50126316
2157.785059,86.3969054
2161.951566,88.37970289
2161.951566,88.27534513
2161.951566,88.17098737
2161.951566,88.0666296
2161.951566,87.96227184
2161.951566,87.85791408
2161.951566,87.75355631
2161.951566,87.64919855
2161.951566,87.54484079
2161.951566,87.44048303
2161.951566,87.33612526
2161.951566,87.2317675
2161.951566,87.12740974
2161.951566,87.02305197
2161.951566,86.91869421
2161.951566,86.81433645
2161.951566,86.70997869
2161.951566,86.60562092
2161.951566,86.50126316
2161.951566,86.3969054
2166.118072,88.37970289
2166.118072,88.27534513
2166.118072,88.17098737
2166.118072,88.0666296
2166.118072,87.96227184
2166.118072,87.85791408
2166.118072,87.75355631
2166.118072,87.64919855
2166.118072,87.54484079
2166.118072,87.44048303
2166.118072,87.33612526
2166.118072,87.2317675
2166.118072,87.12740974
2166.118072,87.02305197
2166.118072,86.91869421
2166.118072,86.81433645
2166.118072,86.70997869
2166.118072,86.60562092
2166.118072,86.50126316
2170.284579,88.37970289
2170.284579,88.27534513
2170.284579,88.17098737
2170.284579,88.0666296
2170.284579,87.96227184
2170.284579,87.85791408
2170.284579,87.75355631
2170.284579,87.64919855
2170.284579,87.54484079
2170.284579,87.44048303
2170.284579,87.33612526
2170.284579,87.2317675
2170.284579,87.12740974
2170.284579,87.02305197
2170.284579,86.91869421
2170.284579,86.81433645
2170.284579,86.70997869
2170.284579,86.60562092
2170.284579,86.50126316
2174.451086,88.27534513
2174.451086,88.17098737
2174.451086,88.0666296
2174.451086,87.96227184
2174.451086,87.85791408
2174.451086,87.75355631
2174.451086,87.64919855
2174.451086,87.54484079
2174.451086,87.44048303
2174.451086,87.33612526
2174.451086,87.2317675
2174.451086,87.12740974
2174.451086,87.02305197
2174.451086,86.91869421
2174.451086,86.81433645
2174.451086,86.70997869
2174.451086,86.60562092
2174.451086,86.50126316
2174.451086,86.3969054
2178.617593,88.27534513
2178.617593,88.17098737
2178.617593,88.0666296
2178.617593,87.96227184
2178.617593,87.85791408
2178.617593,87.75355631
2178.617593,87.64919855
2178.617593,87.54484079
2178.617593,87.44048303
2178.617593,87.33612526
2178.617593,87.2317675
2178.617593,87.12740974
2178.617593,87.02305197
2178.617593,86.91869421
2178.617593,86.81433645
2178.617593,86.70997869
2178.617593,86.60562092
2178.617593,86.50126316
2178.617593,86.3969054
2182.7841,88.27534513
2182.7841,88.17098737
2182.7841,88.0666296
2182.7841,87.96227184
2182.7841,87.85791408
2182.7841,87.75355631
2182.7841,87.64919855
2182.7841,87.54484079
2182.7841,87.44048303
2182.7841,87.33612526
2182.7841,87.2317675
2182.7841,87.12740974
2182.7841,87.02305197
2182.7841,86.91869421
2182.7841,86.81433645
2182.7841,86.70997869
2182.7841,86.60562092
2182.7841,86.50126316
2182.7841,86.3969054
2182.7841,86.29254763
2186.950606,88.17098737
2186.950606,88.0666296
2186.950606,87.96227184
2186.950606,87.85791408
2186.950606,87.75355631
2186.950606,87.64919855
2186.950606,87.54484079
2186.950606,87.44048303
2186.950606,87.33612526
2186.950606,87.2317675
2186.950606,87.12740974
2186.950606,87.02305197
2186.950606,86.91869421
2186.950606,86.81433645
2186.950606,86.70997869
2186.950606,86.60562092
2186.950606,86.50126316
2186.950606,86.3969054
2186.950606,86.29254763
2191.117113,88.17098737
2191.117113,88.0666296
2191.117113,87.96227184
2191.117113,87.85791408
2191.117113,87.75355631
2191.117113,87.64919855
2191.117113,87.54484079
2191.117113,87.44048303
2191.117113,87.33612526
2191.117113,87.2317675
2191.117113,87.12740974
2191.117113,87.02305197
2191.117113,86.91869421
2191.117113,86.81433645
2191.117113,86.70997869
2191.117113,86.60562092
2191.117113,86.50126316
2191.117113,86.3969054
2191.117113,86.29254763
2195.28362,88.0666296
2195.28362,87.96227184
2195.28362,87.85791408
2195.28362,87.75355631
2195.28362,87.64919855
2195.28362,87.54484079
2195.28362,87.44048303
2195.28362,87.33612526
2195.28362,87.2317675
2195.28362,87.12740974
2195.28362,87.02305197
2195.28362,86.91869421
2195.28362,86.81433645
2195.28362,86.70997869
2195.28362,86.60562092
2195.28362,86.50126316
2195.28362,86.3969054
2195.28362,86.29254763
2195.28362,86.18818987
2199.450127,88.0666296
2199.450127,87.96227184
2199.450127,87.85791408
2199.450127,87.75355631
2199.450127,87.64919855
2199.450127,87.54484079
2199.450127,87.44048303
2199.450127,87.33612526
2199.450127,87.2317675
2199.450127,87.12740974
2199.450127,87.02305197
2199.450127,86.91869421
2199.450127,86.81433645
2199.450127,86.70997869
2199.450127,86.60562092
2199.450127,86.50126316
2199.450127,86.3969054
2199.450127,86.29254763
2199.450127,86.18818987
2203.616634,88.0666296
2203.616634,87.96227184
2203.616634,87.85791408
2203.616634,87.75355631
2203.616634,87.64919855
2203.616634,87.54484079
2203.616634,87.44048303
2203.616634,87.33612526
2203.616634,87.2317675
2203.616634,87.12740974
2203.616634,87.02305197
2203.616634,86.91869421
2203.616634,86.81433645
2203.616634,86.70997869
2203.616634,86.60562092
2203.616634,86.50126316
2203.616634,86.3969054
2203.616634,86.29254763
2203.616634,86.18818987
2203.616634,86.08383211
2207.78314,88.0666296
2207.78314,87.96227184
2207.78314,87.85791408
2207.78314,87.75355631
2207.78314,87.64919855
2207.78314,87.54484079
2207.78314,87.44048303
2207.78314,87.33612526
2207.78314,87.2317675
2207.78314,87.12740974
2207.78314,87.02305197
2207.78314,86.91869421
2207.78314,86.81433645
2207.78314,86.70997869
2207.78314,86.60562092
2207.78314,86.50126316
2207.78314,86.3969054
2207.78314,86.29254763
2207.78314,86.18818987
2211.949647,87.96227184
2211.949647,87.85791408
2211.949647,87.75355631
2211.949647,87.64919855
2211.949647,87.54484079
2211.949647,87.44048303
2211.949647,87.33612526
2211.949647,87.2317675
2211.949647,87.12740974
2211.949647,87.02305197
2211.949647,86.91869421
2211.949647,86.81433645
2211.949647,86.70997869
2211.949647,86.60562092
2211.949647,86.50126316
2211.949647,86.3969054
2211.949647,86.29254763
2211.949647,86.18818987
2216.116154,87.96227184
2216.116154,87.85791408
2216.116154,87.75355631
2216.116154,87.64919855
2216.116154,87.54484079
2216.116154,87.44048303
2216.116154,87.33612526
2216.116154,87.2317675
2216.116154,87.12740974
2216.116154,87.02305197
2216.116154,86.91869421
2216.116154,86.81433645
2216.116154,86.70997869
2216.116154,86.60562092
2216.116154,86.50126316
2216.116154,86.3969054
2216.116154,86.29254763
2216.116154,86.18818987
2216.116154,86.08383211
2220.282661,87.85791408
2220.282661,87.75355631
2220.282661,87.64919855
2220.282661,87.54484079
2220.282661,87.44048303
2220.282661,87.33612526
2220.282661,87.2317675
2220.282661,87.12740974
2220.282661,87.02305197
2220.282661,86.91869421
2220.282661,86.81433645
2220.282661,86.70997869
2220.282661,86.60562092
2220.282661,86.50126316
2220.282661,86.3969054
2220.282661,86.29254763
2220.282661,86.18818987
2220.282661,86.08383211
2220.282661,85.97947435
2224.449168,87.85791408
2224.449168,87.75355631
2224.449168,87.64919855
2224.449168,87.54484079
2224.449168,87.44048303
2224.449168,87.33612526
2224.449168,87.2317675
2224.449168,87.12740974
2224.449168,87.02305197
2224.449168,86.91869421
2224.449168,86.81433645
2224.449168,86.70997869
2224.449168,86.60562092
2224.449168,86.50126316
2224.449168,86.3969054
2224.449168,86.29254763
2224.449168,86.18818987
2224.449168,86.08383211
2224.449168,85.97947435
2228.615674,87.85791408
2228.615674,87.75355631
2228.615674,87.64919855
2228.615674,87.54484079
2228.615674,87.44048303
2228.615674,87.33612526
2228.615674,87.2317675
2228.615674,87.12740974
2228.615674,87.02305197
2228.615674,86.91869421
2228.615674,86.81433645
2228.615674,86.70997869
2228.615674,86.60562092
2228.615674,86.50126316
2228.615674,86.3969054
2228.615674,86.29254763
2228.615674,86.18818987
2228.615674,86.08383211
2228.615674,85.97947435
2232.782181,87.85791408
2232.782181,87.75355631
2232.782181,87.64919855
2232.782181,87.54484079
2232.782181,87.44048303
2232.782181,87.33612526
2232.782181,87.2317675
2232.782181,87.12740974
2232.782181,87.02305197
2232.782181,86.91869421
2232.782181,86.81433645
2232.782181,86.70997869
2232.782181,86.60562092
2232.782181,86.50126316
2232.782181,86.3969054
2232.782181,86.29254763
2232.782181,86.18818987
2232.782181,86.08383211
2232.782181,85.97947435
2236.948688,87.85791408
2236.948688,87.75355631
2236.948688,87.64919855
2236.948688,87.54484079
2236.948688,87.44048303
2236.948688,87.33612526
2236.948688,87.2317675
2236.948688,87.12740974
2236.948688,87.02305197
2236.948688,86.91869421
2236.948688,86.81433645
2236.948688,86.70997869
2236.948688,86.60562092
2236.948688,86.50126316
2236.948688,86.3969054
2236.948688,86.29254763
2236.948688,86.18818987
2236.948688,86.08383211
2236.948688,85.97947435
2241.115195,87.85791408
2241.115195,87.75355631
2241.115195,87.64919855
2241.115195,87.54484079
2241.115195,87.44048303
2241.115195,87.33612526
2241.115195,87.2317675
2241.115195,87.12740974
2241.115195,87.02305197
2241.115195,86.91869421
2241.115195,86.81433645
2241.115195,86.70997869
2241.115195,86.60562092
2241.115195,86.50126316
2241.115195,86.3969054
2241.115195,86.29254763
2241.115195,86.18818987
2241.115195,86.08383211
2241.115195,85.97947435
2245.281702,87.85791408
2245.281702,87.75355631
2245.281702,87.64919855
2245.281702,87.54484079
2245.281702,87.44048303
2245.281702,87.33612526
2245.281702,87.2317675
2245.281702,87.12740974
2245.281702,87.02305197
2245.281702,86.91869421
2245.281702,86.81433645
2245.281702,86.70997869
2245.281702,86.60562092
2245.281702,86.50126316
2245.281702,86.3969054
2245.281702,86.29254763
2245.281702,86.18818987
2245.281702,86.08383211
2245.281702,85.97947435
2245.281702,85.87511658
2249.448208,87.75355631
2249.448208,87.64919855
2249.448208,87.54484079
2249.448208,87.44048303
2249.448208,87.33612526
2249.448208,87.2317675
2249.448208,87.12740974
2249.448208,87.02305197
2249.448208,86.91869421
2249.448208,86.81433645
2249.448208,86.70997869
2249.448208,86.60562092
2249.448208,86.50126316
2249.448208,86.3969054
2249.448208,86.29254763
2249.448208,86.18818987
2249.448208,86.08383211
2249.448208,85.97947435
2249.448208,85.87511658
2253.614715,87.75355631
2253.614715,87.64919855
2253.614715,87.54484079
2253.614715,87.44048303
2253.614715,87.33612526
2253.614715,87.2317675
2253.614715,87.12740974
2253.614715,87.02305197
2253.614715,86.91869421
2253.614715,86.81433645
2253.614715,86.70997869
2253.614715,86.60562092
2253.614715,86.50126316
2253.614715,86.3969054
2253.614715,86.29254763
2253.614715,86.18818987
2253.614715,86.08383211
2253.614715,85.97947435
2253.614715,85.87511658
2257.781222,87.75355631
2257.781222,87.64919855
2257.781222,87.54484079
2257.781222,87.44048303
2257.781222,87.33612526
2257.781222,87.2317675
2257.781222,87.12740974
2257.781222,87.02305197
2257.781222,86.91869421
2257.781222,86.81433645
2257.781222,86.70997869
2257.781222,86.60562092
2257.781222,86.50126316
2257.781222,86.3969054
2257.781222,86.29254763
2257.781222,86.18818987
2257.781222,86.08383211
2257.781222,85.97947435
2257.781222,85.87511658
2261.947729,87.64919855
2261.947729,87.54484079
2261.947729,87.44048303
2261.947729,87.33612526
2261.947729,87.2317675
2261.947729,87.12740974
2261.947729,87.02305197
2261.947729,86.91869421
2261.947729,86.81433645
2261.947729,86.70997869
2261.947729,86.60562092
2261.947729,86.50126316
2261.947729,86.3969054
2261.947729,86.29254763
2261.947729,86.18818987
2261.947729,86.08383211
2261.947729,85.97947435
2261.947729,85.87511658
2266.114236,87.64919855
2266.114236,87.54484079
2266.114236,87.44048303
2266.114236,87.33612526
2266.114236,87.2317675
2266.114236,87.12740974
2266.114236,87.02305197
2266.114236,86.91869421
2266.114236,86.81433645
2266.114236,86.70997869
2266.114236,86.60562092
2266.114236,86.50126316
2266.114236,86.3969054
2266.114236,86.29254763
2266.114236,86.18818987
2266.114236,86.08383211
2266.114236,85.97947435
2266.114236,85.87511658
2266.114236,85.77075882
2270.280742,87.64919855
2270.280742,87.54484079
2270.280742,87.44048303
2270.280742,87.33612526
2270.280742,87.2317675
2270.280742,87.12740974
2270.280742,87.02305197
2270.280742,86.91869421
2270.280742,86.81433645
2270.280742,86.70997869
2270.280742,86.60562092
2270.280742,86.50126316
2270.280742,86.3969054
2270.280742,86.29254763
2270.280742,86.18818987
2270.280742,86.08383211
2270.280742,85.97947435
2270.280742,85.87511658
2270.280742,85.77075882
2274.447249,87.64919855
2274.447249,87.54484079
2274.447249,87.44048303
2274.447249,87.33612526
2274.447249,87.2317675
2274.447249,87.12740974
2274.447249,87.02305197
2274.447249,86.91869421
2274.447249,86.81433645
2274.447249,86.70997869
2274.447249,86.60562092
2274.447249,86.50126316
2274.447249,86.3969054
2274.447249,86.29254763
2274.447249,86.18818987
2274.447249,86.08383211
2274.447249,85.97947435
2274.447249,85.87511658
2274.447249,85.77075882
2278.613756,87.64919855
2278.613756,87.54484079
2278.613756,87.44048303
2278.613756,87.33612526
2278.613756,87.2317675
2278.613756,87.12740974
2278.613756,87.02305197
2278.613756,86.91869421
2278.613756,86.81433645
2278.613756,86.70997869
2278.613756,86.60562092
2278.613756,86.50126316
2278.613756,86.3969054
2278.613756,86.29254763
2278.613756,86.18818987
2278.613756,86.08383211
2278.613756,85.97947435
2278.613756,85.87511658
2278.613756,85.77075882
2282.780263,87.64919855
2282.780263,87.54484079
2282.780263,87.44048303
2282.780263,87.33612526
2282.780263,87.2317675
2282.780263,87.12740974
2282.780263,87.02305197
2282.780263,86.91869421
2282.780263,86.81433645
2282.780263,86.70997869
2282.780263,86.60562092
2282.780263,86.50126316
2282.780263,86.3969054
2282.780263,86.29254763
2282.780263,86.18818987
2282.780263,86.08383211
2282.780263,85.97947435
2282.780263,85.87511658
2282.780263,85.77075882
2286.946769,87.54484079
2286.946769,87.44048303
2286.946769,87.33612526
2286.946769,87.2317675
2286.946769,87.12740974
2286.946769,87.02305197
2286.946769,86.91869421
2286.946769,86.81433645
2286.946769,86.70997869
2286.946769,86.60562092
2286.946769,86.50126316
2286.946769,86.3969054
2286.946769,86.29254763
2286.946769,86.18818987
2286.946769,86.08383211
2286.946769,85.97947435
2286.946769,85.87511658
2286.946769,85.77075882
2291.113276,87.44048303
2291.113276,87.33612526
2291.113276,87.2317675
2291.113276,87.12740974
2291.113276,87.02305197
2291.113276,86.91869421
2291.113276,86.81433645
2291.113276,86.70997869
2291.113276,86.60562092
2291.113276,86.50126316
2291.113276,86.3969054
2291.113276,86.29254763
2291.113276,86.18818987
2291.113276,86.08383211
2291.113276,85.97947435
2291.113276,85.87511658
2291.113276,85.77075882
2291.113276,85.66640106
2295.279783,87.54484079
2295.279783,87.44048303
2295.279783,87.33612526
2295.279783,87.2317675
2295.279783,87.12740974
2295.279783,87.02305197
2295.279783,86.91869421
2295.279783,86.81433645
2295.279783,86.70997869
2295.279783,86.60562092
2295.279783,86.50126316
2295.279783,86.3969054
2295.279783,86.29254763
2295.279783,86.18818987
2295.279783,86.08383211
2295.279783,85.97947435
2295.279783,85.87511658
2295.279783,85.77075882
2295.279783,85.66640106
2299.44629,87.54484079
2299.44629,87.44048303
2299.44629,87.33612526
2299.44629,87.2317675
2299.44629,87.12740974
2299.44629,87.02305197
2299.44629,86.91869421
2299.44629,86.81433645
2299.44629,86.70997869
2299.44629,86.60562092
2299.44629,86.50126316
2299.44629,86.3969054
2299.44629,86.29254763
2299.44629,86.18818987
2299.44629,86.08383211
2299.44629,85.97947435
2299.44629,85.87511658
2299.44629,85.77075882
2303.612797,87.54484079
2303.612797,87.44048303
2303.612797,87.33612526
2303.612797,87.2317675
2303.612797,87.12740974
2303.612797,87.02305197
2303.612797,86.91869421
2303.612797,86.81433645
2303.612797,86.70997869
2303.612797,86.60562092
2303.612797,86.50126316
2303.612797,86.3969054
2303.612797,86.29254763
2303.612797,86.18818987
2303.612797,86.08383211
2303.612797,85.97947435
2303.612797,85.87511658
2303.612797,85.77075882
2303.612797,85.66640106
2307.779303,87.44048303
2307.779303,87.33612526
2307.779303,87.2317675
2307.779303,87.12740974
2307.779303,87.02305197
2307.779303,86.91869421
2307.779303,86.81433645
2307.779303,86.70997869
2307.779303,86.60562092
2307.779303,86.50126316
2307.779303,86.3969054
2307.779303,86.29254763
2307.779303,86.18818987
2307.779303,86.08383211
2307.779303,85.97947435
2307.779303,85.87511658
2307.779303,85.77075882
2307.779303,85.66640106
2307.779303,85.56204329
2311.94581,87.54484079
2311.94581,87.44048303
2311.94581,87.33612526
2311.94581,87.2317675
2311.94581,87.12740974
2311.94581,87.02305197
2311.94581,86.91869421
2311.94581,86.81433645
2311.94581,86.70997869
2311.94581,86.60562092
2311.94581,86.50126316
2311.94581,86.3969054
2311.94581,86.29254763
2311.94581,86.18818987
2311.94581,86.08383211
2311.94581,85.97947435
2311.94581,85.87511658
2311.94581,85.77075882
2311.94581,85.66640106
2311.94581,85.56204329
2316.112317,87.54484079
2316.112317,87.44048303
2316.112317,87.33612526
2316.112317,87.2317675
2316.112317,87.12740974
2316.112317,87.02305197
2316.112317,86.91869421
2316.112317,86.81433645
2316.112317,86.70997869
2316.112317,86.60562092
2316.112317,86.50126316
2316.112317,86.3969054
2316.112317,86.29254763
2316.112317,86.18818987
2316.112317,86.08383211
2316.112317,85.97947435
2316.112317,85.87511658
2316.112317,85.77075882
2316.112317,85.66640106
2320.278824,87.54484079
2320.278824,87.44048303
2320.278824,87.33612526
2320.278824,87.2317675
2320.278824,87.12740974
2320.278824,87.02305197
2320.278824,86.91869421
2320.278824,86.81433645
2320.278824,86.70997869
2320.278824,86.60562092
2320.278824,86.50126316
2320.278824,86.3969054
2320.278824,86.29254763
2320.278824,86.18818987
2320.278824,86.08383211
2320.278824,85.97947435
2320.278824,85.87511658
2320.278824,85.77075882
2320.278824,85.66640106
2324.445331,87.44048303
2324.445331,87.33612526
2324.445331,87.2317675
2324.445331,87.12740974
2324.445331,87.02305197
2324.445331,86.91869421
2324.445331,86.81433645
2324.445331,86.70997869
2324.445331,86.60562092
2324.445331,86.50126316
2324.445331,86.3969054
2324.445331,86.29254763
2324.445331,86.18818987
2324.445331,86.08383211
2324.445331,85.97947435
2324.445331,85.87511658
2324.445331,85.77075882
2324.445331,85.66640106
2328.611837,87.44048303
2328.611837,87.33612526
2328.611837,87.2317675
2328.611837,87.12740974
2328.611837,87.02305197
2328.611837,86.91869421
2328.611837,86.81433645
2328.611837,86.70997869
2328.611837,86.60562092
2328.611837,86.50126316
2328.611837,86.3969054
2328.611837,86.29254763
2328.611837,86.18818987
2328.611837,86.08383211
2328.611837,85.97947435
2328.611837,85.87511658
2328.611837,85.77075882
2328.611837,85.66640106
2328.611837,85.56204329
2332.778344,87.44048303
2332.778344,87.33612526
2332.778344,87.2317675
2332.778344,87.12740974
2332.778344,87.02305197
2332.778344,86.91869421
2332.778344,86.81433645
2332.778344,86.70997869
2332.778344,86.60562092
2332.778344,86.50126316
2332.778344,86.3969054
2332.778344,86.29254763
2332.778344,86.18818987
2332.778344,86.08383211
2332.778344,85.97947435
2332.778344,85.87511658
2332.778344,85.77075882
2332.778344,85.66640106
2332.778344,85.56204329
2332.778344,85.45768553
2336.944851,87.54484079
2336.944851,87.44048303
2336.944851,87.33612526
2336.944851,87.2317675
2336.944851,87.12740974
2336.944851,87.02305197
2336.944851,86.91869421
2336.944851,86.81433645
2336.944851,86.70997869
2336.944851,86.60562092
2336.944851,86.50126316
2336.944851,86.3969054
2336.944851,86.29254763
2336.944851,86.18818987
2336.944851,86.08383211
2336.944851,85.97947435
2336.944851,85.87511658
2336.944851,85.77075882
2336.944851,85.66640106
2336.944851,85.56204329
2341.111358,87.54484079
2341.111358,87.44048303
2341.111358,87.33612526
2341.111358,87.2317675
2341.111358,87.12740974
2341.111358,87.02305197
2341.111358,86.91869421
2341.111358,86.81433645
2341.111358,86.70997869
2341.111358,86.60562092
2341.111358,86.50126316
2341.111358,86.3969054
2341.111358,86.29254763
2341.111358,86.18818987
2341.111358,86.08383211
2341.111358,85.97947435
2341.111358,85.87511658
2341.111358,85.77075882
2341.111358,85.66640106
2341.111358,85.56204329
2341.111358,85.45768553
2345.277865,87.44048303
2345.277865,87.33612526
2345.277865,87.2317675
2345.277865,87.12740974
2345.277865,87.02305197
2345.277865,86.91869421
2345.277865,86.81433645
2345.277865,86.70997869
2345.277865,86.60562092
2345.277865,86.50126316
2345.277865,86.3969054
2345.277865,86.29254763
2345.277865,86.18818987
2345.277865,86.08383211
2345.277865,85.97947435
2345.277865,85.87511658
2345.277865,85.77075882
2345.277865,85.66640106
2345.277865,85.56204329
2345.277865,85.45768553
2349.444371,87.33612526
2349.444371,87.2317675
2349.444371,87.12740974
2349.444371,87.02305197
2349.444371,86.91869421
2349.444371,86.81433645
2349.444371,86.70997869
2349.444371,86.60562092
2349.444371,86.50126316
2349.444371,86.3969054
2349.444371,86.29254763
2349.444371,86.18818987
2349.444371,86.08383211
2349.444371,85.97947435
2349.444371,85.87511658
2349.444371,85.77075882
2349.444371,85.66640106
2349.444371,85.56204329
2349.444371,85.45768553
2349.444371,85.35332777
2353.610878,87.33612526
2353.610878,87.2317675
2353.610878,87.12740974
2353.610878,87.02305197
2353.610878,86.91869421
2353.610878,86.81433645
2353.610878,86.70997869
2353.610878,86.60562092
2353.610878,86.50126316
2353.610878,86.3969054
2353.610878,86.29254763
2353.610878,86.18818987
2353.610878,86.08383211
2353.610878,85.97947435
2353.610878,85.87511658
2353.610878,85.77075882
2353.610878,85.66640106
2353.610878,85.56204329
2353.610878,85.45768553
2353.610878,85.35332777
2357.777385,87.33612526
2357.777385,87.2317675
2357.777385,87.12740974
2357.777385,87.02305197
2357.777385,86.91869421
2357.777385,86.81433645
2357.777385,86.70997869
2357.777385,86.60562092
2357.777385,86.50126316
2357.777385,86.3969054
2357.777385,86.29254763
2357.777385,86.18818987
2357.777385,86.08383211
2357.777385,85.97947435
2357.777385,85.87511658
2357.777385,85.77075882
2357.777385,85.66640106
2357.777385,85.56204329
2357.777385,85.45768553
2361.943892,87.33612526
2361.943892,87.2317675
2361.943892,87.12740974
2361.943892,87.02305197
2361.943892,86.91869421
2361.943892,86.81433645
2361.943892,86.70997869
2361.943892,86.60562092
2361.943892,86.50126316
2361.943892,86.3969054
2361.943892,86.29254763
2361.943892,86.18818987
2361.943892,86.08383211
2361.943892,85.97947435
2361.943892,85.87511658
2361.943892,85.77075882
2361.943892,85.66640106
2361.943892,85.56204329
2361.943892,85.45768553
2361.943892,85.35332777
2361.943892,84.93589672
2366.110399,87.33612526
2366.110399,87.2317675
2366.110399,87.12740974
2366.110399,87.02305197
2366.110399,86.91869421
2366.110399,86.81433645
2366.110399,86.70997869
2366.110399,86.60562092
2366.110399,86.50126316
2366.110399,86.3969054
2366.110399,86.29254763
2366.110399,86.18818987
2366.110399,86.08383211
2366.110399,85.97947435
2366.110399,85.87511658
2366.110399,85.77075882
2366.110399,85.66640106
2366.110399,85.56204329
2366.110399,85.45768553
2366.110399,85.35332777
2366.110399,84.93589672
2370.276905,87.33612526
2370.276905,87.2317675
2370.276905,87.12740974
2370.276905,87.02305197
2370.276905,86.91869421
2370.276905,86.81433645
2370.276905,86.70997869
2370.276905,86.60562092
2370.276905,86.50126316
2370.276905,86.3969054
2370.276905,86.29254763
2370.276905,86.18818987
2370.276905,86.08383211
2370.276905,85.97947435
2370.276905,85.87511658
2370.276905,85.77075882
2370.276905,85.66640106
2370.276905,85.56204329
2370.276905,85.45768553
2370.276905,85.35332777
2370.276905,84.93589672
2374.443412,87.33612526
2374.443412,87.2317675
2374.443412,87.12740974
2374.443412,87.02305197
2374.443412,86.91869421
2374.443412,86.81433645
2374.443412,86.70997869
2374.443412,86.60562092
2374.443412,86.50126316
2374.443412,86.3969054
2374.443412,86.29254763
2374.443412,86.18818987
2374.443412,86.08383211
2374.443412,85.97947435
2374.443412,85.87511658
2374.443412,85.77075882
2374.443412,85.66640106
2374.443412,85.56204329
2374.443412,85.45768553
2374.443412,85.35332777
2374.443412,84.93589672
2378.609919,87.2317675
2378.609919,87.12740974
2378.609919,87.02305197
2378.609919,86.91869421
2378.609919,86.81433645
2378.609919,86.70997869
2378.609919,86.60562092
2378.609919,86.50126316
2378.609919,86.3969054
2378.609919,86.29254763
2378.609919,86.18818987
2378.609919,86.08383211
2378.609919,85.97947435
2378.609919,85.87511658
2378.609919,85.77075882
2378.609919,85.66640106
2378.609919,85.56204329
2378.609919,85.45768553
2378.609919,85.35332777
2378.609919,84.93589672
2382.776426,87.2317675
2382.776426,87.12740974
2382.776426,87.02305197
2382.776426,86.91869421
2382.776426,86.81433645
2382.776426,86.70997869
2382.776426,86.60562092
2382.776426,86.50126316
2382.776426,86.3969054
2382.776426,86.29254763
2382.776426,86.18818987
2382.776426,86.08383211
2382.776426,85.97947435
2382.776426,85.87511658
2382.776426,85.77075882
2382.776426,85.66640106
2382.776426,85.56204329
2382.776426,85.45768553
2382.776426,85.35332777
2382.776426,84.93589672
2386.942933,87.2317675
2386.942933,87.12740974
2386.942933,87.02305197
2386.942933,86.91869421
2386.942933,86.81433645
2386.942933,86.70997869
2386.942933,86.60562092
2386.942933,86.50126316
2386.942933,86.3969054
2386.942933,86.29254763
2386.942933,86.18818987
2386.942933,86.08383211
2386.942933,85.97947435
2386.942933,85.87511658
2386.942933,85.77075882
2386.942933,85.66640106
2386.942933,85.56204329
2386.942933,85.45768553
2386.942933,85.35332777
2386.942933,84.93589672
2391.109439,87.2317675
2391.109439,87.12740974
2391.109439,87.02305197
2391.109439,86.91869421
2391.109439,86.81433645
2391.109439,86.70997869
2391.109439,86.60562092
2391.109439,86.50126316
2391.109439,86.3969054
2391.109439,86.29254763
2391.109439,86.18818987
2391.109439,86.08383211
2391.109439,85.97947435
2391.109439,85.87511658
2391.109439,85.77075882
2391.109439,85.66640106
2391.109439,85.56204329
2391.109439,85.45768553
2391.109439,85.35332777
2391.109439,84.93589672
2395.275946,87.2317675
2395.275946,87.12740974
2395.275946,87.02305197
2395.275946,86.91869421
2395.275946,86.81433645
2395.275946,86.70997869
2395.275946,86.60562092
2395.275946,86.50126316
2395.275946,86.3969054
2395.275946,86.29254763
2395.275946,86.18818987
2395.275946,86.08383211
2395.275946,85.97947435
2395.275946,85.87511658
2395.275946,85.77075882
2395.275946,85.66640106
2395.275946,85.56204329
2395.275946,85.45768553
2395.275946,85.35332777
2395.275946,84.93589672
2399.442453,87.12740974
2399.442453,87.02305197
2399.442453,86.91869421
2399.442453,86.81433645
2399.442453,86.70997869
2399.442453,86.60562092
2399.442453,86.50126316
2399.442453,86.3969054
2399.442453,86.29254763
2399.442453,86.18818987
2399.442453,86.08383211
2399.442453,85.97947435
2399.442453,85.87511658
2399.442453,85.77075882
2399.442453,85.66640106
2399.442453,85.56204329
2399.442453,85.45768553
2399.442453,85.35332777
2399.442453,85.24897001
2399.442453,85.04025448
2399.442453,84.93589672
2403.60896,87.12740974
2403.60896,87.02305197
2403.60896,86.91869421
2403.60896,86.81433645
2403.60896,86.70997869
2403.60896,86.60562092
2403.60896,86.50126316
2403.60896,86.3969054
2403.60896,86.29254763
2403.60896,86.18818987
2403.60896,86.08383211
2403.60896,85.97947435
2403.60896,85.87511658
2403.60896,85.77075882
2403.60896,85.66640106
2403.60896,85.56204329
2403.60896,85.45768553
2403.60896,85.35332777
2403.60896,85.24897001
2403.60896,85.14461224
2403.60896,85.04025448
2403.60896,84.93589672
2407.775467,87.12740974
2407.775467,87.02305197
2407.775467,86.91869421
2407.775467,86.81433645
2407.775467,86.70997869
2407.775467,86.60562092
2407.775467,86.50126316
2407.775467,86.3969054
2407.775467,86.29254763
2407.775467,86.18818987
2407.775467,86.08383211
2407.775467,85.97947435
2407.775467,85.87511658
2407.775467,85.77075882
2407.775467,85.66640106
2407.775467,85.56204329
2407.775467,85.45768553
2407.775467,85.35332777
2407.775467,85.24897001
2407.775467,85.04025448
2407.775467,84.93589672
2411.941973,87.12740974
2411.941973,87.02305197
2411.941973,86.91869421
2411.941973,86.81433645
2411.941973,86.70997869
2411.941973,86.60562092
2411.941973,86.50126316
2411.941973,86.3969054
2411.941973,86.29254763
2411.941973,86.18818987
2411.941973,86.08383211
2411.941973,85.97947435
2411.941973,85.87511658
2411.941973,85.77075882
2411.941973,85.66640106
2411.941973,85.56204329
2411.941973,85.45768553
2411.941973,85.35332777
2411.941973,85.24897001
2411.941973,85.14461224
2411.941973,85.04025448
2411.941973,84.93589672
2416.10848,87.02305197
2416.10848,86.91869421
2416.10848,86.81433645
2416.10848,86.70997869
2416.10848,86.60562092
2416.10848,86.50126316
2416.10848,86.3969054
2416.10848,86.29254763
2416.10848,86.18818987
2416.10848,86.08383211
2416.10848,85.97947435
2416.10848,85.87511658
2416.10848,85.77075882
2416.10848,85.66640106
2416.10848,85.56204329
2416.10848,85.45768553
2416.10848,85.35332777
2416.10848,85.24897001
2416.10848,85.14461224
2416.10848,85.04025448
2416.10848,84.93589672
2420.274987,87.02305197
2420.274987,86.91869421
2420.274987,86.81433645
2420.274987,86.70997869
2420.274987,86.60562092
2420.274987,86.50126316
2420.274987,86.3969054
2420.274987,86.29254763
2420.274987,86.18818987
2420.274987,86.08383211
2420.274987,85.97947435
2420.274987,85.87511658
2420.274987,85.77075882
2420.274987,85.66640106
2420.274987,85.56204329
2420.274987,85.45768553
2420.274987,85.35332777
2420.274987,85.24897001
2420.274987,85.14461224
2420.274987,85.04025448
2420.274987,84.93589672
2424.441494,87.02305197
2424.441494,86.91869421
2424.441494,86.81433645
2424.441494,86.70997869
2424.441494,86.60562092
2424.441494,86.50126316
2424.441494,86.3969054
2424.441494,86.29254763
2424.441494,86.18818987
2424.441494,86.08383211
2424.441494,85.97947435
2424.441494,85.87511658
2424.441494,85.77075882
2424.441494,85.66640106
2424.441494,85.56204329
2424.441494,85.45768553
2424.441494,85.35332777
2424.441494,85.24897001
2424.441494,85.14461224
2424.441494,85.04025448
2424.441494,84.93589672
2428.608001,87.02305197
2428.608001,86.91869421
2428.608001,86.81433645
2428.608001,86.70997869
2428.608001,86.60562092
2428.608001,86.50126316
2428.608001,86.3969054
2428.608001,86.29254763
2428.608001,86.18818987
2428.608001,86.08383211
2428.608001,85.97947435
2428.608001,85.87511658
2428.608001,85.77075882
2428.608001,85.66640106
2428.608001,85.56204329
2428.608001,85.45768553
2428.608001,85.35332777
2428.608001,85.24897001
2428.608001,85.14461224
2428.608001,85.04025448
2428.608001,84.93589672
2432.774507,87.02305197
2432.774507,86.91869421
2432.774507,86.81433645
2432.774507,86.70997869
2432.774507,86.60562092
2432.774507,86.50126316
2432.774507,86.3969054
2432.774507,86.29254763
2432.774507,86.18818987
2432.774507,86.08383211
2432.774507,85.97947435
2432.774507,85.87511658
2432.774507,85.77075882
2432.774507,85.66640106
2432.774507,85.56204329
2432.774507,85.45768553
2432.774507,85.35332777
2432.774507,85.24897001
2432.774507,85.14461224
2432.774507,85.04025448
2432.774507,84.93589672
2436.941014,87.02305197
2436.941014,86.91869421
2436.941014,86.81433645
2436.941014,86.70997869
2436.941014,86.60562092
2436.941014,86.50126316
2436.941014,86.3969054
2436.941014,86.29254763
2436.941014,86.18818987
2436.941014,86.08383211
2436.941014,85.97947435
2436.941014,85.87511658
2436.941014,85.77075882
2436.941014,85.66640106
2436.941014,85.56204329
2436.941014,85.45768553
2436.941014,85.35332777
2436.941014,85.24897001
2436.941014,85.14461224
2436.941014,85.04025448
2436.941014,84.93589672
2441.107521,87.02305197
2441.107521,86.91869421
2441.107521,86.81433645
2441.107521,86.70997869
2441.107521,86.60562092
2441.107521,86.50126316
2441.107521,86.3969054
2441.107521,86.29254763
2441.107521,86.18818987
2441.107521,86.08383211
2441.107521,85.97947435
2441.107521,85.87511658
2441.107521,85.77075882
2441.107521,85.66640106
2441.107521,85.56204329
2441.107521,85.45768553
2441.107521,85.35332777
2441.107521,85.24897001
2441.107521,85.14461224
2441.107521,85.04025448
2441.107521,84.93589672
2445.274028,87.02305197
2445.274028,86.91869421
2445.274028,86.81433645
2445.274028,86.70997869
2445.274028,86.60562092
2445.274028,86.50126316
2445.274028,86.3969054
2445.274028,86.29254763
2445.274028,86.18818987
2445.274028,86.08383211
2445.274028,85.97947435
2445.274028,85.87511658
2445.274028,85.77075882
2445.274028,85.66640106
2445.274028,85.56204329
2445.274028,85.45768553
2445.274028,85.35332777
2445.274028,85.24897001
2445.274028,85.14461224
2445.274028,85.04025448
2445.274028,84.93589672
2449.440535,87.02305197
2449.440535,86.91869421
2449.440535,86.81433645
2449.440535,86.70997869
2449.440535,86.60562092
2449.440535,86.50126316
2449.440535,86.3969054
2449.440535,86.29254763
2449.440535,86.18818987
2449.440535,86.08383211
2449.440535,85.97947435
2449.440535,85.87511658
2449.440535,85.77075882
2449.440535,85.66640106
2449.440535,85.56204329
2449.440535,85.45768553
2449.440535,85.35332777
2449.440535,85.24897001
2449.440535,85.14461224
2449.440535,85.04025448
2449.440535,84.93589672
2453.607041,86.91869421
2453.607041,86.81433645
2453.607041,86.70997869
2453.607041,86.60562092
2453.607041,86.50126316
2453.607041,86.3969054
2453.607041,86.29254763
2453.607041,86.18818987
2453.607041,86.08383211
2453.607041,85.97947435
2453.607041,85.87511658
2453.607041,85.77075882
2453.607041,85.66640106
2453.607041,85.56204329
2453.607041,85.45768553
2453.607041,85.35332777
2453.607041,85.24897001
2453.607041,85.14461224
2453.607041,85.04025448
2453.607041,84.93589672
2457.773548,86.91869421
2457.773548,86.81433645
2457.773548,86.70997869
2457.773548,86.60562092
2457.773548,86.50126316
2457.773548,86.3969054
2457.773548,86.29254763
2457.773548,86.18818987
2457.773548,86.08383211
2457.773548,85.97947435
2457.773548,85.87511658
2457.773548,85.77075882
2457.773548,85.66640106
2457.773548,85.56204329
2457.773548,85.45768553
2457.773548,85.35332777
2457.773548,85.24897001
2457.773548,85.14461224
2457.773548,85.04025448
2457.773548,84.93589672
2461.940055,86.91869421
2461.940055,86.81433645
2461.940055,86.70997869
2461.940055,86.60562092
2461.940055,86.50126316
2461.940055,86.3969054
2461.940055,86.29254763
2461.940055,86.18818987
2461.940055,86.08383211
2461.940055,85.97947435
2461.940055,85.87511658
2461.940055,85.77075882
2461.940055,85.66640106
2461.940055,85.56204329
2461.940055,85.45768553
2461.940055,85.35332777
2461.940055,85.24897001
2461.940055,85.14461224
2461.940055,85.04025448
2461.940055,84.93589672
2466.106562,86.91869421
2466.106562,86.81433645
2466.106562,86.70997869
2466.106562,86.60562092
2466.106562,86.50126316
2466.106562,86.3969054
2466.106562,86.29254763
2466.106562,86.18818987
2466.106562,86.08383211
2466.106562,85.97947435
2466.106562,85.87511658
2466.106562,85.77075882
2466.106562,85.66640106
2466.106562,85.56204329
2466.106562,85.45768553
2466.106562,85.35332777
2466.106562,85.24897001
2466.106562,85.14461224
2466.106562,85.04025448
2466.106562,84.93589672
2470.273068,86.81433645
2470.273068,86.70997869
2470.273068,86.60562092
2470.273068,86.50126316
2470.273068,86.3969054
2470.273068,86.29254763
2470.273068,86.18818987
2470.273068,86.08383211
2470.273068,85.97947435
2470.273068,85.87511658
2470.273068,85.77075882
2470.273068,85.66640106
2470.273068,85.56204329
2470.273068,85.45768553
2470.273068,85.35332777
2470.273068,85.24897001
2470.273068,85.14461224
2470.273068,85.04025448
2470.273068,84.93589672
2474.439575,86.81433645
2474.439575,86.70997869
2474.439575,86.60562092
2474.439575,86.50126316
2474.439575,86.3969054
2474.439575,86.29254763
2474.439575,86.18818987
2474.439575,86.08383211
2474.439575,85.97947435
2474.439575,85.87511658
2474.439575,85.77075882
2474.439575,85.66640106
2474.439575,85.56204329
2474.439575,85.45768553
2474.439575,85.35332777
2474.439575,85.24897001
2474.439575,85.14461224
2474.439575,85.04025448
2474.439575,84.93589672
2474.439575,84.83153895
2478.606082,86.70997869
2478.606082,86.60562092
2478.606082,86.50126316
2478.606082,86.3969054
2478.606082,86.29254763
2478.606082,86.18818987
2478.606082,86.08383211
2478.606082,85.97947435
2478.606082,85.87511658
2478.606082,85.77075882
2478.606082,85.66640106
2478.606082,85.56204329
2478.606082,85.45768553
2478.606082,85.35332777
2478.606082,85.24897001
2478.606082,85.14461224
2478.606082,85.04025448
2478.606082,84.93589672
2478.606082,84.83153895
2482.772589,86.81433645
2482.772589,86.70997869
2482.772589,86.60562092
2482.772589,86.50126316
2482.772589,86.3969054
2482.772589,86.29254763
2482.772589,86.18818987
2482.772589,86.08383211
2482.772589,85.97947435
2482.772589,85.87511658
2482.772589,85.77075882
2482.772589,85.66640106
2482.772589,85.56204329
2482.772589,85.45768553
2482.772589,85.35332777
2482.772589,85.24897001
2482.772589,85.14461224
2482.772589,85.04025448
2482.772589,84.93589672
2482.772589,84.83153895
2486.939096,86.70997869
2486.939096,86.60562092
2486.939096,86.50126316
2486.939096,86.3969054
2486.939096,86.29254763
2486.939096,86.18818987
2486.939096,86.08383211
2486.939096,85.97947435
2486.939096,85.87511658
2486.939096,85.77075882
2486.939096,85.66640106
2486.939096,85.56204329
2486.939096,85.45768553
2486.939096,85.35332777
2486.939096,85.24897001
2486.939096,85.14461224
2486.939096,85.04025448
2486.939096,84.93589672
2486.939096,84.83153895
2491.105602,86.60562092
2491.105602,86.50126316
2491.105602,86.3969054
2491.105602,86.29254763
2491.105602,86.18818987
2491.105602,86.08383211
2491.105602,85.97947435
2491.105602,85.87511658
2491.105602,85.77075882
2491.105602,85.66640106
2491.105602,85.56204329
2491.105602,85.45768553
2491.105602,85.35332777
2491.105602,85.24897001
2491.105602,85.14461224
2491.105602,85.04025448
2491.105602,84.93589672
2491.105602,84.83153895
2495.272109,86.70997869
2495.272109,86.60562092
2495.272109,86.50126316
2495.272109,86.3969054
2495.272109,86.29254763
2495.272109,86.18818987
2495.272109,86.08383211
2495.272109,85.97947435
2495.272109,85.87511658
2495.272109,85.77075882
2495.272109,85.66640106
2495.272109,85.56204329
2495.272109,85.45768553
2495.272109,85.35332777
2495.272109,85.24897001
2495.272109,85.14461224
2495.272109,85.04025448
2495.272109,84.93589672
2495.272109,84.83153895
2495.272109,84.72718119
2499.438616,86.70997869
2499.438616,86.60562092
2499.438616,86.50126316
2499.438616,86.3969054
2499.438616,86.29254763
2499.438616,86.18818987
2499.438616,86.08383211
2499.438616,85.97947435
2499.438616,85.87511658
2499.438616,85.77075882
2499.438616,85.66640106
2499.438616,85.56204329
2499.438616,85.45768553
2499.438616,85.35332777
2499.438616,85.24897001
2499.438616,85.14461224
2499.438616,85.04025448
2499.438616,84.93589672
2499.438616,84.83153895
2499.438616,84.72718119
2503.605123,86.70997869
2503.605123,86.60562092
2503.605123,86.50126316
2503.605123,86.3969054
2503.605123,86.29254763
2503.605123,86.18818987
2503.605123,86.08383211
2503.605123,85.97947435
2503.605123,85.87511658
2503.605123,85.77075882
2503.605123,85.66640106
2503.605123,85.56204329
2503.605123,85.45768553
2503.605123,85.35332777
2503.605123,85.24897001
2503.605123,85.14461224
2503.605123,85.04025448
2503.605123,84.93589672
2503.605123,84.83153895
2507.77163,86.70997869
2507.77163,86.60562092
2507.77163,86.50126316
2507.77163,86.3969054
2507.77163,86.29254763
2507.77163,86.18818987
2507.77163,86.08383211
2507.77163,85.97947435
2507.77163,85.87511658
2507.77163,85.77075882
2507.77163,85.66640106
2507.77163,85.56204329
2507.77163,85.45768553
2507.77163,85.35332777
2507.77163,85.24897001
2507.77163,85.14461224
2507.77163,85.04025448
2507.77163,84.93589672
2507.77163,84.83153895
2511.938136,86.81433645
2511.938136,86.70997869
2511.938136,86.60562092
2511.938136,86.50126316
2511.938136,86.3969054
2511.938136,86.29254763
2511.938136,86.18818987
2511.938136,86.08383211
2511.938136,85.97947435
2511.938136,85.87511658
2511.938136,85.77075882
2511.938136,85.66640106
2511.938136,85.56204329
2511.938136,85.45768553
2511.938136,85.35332777
2511.938136,85.24897001
2511.938136,85.14461224
2511.938136,85.04025448
2511.938136,84.93589672
2511.938136,84.83153895
2516.104643,86.81433645
2516.104643,86.70997869
2516.104643,86.60562092
2516.104643,86.50126316
2516.104643,86.3969054
2516.104643,86.29254763
2516.104643,86.18818987
2516.104643,86.08383211
2516.104643,85.97947435
2516.104643,85.87511658
2516.104643,85.77075882
2516.104643,85.66640106
2516.104643,85.56204329
2516.104643,85.45768553
2516.104643,85.35332777
2516.104643,85.24897001
2516.104643,85.14461224
2516.104643,85.04025448
2516.104643,84.93589672
2516.104643,84.83153895
2520.27115,86.91869421
2520.27115,86.81433645
2520.27115,86.70997869
2520.27115,86.60562092
2520.27115,86.50126316
2520.27115,86.3969054
2520.27115,86.29254763
2520.27115,86.18818987
2520.27115,86.08383211
2520.27115,85.97947435
2520.27115,85.87511658
2520.27115,85.77075882
2520.27115,85.66640106
2520.27115,85.56204329
2520.27115,85.45768553
2520.27115,85.35332777
2520.27115,85.24897001
2520.27115,85.14461224
2520.27115,85.04025448
2520.27115,84.93589672
2520.27115,84.83153895
2524.437657,86.81433645
2524.437657,86.70997869
2524.437657,86.60562092
2524.437657,86.50126316
2524.437657,86.3969054
2524.437657,86.29254763
2524.437657,86.18818987
2524.437657,86.08383211
2524.437657,85.97947435
2524.437657,85.87511658
2524.437657,85.77075882
2524.437657,85.66640106
2524.437657,85.56204329
2524.437657,85.45768553
2524.437657,85.35332777
2524.437657,85.24897001
2524.437657,85.14461224
2524.437657,85.04025448
2524.437657,84.93589672
2524.437657,84.83153895
2528.604164,86.70997869
2528.604164,86.60562092
2528.604164,86.50126316
2528.604164,86.3969054
2528.604164,86.29254763
2528.604164,86.18818987
2528.604164,86.08383211
2528.604164,85.97947435
2528.604164,85.87511658
2528.604164,85.77075882
2528.604164,85.66640106
2528.604164,85.56204329
2528.604164,85.45768553
2528.604164,85.35332777
2528.604164,85.24897001
2528.604164,85.14461224
2528.604164,85.04025448
2528.604164,84.93589672
2528.604164,84.83153895
2528.604164,84.72718119
2532.77067,86.60562092
2532.77067,86.50126316
2532.77067,86.3969054
2532.77067,86.29254763
2532.77067,86.18818987
2532.77067,86.08383211
2532.77067,85.97947435
2532.77067,85.87511658
2532.77067,85.77075882
2532.77067,85.66640106
2532.77067,85.56204329
2532.77067,85.45768553
2532.77067,85.35332777
2532.77067,85.24897001
2532.77067,85.14461224
2532.77067,85.04025448
2532.77067,84.93589672
2532.77067,84.83153895
2532.77067,84.72718119
2532.77067,84.62282343
2536.937177,86.60562092
2536.937177,86.50126316
2536.937177,86.3969054
2536.937177,86.29254763
2536.937177,86.18818987
2536.937177,86.08383211
2536.937177,85.97947435
2536.937177,85.87511658
2536.937177,85.77075882
2536.937177,85.66640106
2536.937177,85.56204329
2536.937177,85.45768553
2536.937177,85.35332777
2536.937177,85.24897001
2536.937177,85.14461224
2536.937177,85.04025448
2536.937177,84.93589672
2536.937177,84.83153895
2536.937177,84.72718119
2536.937177,84.62282343
2536.937177,84.51846567
2541.103684,86.60562092
2541.103684,86.50126316
2541.103684,86.3969054
2541.103684,86.29254763
2541.103684,86.18818987
2541.103684,86.08383211
2541.103684,85.97947435
2541.103684,85.87511658
2541.103684,85.77075882
2541.103684,85.66640106
2541.103684,85.56204329
2541.103684,85.45768553
2541.103684,85.35332777
2541.103684,85.24897001
2541.103684,85.14461224
2541.103684,85.04025448
2541.103684,84.93589672
2541.103684,84.83153895
2541.103684,84.72718119
2541.103684,84.62282343
2545.270191,86.60562092
2545.270191,86.50126316
2545.270191,86.3969054
2545.270191,86.29254763
2545.270191,86.18818987
2545.270191,86.08383211
2545.270191,85.97947435
2545.270191,85.87511658
2545.270191,85.77075882
2545.270191,85.66640106
2545.270191,85.56204329
2545.270191,85.45768553
2545.270191,85.35332777
2545.270191,85.24897001
2545.270191,85.14461224
2545.270191,85.04025448
2545.270191,84.93589672
2545.270191,84.83153895
2545.270191,84.72718119
2545.270191,84.62282343
2549.436698,86.50126316
2549.436698,86.3969054
2549.436698,86.29254763
2549.436698,86.18818987
2549.436698,86.08383211
2549.436698,85.97947435
2549.436698,85.87511658
2549.436698,85.77075882
2549.436698,85.66640106
2549.436698,85.56204329
2549.436698,85.45768553
2549.436698,85.35332777
2549.436698,85.24897001
2549.436698,85.14461224
2549.436698,85.04025448
2549.436698,84.93589672
2549.436698,84.83153895
2549.436698,84.72718119
2549.436698,84.62282343
2549.436698,84.51846567
2553.603204,86.50126316
2553.603204,86.3969054
2553.603204,86.29254763
2553.603204,86.18818987
2553.603204,86.08383211
2553.603204,85.97947435
2553.603204,85.87511658
2553.603204,85.77075882
2553.603204,85.66640106
2553.603204,85.56204329
2553.603204,85.45768553
2553.603204,85.35332777
2553.603204,85.24897001
2553.603204,85.14461224
2553.603204,85.04025448
2553.603204,84.93589672
2553.603204,84.83153895
2553.603204,84.72718119
2553.603204,84.62282343
2553.603204,84.51846567
2557.769711,86.3969054
2557.769711,86.29254763
2557.769711,86.18818987
2557.769711,86.08383211
2557.769711,85.97947435
2557.769711,85.87511658
2557.769711,85.77075882
2557.769711,85.66640106
2557.769711,85.56204329
2557.769711,85.45768553
2557.769711,85.35332777
2557.769711,85.24897001
2557.769711,85.14461224
2557.769711,85.04025448
2557.769711,84.93589672
2557.769711,84.83153895
2557.769711,84.72718119
2557.769711,84.62282343
2561.936218,86.3969054
2561.936218,86.29254763
2561.936218,86.18818987
2561.936218,86.08383211
2561.936218,85.97947435
2561.936218,85.87511658
2561.936218,85.77075882
2561.936218,85.66640106
2561.936218,85.56204329
2561.936218,85.45768553
2561.936218,85.35332777
2561.936218,85.24897001
2561.936218,85.14461224
2561.936218,85.04025448
2561.936218,84.93589672
2561.936218,84.83153895
2561.936218,84.72718119
2561.936218,84.62282343
2561.936218,84.51846567
2566.102725,86.3969054
2566.102725,86.29254763
2566.102725,86.18818987
2566.102725,86.08383211
2566.102725,85.97947435
2566.102725,85.87511658
2566.102725,85.77075882
2566.102725,85.66640106
2566.102725,85.56204329
2566.102725,85.45768553
2566.102725,85.35332777
2566.102725,85.24897001
2566.102725,85.14461224
2566.102725,85.04025448
2566.102725,84.93589672
2566.102725,84.83153895
2566.102725,84.72718119
2566.102725,84.62282343
2566.102725,84.51846567
2566.102725,84.4141079
2570.269232,86.29254763
2570.269232,86.18818987
2570.269232,86.08383211
2570.269232,85.97947435
2570.269232,85.87511658
2570.269232,85.77075882
2570.269232,85.66640106
2570.269232,85.56204329
2570.269232,85.45768553
2570.269232,85.35332777
2570.269232,85.24897001
2570.269232,85.14461224
2570.269232,85.04025448
2570.269232,84.93589672
2570.269232,84.83153895
2570.269232,84.72718119
2570.269232,84.62282343
2570.269232,84.51846567
2570.269232,84.4141079
2570.269232,84.30975014
2574.435738,86.29254763
2574.435738,86.18818987
2574.435738,86.08383211
2574.435738,85.97947435
2574.435738,85.87511658
2574.435738,85.77075882
2574.435738,85.66640106
2574.435738,85.56204329
2574.435738,85.45768553
2574.435738,85.35332777
2574.435738,85.24897001
2574.435738,85.14461224
2574.435738,85.04025448
2574.435738,84.93589672
2574.435738,84.83153895
2574.435738,84.72718119
2574.435738,84.62282343
2574.435738,84.51846567
2574.435738,84.4141079
2574.435738,84.30975014
2574.435738,84.20539238
2578.602245,86.18818987
2578.602245,86.08383211
2578.602245,85.97947435
2578.602245,85.87511658
2578.602245,85.77075882
2578.602245,85.66640106
2578.602245,85.56204329
2578.602245,85.45768553
2578.602245,85.35332777
2578.602245,85.24897001
2578.602245,85.14461224
2578.602245,85.04025448
2578.602245,84.93589672
2578.602245,84.83153895
2578.602245,84.72718119
2578.602245,84.62282343
2578.602245,84.51846567
2578.602245,84.4141079
2578.602245,84.30975014
2582.768752,86.18818987
2582.768752,86.08383211
2582.768752,85.97947435
2582.768752,85.87511658
2582.768752,85.77075882
2582.768752,85.66640106
2582.768752,85.56204329
2582.768752,85.45768553
2582.768752,85.35332777
2582.768752,85.24897001
2582.768752,85.14461224
2582.768752,85.04025448
2582.768752,84.93589672
2582.768752,84.83153895
2582.768752,84.72718119
2582.768752,84.62282343
2582.768752,84.51846567
2582.768752,84.4141079
2586.935259,86.29254763
2586.935259,86.18818987
2586.935259,86.08383211
2586.935259,85.97947435
2586.935259,85.87511658
2586.935259,85.77075882
2586.935259,85.66640106
2586.935259,85.56204329
2586.935259,85.45768553
2586.935259,85.35332777
2586.935259,85.24897001
2586.935259,85.14461224
2586.935259,85.04025448
2586.935259,84.93589672
2586.935259,84.83153895
2586.935259,84.72718119
2586.935259,84.62282343
2586.935259,84.51846567
2591.101766,86.29254763
2591.101766,86.18818987
2591.101766,86.08383211
2591.101766,85.97947435
2591.101766,85.87511658
2591.101766,85.77075882
2591.101766,85.66640106
2591.101766,85.56204329
2591.101766,85.45768553
2591.101766,85.35332777
2591.101766,85.24897001
2591.101766,85.14461224
2591.101766,85.04025448
2591.101766,84.93589672
2591.101766,84.83153895
2591.101766,84.72718119
2591.101766,84.62282343
2591.101766,84.51846567
2591.101766,84.4141079
2595.268272,86.3969054
2595.268272,86.29254763
2595.268272,86.18818987
2595.268272,86.08383211
2595.268272,85.97947435
2595.268272,85.87511658
2595.268272,85.77075882
2595.268272,85.66640106
2595.268272,85.56204329
2595.268272,85.45768553
2595.268272,85.35332777
2595.268272,85.24897001
2595.268272,85.14461224
2595.268272,85.04025448
2595.268272,84.93589672
2595.268272,84.83153895
2595.268272,84.72718119
2595.268272,84.62282343
2595.268272,84.51846567
2595.268272,84.4141079
2599.434779,86.3969054
2599.434779,86.29254763
2599.434779,86.18818987
2599.434779,86.08383211
2599.434779,85.97947435
2599.434779,85.87511658
2599.434779,85.77075882
2599.434779,85.66640106
2599.434779,85.56204329
2599.434779,85.45768553
2599.434779,85.35332777
2599.434779,85.24897001
2599.434779,85.14461224
2599.434779,85.04025448
2599.434779,84.93589672
2599.434779,84.83153895
2599.434779,84.72718119
2599.434779,84.62282343
2599.434779,84.51846567
2599.434779,84.4141079
2603.601286,86.29254763
2603.601286,86.18818987
2603.601286,86.08383211
2603.601286,85.97947435
2603.601286,85.87511658
2603.601286,85.77075882
2603.601286,85.66640106
2603.601286,85.56204329
2603.601286,85.45768553
2603.601286,85.35332777
2603.601286,85.24897001
2603.601286,85.14461224
2603.601286,85.04025448
2603.601286,84.93589672
2603.601286,84.83153895
2603.601286,84.72718119
2603.601286,84.62282343
2603.601286,84.51846567
2603.601286,84.4141079
2603.601286,84.30975014
2607.767793,86.29254763
2607.767793,86.18818987
2607.767793,86.08383211
2607.767793,85.97947435
2607.767793,85.87511658
2607.767793,85.77075882
2607.767793,85.66640106
2607.767793,85.56204329
2607.767793,85.45768553
2607.767793,85.35332777
2607.767793,85.24897001
2607.767793,85.14461224
2607.767793,85.04025448
2607.767793,84.93589672
2607.767793,84.83153895
2607.767793,84.72718119
2607.767793,84.62282343
2607.767793,84.51846567
2607.767793,84.4141079
2607.767793,84.30975014
2607.767793,84.20539238
2611.9343,86.29254763
2611.9343,86.18818987
2611.9343,86.08383211
2611.9343,85.97947435
2611.9343,85.87511658
2611.9343,85.77075882
2611.9343,85.66640106
2611.9343,85.56204329
2611.9343,85.45768553
2611.9343,85.35332777
2611.9343,85.24897001
2611.9343,85.14461224
2611.9343,85.04025448
2611.9343,84.93589672
2611.9343,84.83153895
2611.9343,84.72718119
2611.9343,84.62282343
2611.9343,84.51846567
2611.9343,84.4141079
2611.9343,84.30975014
2616.100806,86.18818987
2616.100806,86.08383211
2616.100806,85.97947435
2616.100806,85.87511658
2616.100806,85.77075882
2616.100806,85.66640106
2616.100806,85.56204329
2616.100806,85.45768553
2616.100806,85.35332777
2616.100806,85.24897001
2616.100806,85.14461224
2616.100806,85.04025448
2616.100806,84.93589672
2616.100806,84.83153895
2616.100806,84.72718119
2616.100806,84.62282343
2616.100806,84.51846567
2616.100806,84.4141079
2616.100806,84.30975014
2620.267313,86.18818987
2620.267313,86.08383211
2620.267313,85.97947435
2620.267313,85.87511658
2620.267313,85.77075882
2620.267313,85.66640106
2620.267313,85.56204329
2620.267313,85.45768553
2620.267313,85.35332777
2620.267313,85.24897001
2620.267313,85.14461224
2620.267313,85.04025448
2620.267313,84.93589672
2620.267313,84.83153895
2620.267313,84.72718119
2620.267313,84.62282343
2620.267313,84.51846567
2620.267313,84.4141079
2620.267313,84.30975014
2620.267313,84.20539238
2624.43382,86.18818987
2624.43382,86.08383211
2624.43382,85.97947435
2624.43382,85.87511658
2624.43382,85.77075882
2624.43382,85.66640106
2624.43382,85.56204329
2624.43382,85.45768553
2624.43382,85.35332777
2624.43382,85.24897001
2624.43382,85.14461224
2624.43382,85.04025448
2624.43382,84.93589672
2624.43382,84.83153895
2624.43382,84.72718119
2624.43382,84.62282343
2624.43382,84.51846567
2624.43382,84.4141079
2624.43382,84.30975014
2624.43382,84.20539238
2628.600327,86.08383211
2628.600327,85.97947435
2628.600327,85.87511658
2628.600327,85.77075882
2628.600327,85.66640106
2628.600327,85.56204329
2628.600327,85.45768553
2628.600327,85.35332777
2628.600327,85.24897001
2628.600327,85.14461224
2628.600327,85.04025448
2628.600327,84.93589672
2628.600327,84.83153895
2628.600327,84.72718119
2628.600327,84.62282343
2628.600327,84.51846567
2628.600327,84.4141079
2628.600327,84.30975014
2628.600327,84.20539238
2632.766833,86.18818987
2632.766833,86.08383211
2632.766833,85.97947435
2632.766833,85.87511658
2632.766833,85.77075882
2632.766833,85.66640106
2632.766833,85.56204329
2632.766833,85.45768553
2632.766833,85.35332777
2632.766833,85.24897001
2632.766833,85.14461224
2632.766833,85.04025448
2632.766833,84.93589672
2632.766833,84.83153895
2632.766833,84.72718119
2632.766833,84.62282343
2632.766833,84.51846567
2632.766833,84.4141079
2632.766833,84.30975014
2632.766833,84.20539238
2636.93334,86.08383211
2636.93334,85.97947435
2636.93334,85.87511658
2636.93334,85.77075882
2636.93334,85.66640106
2636.93334,85.56204329
2636.93334,85.45768553
2636.93334,85.35332777
2636.93334,85.24897001
2636.93334,85.14461224
2636.93334,85.04025448
2636.93334,84.93589672
2636.93334,84.83153895
2636.93334,84.72718119
2636.93334,84.62282343
2636.93334,84.51846567
2636.93334,84.4141079
2636.93334,84.30975014
2636.93334,84.20539238
2641.099847,86.08383211
2641.099847,85.97947435
2641.099847,85.87511658
2641.099847,85.77075882
2641.099847,85.66640106
2641.099847,85.56204329
2641.099847,85.45768553
2641.099847,85.35332777
2641.099847,85.24897001
2641.099847,85.14461224
2641.099847,85.04025448
2641.099847,84.93589672
2641.099847,84.83153895
2641.099847,84.72718119
2641.099847,84.62282343
2641.099847,84.51846567
2641.099847,84.4141079
2641.099847,84.30975014
2641.099847,84.20539238
2645.266354,85.97947435
2645.266354,85.87511658
2645.266354,85.77075882
2645.266354,85.66640106
2645.266354,85.56204329
2645.266354,85.45768553
2645.266354,85.35332777
2645.266354,85.24897001
2645.266354,85.14461224
2645.266354,85.04025448
2645.266354,84.93589672
2645.266354,84.83153895
2645.266354,84.72718119
2645.266354,84.62282343
2645.266354,84.51846567
2645.266354,84.4141079
2645.266354,84.30975014
2645.266354,84.20539238
2649.432861,86.08383211
2649.432861,85.97947435
2649.432861,85.87511658
2649.432861,85.77075882
2649.432861,85.66640106
2649.432861,85.56204329
2649.432861,85.45768553
2649.432861,85.35332777
2649.432861,85.24897001
2649.432861,85.14461224
2649.432861,85.04025448
2649.432861,84.93589672
2649.432861,84.83153895
2649.432861,84.72718119
2649.432861,84.62282343
2649.432861,84.51846567
2649.432861,84.4141079
2649.432861,84.30975014
2649.432861,84.20539238
2653.599367,86.08383211
2653.599367,85.97947435
2653.599367,85.87511658
2653.599367,85.77075882
2653.599367,85.66640106
2653.599367,85.56204329
2653.599367,85.45768553
2653.599367,85.35332777
2653.599367,85.24897001
2653.599367,85.14461224
2653.599367,85.04025448
2653.599367,84.93589672
2653.599367,84.83153895
2653.599367,84.72718119
2653.599367,84.62282343
2653.599367,84.51846567
2653.599367,84.4141079
2653.599367,84.30975014
2653.599367,84.20539238
2657.765874,86.08383211
2657.765874,85.97947435
2657.765874,85.87511658
2657.765874,85.77075882
2657.765874,85.66640106
2657.765874,85.56204329
2657.765874,85.45768553
2657.765874,85.35332777
2657.765874,85.24897001
2657.765874,85.14461224
2657.765874,85.04025448
2657.765874,84.93589672
2657.765874,84.83153895
2657.765874,84.72718119
2657.765874,84.62282343
2657.765874,84.51846567
2657.765874,84.4141079
2657.765874,84.30975014
2657.765874,84.20539238
2661.932381,85.97947435
2661.932381,85.87511658
2661.932381,85.77075882
2661.932381,85.66640106
2661.932381,85.56204329
2661.932381,85.45768553
2661.932381,85.35332777
2661.932381,85.24897001
2661.932381,85.14461224
2661.932381,85.04025448
2661.932381,84.93589672
2661.932381,84.83153895
2661.932381,84.72718119
2661.932381,84.62282343
2661.932381,84.51846567
2661.932381,84.4141079
2661.932381,84.30975014
2661.932381,84.20539238
2661.932381,84.10103462
2666.098888,85.97947435
2666.098888,85.87511658
2666.098888,85.77075882
2666.098888,85.66640106
2666.098888,85.56204329
2666.098888,85.45768553
2666.098888,85.35332777
2666.098888,85.24897001
2666.098888,85.14461224
2666.098888,85.04025448
2666.098888,84.93589672
2666.098888,84.83153895
2666.098888,84.72718119
2666.098888,84.62282343
2666.098888,84.51846567
2666.098888,84.4141079
2666.098888,84.30975014
2666.098888,84.20539238
2666.098888,84.10103462
2670.265395,85.97947435
2670.265395,85.87511658
2670.265395,85.77075882
2670.265395,85.66640106
2670.265395,85.56204329
2670.265395,85.45768553
2670.265395,85.35332777
2670.265395,85.24897001
2670.265395,85.14461224
2670.265395,85.04025448
2670.265395,84.93589672
2670.265395,84.83153895
2670.265395,84.72718119
2670.265395,84.62282343
2670.265395,84.51846567
2670.265395,84.4141079
2670.265395,84.30975014
2670.265395,84.20539238
2670.265395,84.10103462
2674.431901,85.97947435
2674.431901,85.87511658
2674.431901,85.77075882
2674.431901,85.66640106
2674.431901,85.56204329
2674.431901,85.45768553
2674.431901,85.35332777
2674.431901,85.24897001
2674.431901,85.14461224
2674.431901,85.04025448
2674.431901,84.93589672
2674.431901,84.83153895
2674.431901,84.72718119
2674.431901,84.62282343
2674.431901,84.51846567
2674.431901,84.4141079
2674.431901,84.30975014
2674.431901,84.20539238
2674.431901,84.10103462
2678.598408,85.97947435
2678.598408,85.87511658
2678.598408,85.77075882
2678.598408,85.66640106
2678.598408,85.56204329
2678.598408,85.45768553
2678.598408,85.35332777
2678.598408,85.24897001
2678.598408,85.14461224
2678.598408,85.04025448
2678.598408,84.93589672
2678.598408,84.83153895
2678.598408,84.72718119
2678.598408,84.62282343
2678.598408,84.51846567
2678.598408,84.4141079
2678.598408,84.30975014
2678.598408,84.20539238
2678.598408,84.10103462
2682.764915,85.87511658
2682.764915,85.77075882
2682.764915,85.66640106
2682.764915,85.56204329
2682.764915,85.45768553
2682.764915,85.35332777
2682.764915,85.24897001
2682.764915,85.14461224
2682.764915,85.04025448
2682.764915,84.93589672
2682.764915,84.83153895
2682.764915,84.72718119
2682.764915,84.62282343
2682.764915,84.51846567
2682.764915,84.4141079
2682.764915,84.30975014
2682.764915,84.20539238
2682.764915,84.10103462
2682.764915,83.99667685
2686.931422,85.87511658
2686.931422,85.77075882
2686.931422,85.66640106
2686.931422,85.56204329
2686.931422,85.45768553
2686.931422,85.35332777
2686.931422,85.24897001
2686.931422,85.14461224
2686.931422,85.04025448
2686.931422,84.93589672
2686.931422,84.83153895
2686.931422,84.72718119
2686.931422,84.62282343
2686.931422,84.51846567
2686.931422,84.4141079
2686.931422,84.30975014
2686.931422,84.20539238
2686.931422,84.10103462
2691.097929,85.87511658
2691.097929,85.77075882
2691.097929,85.66640106
2691.097929,85.56204329
2691.097929,85.45768553
2691.097929,85.35332777
2691.097929,85.24897001
2691.097929,85.14461224
2691.097929,85.04025448
2691.097929,84.93589672
2691.097929,84.83153895
2691.097929,84.72718119
2691.097929,84.62282343
2691.097929,84.51846567
2691.097929,84.4141079
2691.097929,84.30975014
2691.097929,84.20539238
2691.097929,84.10103462
2695.264435,85.87511658
2695.264435,85.77075882
2695.264435,85.66640106
2695.264435,85.56204329
2695.264435,85.45768553
2695.264435,85.35332777
2695.264435,85.24897001
2695.264435,85.14461224
2695.264435,85.04025448
2695.264435,84.93589672
2695.264435,84.83153895
2695.264435,84.72718119
2695.264435,84.62282343
2695.264435,84.51846567
2695.264435,84.4141079
2695.264435,84.30975014
2695.264435,84.20539238
2695.264435,84.10103462
2695.264435,83.99667685
2699.430942,85.87511658
2699.430942,85.77075882
2699.430942,85.66640106
2699.430942,85.56204329
2699.430942,85.45768553
2699.430942,85.35332777
2699.430942,85.24897001
2699.430942,85.14461224
2699.430942,85.04025448
2699.430942,84.93589672
2699.430942,84.83153895
2699.430942,84.72718119
2699.430942,84.62282343
2699.430942,84.51846567
2699.430942,84.4141079
2699.430942,84.30975014
2699.430942,84.20539238
2699.430942,84.10103462
2699.430942,83.99667685
2703.597449,85.87511658
2703.597449,85.77075882
2703.597449,85.66640106
2703.597449,85.56204329
2703.597449,85.45768553
2703.597449,85.35332777
2703.597449,85.24897001
2703.597449,85.14461224
2703.597449,85.04025448
2703.597449,84.93589672
2703.597449,84.83153895
2703.597449,84.72718119
2703.597449,84.62282343
2703.597449,84.51846567
2703.597449,84.4141079
2703.597449,84.30975014
2703.597449,84.20539238
2703.597449,84.10103462
2703.597449,83.99667685
2707.763956,85.77075882
2707.763956,85.66640106
2707.763956,85.56204329
2707.763956,85.45768553
2707.763956,85.35332777
2707.763956,85.24897001
2707.763956,85.14461224
2707.763956,85.04025448
2707.763956,84.93589672
2707.763956,84.83153895
2707.763956,84.72718119
2707.763956,84.62282343
2707.763956,84.51846567
2707.763956,84.4141079
2707.763956,84.30975014
2707.763956,84.20539238
2707.763956,84.10103462
2707.763956,83.99667685
2711.930463,85.77075882
2711.930463,85.66640106
2711.930463,85.56204329
2711.930463,85.45768553
2711.930463,85.35332777
2711.930463,85.24897001
2711.930463,85.14461224
2711.930463,85.04025448
2711.930463,84.93589672
2711.930463,84.83153895
2711.930463,84.72718119
2711.930463,84.62282343
2711.930463,84.51846567
2711.930463,84.4141079
2711.930463,84.30975014
2711.930463,84.20539238
2711.930463,84.10103462
2711.930463,83.99667685
2716.096969,85.77075882
2716.096969,85.66640106
2716.096969,85.56204329
2716.096969,85.45768553
2716.096969,85.35332777
2716.096969,85.24897001
2716.096969,85.14461224
2716.096969,85.04025448
2716.096969,84.93589672
2716.096969,84.83153895
2716.096969,84.72718119
2716.096969,84.62282343
2716.096969,84.51846567
2716.096969,84.4141079
2716.096969,84.30975014
2716.096969,84.20539238
2716.096969,84.10103462
2716.096969,83.99667685
2716.096969,83.89231909
2720.263476,85.77075882
2720.263476,85.66640106
2720.263476,85.56204329
2720.263476,85.45768553
2720.263476,85.35332777
2720.263476,85.24897001
2720.263476,85.14461224
2720.263476,85.04025448
2720.263476,84.93589672
2720.263476,84.83153895
2720.263476,84.72718119
2720.263476,84.62282343
2720.263476,84.51846567
2720.263476,84.4141079
2720.263476,84.30975014
2720.263476,84.20539238
2720.263476,84.10103462
2720.263476,83.99667685
2720.263476,83.89231909
2724.429983,85.77075882
2724.429983,85.66640106
2724.429983,85.56204329
2724.429983,85.45768553
2724.429983,85.35332777
2724.429983,85.24897001
2724.429983,85.14461224
2724.429983,85.04025448
2724.429983,84.93589672
2724.429983,84.83153895
2724.429983,84.72718119
2724.429983,84.62282343
2724.429983,84.51846567
2724.429983,84.4141079
2724.429983,84.30975014
2724.429983,84.20539238
2724.429983,84.10103462
2724.429983,83.99667685
2724.429983,83.89231909
2728.59649,85.77075882
2728.59649,85.66640106
2728.59649,85.56204329
2728.59649,85.45768553
2728.59649,85.35332777
2728.59649,85.24897001
2728.59649,85.14461224
2728.59649,85.04025448
2728.59649,84.93589672
2728.59649,84.83153895
2728.59649,84.72718119
2728.59649,84.62282343
2728.59649,84.51846567
2728.59649,84.4141079
2728.59649,84.30975014
2728.59649,84.20539238
2728.59649,84.10103462
2728.59649,83.99667685
2728.59649,83.89231909
2732.762997,85.77075882
2732.762997,85.66640106
2732.762997,85.56204329
2732.762997,85.45768553
2732.762997,85.35332777
2732.762997,85.24897001
2732.762997,85.14461224
2732.762997,85.04025448
2732.762997,84.93589672
2732.762997,84.83153895
2732.762997,84.72718119
2732.762997,84.62282343
2732.762997,84.51846567
2732.762997,84.4141079
2732.762997,84.30975014
2732.762997,84.20539238
2732.762997,84.10103462
2732.762997,83.99667685
2732.762997,83.89231909
2736.929503,85.77075882
2736.929503,85.66640106
2736.929503,85.56204329
2736.929503,85.45768553
2736.929503,85.35332777
2736.929503,85.24897001
2736.929503,85.14461224
2736.929503,85.04025448
2736.929503,84.93589672
2736.929503,84.83153895
2736.929503,84.72718119
2736.929503,84.62282343
2736.929503,84.51846567
2736.929503,84.4141079
2736.929503,84.30975014
2736.929503,84.20539238
2736.929503,84.10103462
2736.929503,83.99667685
2736.929503,83.89231909
2741.09601,85.77075882
2741.09601,85.66640106
2741.09601,85.56204329
2741.09601,85.45768553
2741.09601,85.35332777
2741.09601,85.24897001
2741.09601,85.14461224
2741.09601,85.04025448
2741.09601,84.93589672
2741.09601,84.83153895
2741.09601,84.72718119
2741.09601,84.62282343
2741.09601,84.51846567
2741.09601,84.4141079
2741.09601,84.30975014
2741.09601,84.20539238
2741.09601,84.10103462
2741.09601,83.99667685
2741.09601,83.89231909
2741.09601,83.78796133
2745.262517,85.87511658
2745.262517,85.77075882
2745.262517,85.66640106
2745.262517,85.56204329
2745.262517,85.45768553
2745.262517,85.35332777
2745.262517,85.24897001
2745.262517,85.14461224
2745.262517,85.04025448
2745.262517,84.93589672
2745.262517,84.83153895
2745.262517,84.72718119
2745.262517,84.62282343
2745.262517,84.51846567
2745.262517,84.4141079
2745.262517,84.30975014
2745.262517,84.20539238
2745.262517,84.10103462
2745.262517,83.99667685
2745.262517,83.89231909
2745.262517,83.78796133
2749.429024,85.87511658
2749.429024,85.77075882
2749.429024,85.66640106
2749.429024,85.56204329
2749.429024,85.45768553
2749.429024,85.35332777
2749.429024,85.24897001
2749.429024,85.14461224
2749.429024,85.04025448
2749.429024,84.93589672
2749.429024,84.83153895
2749.429024,84.72718119
2749.429024,84.62282343
2749.429024,84.51846567
2749.429024,84.4141079
2749.429024,84.30975014
2749.429024,84.20539238
2749.429024,84.10103462
2749.429024,83.99667685
2749.429024,83.89231909
2749.429024,83.78796133
2753.595531,85.77075882
2753.595531,85.66640106
2753.595531,85.56204329
2753.595531,85.45768553
2753.595531,85.35332777
2753.595531,85.24897001
2753.595531,85.14461224
2753.595531,85.04025448
2753.595531,84.93589672
2753.595531,84.83153895
2753.595531,84.72718119
2753.595531,84.62282343
2753.595531,84.51846567
2753.595531,84.4141079
2753.595531,84.30975014
2753.595531,84.20539238
2753.595531,84.10103462
2753.595531,83.99667685
2753.595531,83.89231909
2753.595531,83.78796133
2757.762037,85.66640106
2757.762037,85.56204329
2757.762037,85.45768553
2757.762037,85.35332777
2757.762037,85.24897001
2757.762037,85.14461224
2757.762037,85.04025448
2757.762037,84.93589672
2757.762037,84.83153895
2757.762037,84.72718119
2757.762037,84.62282343
2757.762037,84.51846567
2757.762037,84.4141079
2757.762037,84.30975014
2757.762037,84.20539238
2757.762037,84.10103462
2757.762037,83.99667685
2757.762037,83.89231909
2757.762037,83.78796133
2757.762037,83.68360356
2761.928544,85.56204329
2761.928544,85.45768553
2761.928544,85.35332777
2761.928544,85.24897001
2761.928544,85.14461224
2761.928544,85.04025448
2761.928544,84.93589672
2761.928544,84.83153895
2761.928544,84.72718119
2761.928544,84.62282343
2761.928544,84.51846567
2761.928544,84.4141079
2761.928544,84.30975014
2761.928544,84.20539238
2761.928544,84.10103462
2761.928544,83.99667685
2761.928544,83.89231909
2761.928544,83.78796133
2761.928544,83.68360356
2766.095051,85.66640106
2766.095051,85.56204329
2766.095051,85.45768553
2766.095051,85.35332777
2766.095051,85.24897001
2766.095051,85.14461224
2766.095051,85.04025448
2766.095051,84.93589672
2766.095051,84.83153895
2766.095051,84.72718119
2766.095051,84.62282343
2766.095051,84.51846567
2766.095051,84.4141079
2766.095051,84.30975014
2766.095051,84.20539238
2766.095051,84.10103462
2766.095051,83.99667685
2766.095051,83.89231909
2766.095051,83.78796133
2770.261558,85.66640106
2770.261558,85.56204329
2770.261558,85.45768553
2770.261558,85.35332777
2770.261558,85.24897001
2770.261558,85.14461224
2770.261558,85.04025448
2770.261558,84.93589672
2770.261558,84.83153895
2770.261558,84.72718119
2770.261558,84.62282343
2770.261558,84.51846567
2770.261558,84.4141079
2770.261558,84.30975014
2770.261558,84.20539238
2770.261558,84.10103462
2770.261558,83.99667685
2770.261558,83.89231909
2770.261558,83.78796133
2774.428065,85.66640106
2774.428065,85.56204329
2774.428065,85.45768553
2774.428065,85.35332777
2774.428065,85.24897001
2774.428065,85.14461224
2774.428065,85.04025448
2774.428065,84.93589672
2774.428065,84.83153895
2774.428065,84.72718119
2774.428065,84.62282343
2774.428065,84.51846567
2774.428065,84.4141079
2774.428065,84.30975014
2774.428065,84.20539238
2774.428065,84.10103462
2774.428065,83.99667685
2774.428065,83.89231909
2774.428065,83.78796133
2774.428065,83.68360356
2778.594571,85.66640106
2778.594571,85.56204329
2778.594571,85.45768553
2778.594571,85.35332777
2778.594571,85.24897001
2778.594571,85.14461224
2778.594571,85.04025448
2778.594571,84.93589672
2778.594571,84.83153895
2778.594571,84.72718119
2778.594571,84.62282343
2778.594571,84.51846567
2778.594571,84.4141079
2778.594571,84.30975014
2778.594571,84.20539238
2778.594571,84.10103462
2778.594571,83.99667685
2778.594571,83.89231909
2778.594571,83.78796133
2778.594571,83.68360356
2778.594571,83.5792458
2782.761078,85.66640106
2782.761078,85.56204329
2782.761078,85.45768553
2782.761078,85.35332777
2782.761078,85.24897001
2782.761078,85.14461224
2782.761078,85.04025448
2782.761078,84.93589672
2782.761078,84.83153895
2782.761078,84.72718119
2782.761078,84.62282343
2782.761078,84.51846567
2782.761078,84.4141079
2782.761078,84.30975014
2782.761078,84.20539238
2782.761078,84.10103462
2782.761078,83.99667685
2782.761078,83.89231909
2782.761078,83.78796133
2782.761078,83.68360356
2786.927585,85.56204329
2786.927585,85.45768553
2786.927585,85.35332777
2786.927585,85.24897001
2786.927585,85.14461224
2786.927585,85.04025448
2786.927585,84.93589672
2786.927585,84.83153895
2786.927585,84.72718119
2786.927585,84.62282343
2786.927585,84.51846567
2786.927585,84.4141079
2786.927585,84.30975014
2786.927585,84.20539238
2786.927585,84.10103462
2786.927585,83.99667685
2786.927585,83.89231909
2786.927585,83.78796133
2786.927585,83.68360356
2791.094092,85.56204329
2791.094092,85.45768553
2791.094092,85.35332777
2791.094092,85.24897001
2791.094092,85.14461224
2791.094092,85.04025448
2791.094092,84.93589672
2791.094092,84.83153895
2791.094092,84.72718119
2791.094092,84.62282343
2791.094092,84.51846567
2791.094092,84.4141079
2791.094092,84.30975014
2791.094092,84.20539238
2791.094092,84.10103462
2791.094092,83.99667685
2791.094092,83.89231909
2791.094092,83.78796133
2791.094092,83.68360356
2791.094092,83.5792458
2795.260599,85.45768553
2795.260599,85.35332777
2795.260599,85.24897001
2795.260599,85.14461224
2795.260599,85.04025448
2795.260599,84.93589672
2795.260599,84.83153895
2795.260599,84.72718119
2795.260599,84.62282343
2795.260599,84.51846567
2795.260599,84.4141079
2795.260599,84.30975014
2795.260599,84.20539238
2795.260599,84.10103462
2795.260599,83.99667685
2795.260599,83.89231909
2795.260599,83.78796133
2795.260599,83.68360356
2795.260599,83.5792458
2799.427105,85.45768553
2799.427105,85.35332777
2799.427105,85.24897001
2799.427105,85.14461224
2799.427105,85.04025448
2799.427105,84.93589672
2799.427105,84.83153895
2799.427105,84.72718119
2799.427105,84.62282343
2799.427105,84.51846567
2799.427105,84.4141079
2799.427105,84.30975014
2799.427105,84.20539238
2799.427105,84.10103462
2799.427105,83.99667685
2799.427105,83.89231909
2799.427105,83.78796133
2799.427105,83.68360356
2799.427105,83.5792458
2803.593612,85.45768553
2803.593612,85.35332777
2803.593612,85.24897001
2803.593612,85.14461224
2803.593612,85.04025448
2803.593612,84.93589672
2803.593612,84.83153895
2803.593612,84.72718119
2803.593612,84.62282343
2803.593612,84.51846567
2803.593612,84.4141079
2803.593612,84.30975014
2803.593612,84.20539238
2803.593612,84.10103462
2803.593612,83.99667685
2803.593612,83.89231909
2803.593612,83.78796133
2803.593612,83.68360356
2803.593612,83.5792458
2807.760119,85.45768553
2807.760119,85.35332777
2807.760119,85.24897001
2807.760119,85.14461224
2807.760119,85.04025448
2807.760119,84.93589672
2807.760119,84.83153895
2807.760119,84.72718119
2807.760119,84.62282343
2807.760119,84.51846567
2807.760119,84.4141079
2807.760119,84.30975014
2807.760119,84.20539238
2807.760119,84.10103462
2807.760119,83.99667685
2807.760119,83.89231909
2807.760119,83.78796133
2807.760119,83.68360356
2807.760119,83.5792458
2811.926626,85.45768553
2811.926626,85.35332777
2811.926626,85.24897001
2811.926626,85.14461224
2811.926626,85.04025448
2811.926626,84.93589672
2811.926626,84.83153895
2811.926626,84.72718119
2811.926626,84.62282343
2811.926626,84.51846567
2811.926626,84.4141079
2811.926626,84.30975014
2811.926626,84.20539238
2811.926626,84.10103462
2811.926626,83.99667685
2811.926626,83.89231909
2811.926626,83.78796133
2811.926626,83.68360356
2811.926626,83.5792458
2816.093132,85.45768553
2816.093132,85.35332777
2816.093132,85.24897001
2816.093132,85.14461224
2816.093132,85.04025448
2816.093132,84.93589672
2816.093132,84.83153895
2816.093132,84.72718119
2816.093132,84.62282343
2816.093132,84.51846567
2816.093132,84.4141079
2816.093132,84.30975014
2816.093132,84.20539238
2816.093132,84.10103462
2816.093132,83.99667685
2816.093132,83.89231909
2816.093132,83.78796133
2816.093132,83.68360356
2816.093132,83.5792458
2816.093132,83.47488804
2820.259639,85.45768553
2820.259639,85.35332777
2820.259639,85.24897001
2820.259639,85.14461224
2820.259639,85.04025448
2820.259639,84.93589672
2820.259639,84.83153895
2820.259639,84.72718119
2820.259639,84.62282343
2820.259639,84.51846567
2820.259639,84.4141079
2820.259639,84.30975014
2820.259639,84.20539238
2820.259639,84.10103462
2820.259639,83.99667685
2820.259639,83.89231909
2820.259639,83.78796133
2820.259639,83.68360356
2820.259639,83.5792458
2824.426146,85.45768553
2824.426146,85.35332777
2824.426146,85.24897001
2824.426146,85.14461224
2824.426146,85.04025448
2824.426146,84.93589672
2824.426146,84.83153895
2824.426146,84.72718119
2824.426146,84.62282343
2824.426146,84.51846567
2824.426146,84.4141079
2824.426146,84.30975014
2824.426146,84.20539238
2824.426146,84.10103462
2824.426146,83.99667685
2824.426146,83.89231909
2824.426146,83.78796133
2824.426146,83.68360356
2824.426146,83.5792458
2824.426146,83.47488804
2828.592653,85.35332777
2828.592653,85.24897001
2828.592653,85.14461224
2828.592653,85.04025448
2828.592653,84.93589672
2828.592653,84.83153895
2828.592653,84.72718119
2828.592653,84.62282343
2828.592653,84.51846567
2828.592653,84.4141079
2828.592653,84.30975014
2828.592653,84.20539238
2828.592653,84.10103462
2828.592653,83.99667685
2828.592653,83.89231909
2828.592653,83.78796133
2828.592653,83.68360356
2828.592653,83.5792458
2828.592653,83.47488804
2828.592653,83.37053028
2832.75916,85.24897001
2832.75916,85.14461224
2832.75916,85.04025448
2832.75916,84.93589672
2832.75916,84.83153895
2832.75916,84.72718119
2832.75916,84.62282343
2832.75916,84.51846567
2832.75916,84.4141079
2832.75916,84.30975014
2832.75916,84.20539238
2832.75916,84.10103462
2832.75916,83.99667685
2832.75916,83.89231909
2832.75916,83.78796133
2832.75916,83.68360356
2832.75916,83.5792458
2832.75916,83.47488804
2832.75916,83.37053028
2836.925666,85.24897001
2836.925666,85.14461224
2836.925666,85.04025448
2836.925666,84.93589672
2836.925666,84.83153895
2836.925666,84.72718119
2836.925666,84.62282343
2836.925666,84.51846567
2836.925666,84.4141079
2836.925666,84.30975014
2836.925666,84.20539238
2836.925666,84.10103462
2836.925666,83.99667685
2836.925666,83.89231909
2836.925666,83.78796133
2836.925666,83.68360356
2836.925666,83.5792458
2836.925666,83.47488804
2836.925666,83.37053028
2841.092173,85.35332777
2841.092173,85.24897001
2841.092173,85.14461224
2841.092173,85.04025448
2841.092173,84.93589672
2841.092173,84.83153895
2841.092173,84.72718119
2841.092173,84.62282343
2841.092173,84.51846567
2841.092173,84.4141079
2841.092173,84.30975014
2841.092173,84.20539238
2841.092173,84.10103462
2841.092173,83.99667685
2841.092173,83.89231909
2841.092173,83.78796133
2841.092173,83.68360356
2841.092173,83.5792458
2841.092173,83.47488804
2841.092173,83.37053028
2845.25868,85.24897001
2845.25868,85.14461224
2845.25868,85.04025448
2845.25868,84.93589672
2845.25868,84.83153895
2845.25868,84.72718119
2845.25868,84.62282343
2845.25868,84.51846567
2845.25868,84.4141079
2845.25868,84.30975014
2845.25868,84.20539238
2845.25868,84.10103462
2845.25868,83.99667685
2845.25868,83.89231909
2845.25868,83.78796133
2845.25868,83.68360356
2845.25868,83.5792458
2845.25868,83.47488804
2845.25868,83.37053028
2845.25868,83.26617251
2849.425187,85.24897001
2849.425187,85.14461224
2849.425187,85.04025448
2849.425187,84.93589672
2849.425187,84.83153895
2849.425187,84.72718119
2849.425187,84.62282343
2849.425187,84.51846567
2849.425187,84.4141079
2849.425187,84.30975014
2849.425187,84.20539238
2849.425187,84.10103462
2849.425187,83.99667685
2849.425187,83.89231909
2849.425187,83.78796133
2849.425187,83.68360356
2849.425187,83.5792458
2849.425187,83.47488804
2849.425187,83.37053028
2849.425187,83.26617251
2853.591694,85.24897001
2853.591694,85.14461224
2853.591694,85.04025448
2853.591694,84.93589672
2853.591694,84.83153895
2853.591694,84.72718119
2853.591694,84.62282343
2853.591694,84.51846567
2853.591694,84.4141079
2853.591694,84.30975014
2853.591694,84.20539238
2853.591694,84.10103462
2853.591694,83.99667685
2853.591694,83.89231909
2853.591694,83.78796133
2853.591694,83.68360356
2853.591694,83.5792458
2853.591694,83.47488804
2853.591694,83.37053028
2857.7582,85.24897001
2857.7582,85.14461224
2857.7582,85.04025448
2857.7582,84.93589672
2857.7582,84.83153895
2857.7582,84.72718119
2857.7582,84.62282343
2857.7582,84.51846567
2857.7582,84.4141079
2857.7582,84.30975014
2857.7582,84.20539238
2857.7582,84.10103462
2857.7582,83.99667685
2857.7582,83.89231909
2857.7582,83.78796133
2857.7582,83.68360356
2857.7582,83.5792458
2857.7582,83.47488804
2857.7582,83.37053028
2861.924707,85.24897001
2861.924707,85.14461224
2861.924707,85.04025448
2861.924707,84.93589672
2861.924707,84.83153895
2861.924707,84.72718119
2861.924707,84.62282343
2861.924707,84.51846567
2861.924707,84.4141079
2861.924707,84.30975014
2861.924707,84.20539238
2861.924707,84.10103462
2861.924707,83.99667685
2861.924707,83.89231909
2861.924707,83.78796133
2861.924707,83.68360356
2861.924707,83.5792458
2861.924707,83.47488804
2861.924707,83.37053028
2866.091214,85.24897001
2866.091214,85.14461224
2866.091214,85.04025448
2866.091214,84.93589672
2866.091214,84.83153895
2866.091214,84.72718119
2866.091214,84.62282343
2866.091214,84.51846567
2866.091214,84.4141079
2866.091214,84.30975014
2866.091214,84.20539238
2866.091214,84.10103462
2866.091214,83.99667685
2866.091214,83.89231909
2866.091214,83.78796133
2866.091214,83.68360356
2866.091214,83.5792458
2866.091214,83.47488804
2866.091214,83.37053028
2866.091214,83.26617251
2870.257721,85.24897001
2870.257721,85.14461224
2870.257721,85.04025448
2870.257721,84.93589672
2870.257721,84.83153895
2870.257721,84.72718119
2870.257721,84.62282343
2870.257721,84.51846567
2870.257721,84.4141079
2870.257721,84.30975014
2870.257721,84.20539238
2870.257721,84.10103462
2870.257721,83.99667685
2870.257721,83.89231909
2870.257721,83.78796133
2870.257721,83.68360356
2870.257721,83.5792458
2870.257721,83.47488804
2870.257721,83.37053028
2870.257721,83.26617251
2874.424228,85.24897001
2874.424228,85.14461224
2874.424228,85.04025448
2874.424228,84.93589672
2874.424228,84.83153895
2874.424228,84.72718119
2874.424228,84.62282343
2874.424228,84.51846567
2874.424228,84.4141079
2874.424228,84.30975014
2874.424228,84.20539238
2874.424228,84.10103462
2874.424228,83.99667685
2874.424228,83.89231909
2874.424228,83.78796133
2874.424228,83.68360356
2874.424228,83.5792458
2874.424228,83.47488804
2874.424228,83.37053028
2874.424228,83.26617251
2878.590734,85.35332777
2878.590734,85.24897001
2878.590734,85.14461224
2878.590734,85.04025448
2878.590734,84.93589672
2878.590734,84.83153895
2878.590734,84.72718119
2878.590734,84.62282343
2878.590734,84.51846567
2878.590734,84.4141079
2878.590734,84.30975014
2878.590734,84.20539238
2878.590734,84.10103462
2878.590734,83.99667685
2878.590734,83.89231909
2878.590734,83.78796133
2878.590734,83.68360356
2878.590734,83.5792458
2878.590734,83.47488804
2878.590734,83.37053028
2878.590734,83.26617251
2882.757241,85.35332777
2882.757241,85.24897001
2882.757241,85.14461224
2882.757241,85.04025448
2882.757241,84.93589672
2882.757241,84.83153895
2882.757241,84.72718119
2882.757241,84.62282343
2882.757241,84.51846567
2882.757241,84.4141079
2882.757241,84.30975014
2882.757241,84.20539238
2882.757241,84.10103462
2882.757241,83.99667685
2882.757241,83.89231909
2882.757241,83.78796133
2882.757241,83.68360356
2882.757241,83.5792458
2882.757241,83.47488804
2882.757241,83.37053028
2886.923748,85.24897001
2886.923748,85.14461224
2886.923748,85.04025448
2886.923748,84.93589672
2886.923748,84.83153895
2886.923748,84.72718119
2886.923748,84.62282343
2886.923748,84.51846567
2886.923748,84.4141079
2886.923748,84.30975014
2886.923748,84.20539238
2886.923748,84.10103462
2886.923748,83.99667685
2886.923748,83.89231909
2886.923748,83.78796133
2886.923748,83.68360356
2886.923748,83.5792458
2886.923748,83.47488804
2886.923748,83.37053028
2891.090255,85.24897001
2891.090255,85.14461224
2891.090255,85.04025448
2891.090255,84.93589672
2891.090255,84.83153895
2891.090255,84.72718119
2891.090255,84.62282343
2891.090255,84.51846567
2891.090255,84.4141079
2891.090255,84.30975014
2891.090255,84.20539238
2891.090255,84.10103462
2891.090255,83.99667685
2891.090255,83.89231909
2891.090255,83.78796133
2891.090255,83.68360356
2891.090255,83.5792458
2891.090255,83.47488804
2891.090255,83.37053028
2891.090255,83.26617251
2895.256762,85.14461224
2895.256762,85.04025448
2895.256762,84.93589672
2895.256762,84.83153895
2895.256762,84.72718119
2895.256762,84.62282343
2895.256762,84.51846567
2895.256762,84.4141079
2895.256762,84.30975014
2895.256762,84.20539238
2895.256762,84.10103462
2895.256762,83.99667685
2895.256762,83.89231909
2895.256762,83.78796133
2895.256762,83.68360356
2895.256762,83.5792458
2895.256762,83.47488804
2895.256762,83.37053028
2895.256762,83.26617251
2899.423268,85.04025448
2899.423268,84.93589672
2899.423268,84.83153895
2899.423268,84.72718119
2899.423268,84.62282343
2899.423268,84.51846567
2899.423268,84.4141079
2899.423268,84.30975014
2899.423268,84.20539238
2899.423268,84.10103462
2899.423268,83.99667685
2899.423268,83.89231909
2899.423268,83.78796133
2899.423268,83.68360356
2899.423268,83.5792458
2899.423268,83.47488804
2899.423268,83.37053028
2899.423268,83.26617251
2903.589775,85.04025448
2903.589775,84.93589672
2903.589775,84.83153895
2903.589775,84.72718119
2903.589775,84.62282343
2903.589775,84.51846567
2903.589775,84.4141079
2903.589775,84.30975014
2903.589775,84.20539238
2903.589775,84.10103462
2903.589775,83.99667685
2903.589775,83.89231909
2903.589775,83.78796133
2903.589775,83.68360356
2903.589775,83.5792458
2903.589775,83.47488804
2903.589775,83.37053028
2903.589775,83.26617251
2907.756282,84.93589672
2907.756282,84.83153895
2907.756282,84.72718119
2907.756282,84.62282343
2907.756282,84.51846567
2907.756282,84.4141079
2907.756282,84.30975014
2907.756282,84.20539238
2907.756282,84.10103462
2907.756282,83.99667685
2907.756282,83.89231909
2907.756282,83.78796133
2907.756282,83.68360356
2907.756282,83.5792458
2907.756282,83.47488804
2907.756282,83.37053028
2907.756282,83.26617251
2911.922789,84.93589672
2911.922789,84.83153895
2911.922789,84.72718119
2911.922789,84.62282343
2911.922789,84.51846567
2911.922789,84.4141079
2911.922789,84.30975014
2911.922789,84.20539238
2911.922789,84.10103462
2911.922789,83.99667685
2911.922789,83.89231909
2911.922789,83.78796133
2911.922789,83.68360356
2911.922789,83.5792458
2911.922789,83.47488804
2911.922789,83.37053028
2911.922789,83.26617251
2911.922789,83.16181475
2916.089296,84.93589672
2916.089296,84.83153895
2916.089296,84.72718119
2916.089296,84.62282343
2916.089296,84.51846567
2916.089296,84.4141079
2916.089296,84.30975014
2916.089296,84.20539238
2916.089296,84.10103462
2916.089296,83.99667685
2916.089296,83.89231909
2916.089296,83.78796133
2916.089296,83.68360356
2916.089296,83.5792458
2916.089296,83.47488804
2916.089296,83.37053028
2916.089296,83.26617251
2916.089296,83.16181475
2916.089296,83.05745699
2920.255802,84.93589672
2920.255802,84.83153895
2920.255802,84.72718119
2920.255802,84.62282343
2920.255802,84.51846567
2920.255802,84.4141079
2920.255802,84.30975014
2920.255802,84.20539238
2920.255802,84.10103462
2920.255802,83.99667685
2920.255802,83.89231909
2920.255802,83.78796133
2920.255802,83.68360356
2920.255802,83.5792458
2920.255802,83.47488804
2920.255802,83.37053028
2920.255802,83.26617251
2920.255802,83.16181475
2920.255802,83.05745699
2924.422309,84.93589672
2924.422309,84.83153895
2924.422309,84.72718119
2924.422309,84.62282343
2924.422309,84.51846567
2924.422309,84.4141079
2924.422309,84.30975014
2924.422309,84.20539238
2924.422309,84.10103462
2924.422309,83.99667685
2924.422309,83.89231909
2924.422309,83.78796133
2924.422309,83.68360356
2924.422309,83.5792458
2924.422309,83.47488804
2924.422309,83.37053028
2924.422309,83.26617251
2924.422309,83.16181475
2924.422309,83.05745699
2928.588816,84.93589672
2928.588816,84.83153895
2928.588816,84.72718119
2928.588816,84.62282343
2928.588816,84.51846567
2928.588816,84.4141079
2928.588816,84.30975014
2928.588816,84.20539238
2928.588816,84.10103462
2928.588816,83.99667685
2928.588816,83.89231909
2928.588816,83.78796133
2928.588816,83.68360356
2928.588816,83.5792458
2928.588816,83.47488804
2928.588816,83.37053028
2928.588816,83.26617251
2928.588816,83.16181475
2928.588816,83.05745699
2928.588816,82.95309922
2932.755323,84.93589672
2932.755323,84.83153895
2932.755323,84.72718119
2932.755323,84.62282343
2932.755323,84.51846567
2932.755323,84.4141079
2932.755323,84.30975014
2932.755323,84.20539238
2932.755323,84.10103462
2932.755323,83.99667685
2932.755323,83.89231909
2932.755323,83.78796133
2932.755323,83.68360356
2932.755323,83.5792458
2932.755323,83.47488804
2932.755323,83.37053028
2932.755323,83.26617251
2932.755323,83.16181475
2932.755323,83.05745699
2932.755323,82.95309922
2936.92183,84.93589672
2936.92183,84.83153895
2936.92183,84.72718119
2936.92183,84.62282343
2936.92183,84.51846567
2936.92183,84.4141079
2936.92183,84.30975014
2936.92183,84.20539238
2936.92183,84.10103462
2936.92183,83.99667685
2936.92183,83.89231909
2936.92183,83.78796133
2936.92183,83.68360356
2936.92183,83.5792458
2936.92183,83.47488804
2936.92183,83.37053028
2936.92183,83.26617251
2936.92183,83.16181475
2936.92183,83.05745699
2936.92183,82.95309922
2941.088336,84.93589672
2941.088336,84.83153895
2941.088336,84.72718119
2941.088336,84.62282343
2941.088336,84.51846567
2941.088336,84.4141079
2941.088336,84.30975014
2941.088336,84.20539238
2941.088336,84.10103462
2941.088336,83.99667685
2941.088336,83.89231909
2941.088336,83.78796133
2941.088336,83.68360356
2941.088336,83.5792458
2941.088336,83.47488804
2941.088336,83.37053028
2941.088336,83.26617251
2941.088336,83.16181475
2941.088336,83.05745699
2941.088336,82.95309922
2945.254843,84.93589672
2945.254843,84.83153895
2945.254843,84.72718119
2945.254843,84.62282343
2945.254843,84.51846567
2945.254843,84.4141079
2945.254843,84.30975014
2945.254843,84.20539238
2945.254843,84.10103462
2945.254843,83.99667685
2945.254843,83.89231909
2945.254843,83.78796133
2945.254843,83.68360356
2945.254843,83.5792458
2945.254843,83.47488804
2945.254843,83.37053028
2945.254843,83.26617251
2945.254843,83.16181475
2945.254843,83.05745699
2945.254843,82.95309922
2945.254843,82.84874146
2949.42135,84.93589672
2949.42135,84.83153895
2949.42135,84.72718119
2949.42135,84.62282343
2949.42135,84.51846567
2949.42135,84.4141079
2949.42135,84.30975014
2949.42135,84.20539238
2949.42135,84.10103462
2949.42135,83.99667685
2949.42135,83.89231909
2949.42135,83.78796133
2949.42135,83.68360356
2949.42135,83.5792458
2949.42135,83.47488804
2949.42135,83.37053028
2949.42135,83.26617251
2949.42135,83.16181475
2949.42135,83.05745699
2949.42135,82.95309922
2953.587857,84.93589672
2953.587857,84.83153895
2953.587857,84.72718119
2953.587857,84.62282343
2953.587857,84.51846567
2953.587857,84.4141079
2953.587857,84.30975014
2953.587857,84.20539238
2953.587857,84.10103462
2953.587857,83.99667685
2953.587857,83.89231909
2953.587857,83.78796133
2953.587857,83.68360356
2953.587857,83.5792458
2953.587857,83.47488804
2953.587857,83.37053028
2953.587857,83.26617251
2953.587857,83.16181475
2953.587857,83.05745699
2953.587857,82.95309922
2957.754364,84.93589672
2957.754364,84.83153895
2957.754364,84.72718119
2957.754364,84.62282343
2957.754364,84.51846567
2957.754364,84.4141079
2957.754364,84.30975014
2957.754364,84.20539238
2957.754364,84.10103462
2957.754364,83.99667685
2957.754364,83.89231909
2957.754364,83.78796133
2957.754364,83.68360356
2957.754364,83.5792458
2957.754364,83.47488804
2957.754364,83.37053028
2957.754364,83.26617251
2957.754364,83.16181475
2957.754364,83.05745699
2957.754364,82.95309922
2961.92087,84.93589672
2961.92087,84.83153895
2961.92087,84.72718119
2961.92087,84.62282343
2961.92087,84.51846567
2961.92087,84.4141079
2961.92087,84.30975014
2961.92087,84.20539238
2961.92087,84.10103462
2961.92087,83.99667685
2961.92087,83.89231909
2961.92087,83.78796133
2961.92087,83.68360356
2961.92087,83.5792458
2961.92087,83.47488804
2961.92087,83.37053028
2961.92087,83.26617251
2961.92087,83.16181475
2961.92087,83.05745699
2961.92087,82.95309922
2961.92087,82.84874146
2966.087377,84.93589672
2966.087377,84.83153895
2966.087377,84.72718119
2966.087377,84.62282343
2966.087377,84.51846567
2966.087377,84.4141079
2966.087377,84.30975014
2966.087377,84.20539238
2966.087377,84.10103462
2966.087377,83.99667685
2966.087377,83.89231909
2966.087377,83.78796133
2966.087377,83.68360356
2966.087377,83.5792458
2966.087377,83.47488804
2966.087377,83.37053028
2966.087377,83.26617251
2966.087377,83.16181475
2966.087377,83.05745699
2966.087377,82.95309922
2966.087377,82.84874146
2970.253884,84.93589672
2970.253884,84.83153895
2970.253884,84.72718119
2970.253884,84.62282343
2970.253884,84.51846567
2970.253884,84.4141079
2970.253884,84.30975014
2970.253884,84.20539238
2970.253884,84.10103462
2970.253884,83.99667685
2970.253884,83.89231909
2970.253884,83.78796133
2970.253884,83.68360356
2970.253884,83.5792458
2970.253884,83.47488804
2970.253884,83.37053028
2970.253884,83.26617251
2970.253884,83.16181475
2970.253884,83.05745699
2970.253884,82.95309922
2970.253884,82.84874146
2974.420391,84.93589672
2974.420391,84.83153895
2974.420391,84.72718119
2974.420391,84.62282343
2974.420391,84.51846567
2974.420391,84.4141079
2974.420391,84.30975014
2974.420391,84.20539238
2974.420391,84.10103462
2974.420391,83.99667685
2974.420391,83.89231909
2974.420391,83.78796133
2974.420391,83.68360356
2974.420391,83.5792458
2974.420391,83.47488804
2974.420391,83.37053028
2974.420391,83.26617251
2974.420391,83.16181475
2974.420391,83.05745699
2974.420391,82.95309922
2978.586898,84.93589672
2978.586898,84.83153895
2978.586898,84.72718119
2978.586898,84.62282343
2978.586898,84.51846567
2978.586898,84.4141079
2978.586898,84.30975014
2978.586898,84.20539238
2978.586898,84.10103462
2978.586898,83.99667685
2978.586898,83.89231909
2978.586898,83.78796133
2978.586898,83.68360356
2978.586898,83.5792458
2978.586898,83.47488804
2978.586898,83.37053028
2978.586898,83.26617251
2978.586898,83.16181475
2978.586898,83.05745699
2978.586898,82.95309922
2982.753404,84.93589672
2982.753404,84.72718119
2982.753404,84.62282343
2982.753404,84.51846567
2982.753404,84.4141079
2982.753404,84.30975014
2982.753404,84.20539238
2982.753404,84.10103462
2982.753404,83.99667685
2982.753404,83.89231909
2982.753404,83.78796133
2982.753404,83.68360356
2982.753404,83.5792458
2982.753404,83.47488804
2982.753404,83.37053028
2982.753404,83.26617251
2982.753404,83.16181475
2982.753404,83.05745699
2982.753404,82.95309922
2982.753404,82.84874146
2986.919911,84.93589672
2986.919911,84.83153895
2986.919911,84.72718119
2986.919911,84.62282343
2986.919911,84.51846567
2986.919911,84.4141079
2986.919911,84.30975014
2986.919911,84.20539238
2986.919911,84.10103462
2986.919911,83.99667685
2986.919911,83.89231909
2986.919911,83.78796133
2986.919911,83.68360356
2986.919911,83.5792458
2986.919911,83.47488804
2986.919911,83.37053028
2986.919911,83.26617251
2986.919911,83.16181475
2986.919911,83.05745699
2986.919911,82.95309922
2986.919911,82.84874146
2991.086418,84.93589672
2991.086418,84.83153895
2991.086418,84.72718119
2991.086418,84.62282343
2991.086418,84.51846567
2991.086418,84.4141079
2991.086418,84.30975014
2991.086418,84.20539238
2991.086418,84.10103462
2991.086418,83.99667685
2991.086418,83.89231909
2991.086418,83.78796133
2991.086418,83.68360356
2991.086418,83.5792458
2991.086418,83.47488804
2991.086418,83.37053028
2991.086418,83.26617251
2991.086418,83.16181475
2991.086418,83.05745699
2991.086418,82.95309922
2995.252925,84.93589672
2995.252925,84.83153895
2995.252925,84.72718119
2995.252925,84.62282343
2995.252925,84.51846567
2995.252925,84.4141079
2995.252925,84.30975014
2995.252925,84.20539238
2995.252925,84.10103462
2995.252925,83.99667685
2995.252925,83.89231909
2995.252925,83.78796133
2995.252925,83.68360356
2995.252925,83.5792458
2995.252925,83.47488804
2995.252925,83.37053028
2995.252925,83.26617251
2995.252925,83.16181475
2995.252925,83.05745699
2995.252925,82.95309922
2999.419431,84.93589672
2999.419431,84.72718119
2999.419431,84.62282343
2999.419431,84.51846567
2999.419431,84.4141079
2999.419431,84.30975014
2999.419431,84.20539238
2999.419431,84.10103462
2999.419431,83.99667685
2999.419431,83.89231909
2999.419431,83.78796133
2999.419431,83.68360356
2999.419431,83.5792458
2999.419431,83.47488804
2999.419431,83.37053028
2999.419431,83.26617251
2999.419431,83.16181475
2999.419431,83.05745699
2999.419431,82.95309922
3003.585938,84.93589672
3003.585938,84.83153895
3003.585938,84.72718119
3003.585938,84.62282343
3003.585938,84.51846567
3003.585938,84.4141079
3003.585938,84.30975014
3003.585938,84.20539238
3003.585938,84.10103462
3003.585938,83.99667685
3003.585938,83.89231909
3003.585938,83.78796133
3003.585938,83.68360356
3003.585938,83.5792458
3003.585938,83.47488804
3003.585938,83.37053028
3003.585938,83.26617251
3003.585938,83.16181475
3003.585938,83.05745699
3003.585938,82.95309922
3003.585938,82.84874146
3007.752445,84.93589672
3007.752445,84.83153895
3007.752445,84.72718119
3007.752445,84.62282343
3007.752445,84.51846567
3007.752445,84.4141079
3007.752445,84.30975014
3007.752445,84.20539238
3007.752445,84.10103462
3007.752445,83.99667685
3007.752445,83.89231909
3007.752445,83.78796133
3007.752445,83.68360356
3007.752445,83.5792458
3007.752445,83.47488804
3007.752445,83.37053028
3007.752445,83.26617251
3007.752445,83.16181475
3007.752445,83.05745699
3007.752445,82.95309922
3007.752445,82.84874146
3011.918952,84.93589672
3011.918952,84.83153895
3011.918952,84.72718119
3011.918952,84.62282343
3011.918952,84.51846567
3011.918952,84.4141079
3011.918952,84.30975014
3011.918952,84.20539238
3011.918952,84.10103462
3011.918952,83.99667685
3011.918952,83.89231909
3011.918952,83.78796133
3011.918952,83.68360356
3011.918952,83.5792458
3011.918952,83.47488804
3011.918952,83.37053028
3011.918952,83.26617251
3011.918952,83.16181475
3011.918952,83.05745699
3011.918952,82.95309922
3016.085459,84.93589672
3016.085459,84.83153895
3016.085459,84.72718119
3016.085459,84.62282343
3016.085459,84.51846567
3016.085459,84.4141079
3016.085459,84.30975014
3016.085459,84.20539238
3016.085459,84.10103462
3016.085459,83.99667685
3016.085459,83.89231909
3016.085459,83.78796133
3016.085459,83.68360356
3016.085459,83.5792458
3016.085459,83.47488804
3016.085459,83.37053028
3016.085459,83.26617251
3016.085459,83.16181475
3016.085459,83.05745699
3016.085459,82.95309922
3020.251965,84.93589672
3020.251965,84.83153895
3020.251965,84.72718119
3020.251965,84.62282343
3020.251965,84.51846567
3020.251965,84.4141079
3020.251965,84.30975014
3020.251965,84.20539238
3020.251965,84.10103462
3020.251965,83.99667685
3020.251965,83.89231909
3020.251965,83.78796133
3020.251965,83.68360356
3020.251965,83.5792458
3020.251965,83.47488804
3020.251965,83.37053028
3020.251965,83.26617251
3020.251965,83.16181475
3020.251965,83.05745699
3020.251965,82.95309922
3024.418472,84.93589672
3024.418472,84.72718119
3024.418472,84.62282343
3024.418472,84.51846567
3024.418472,84.4141079
3024.418472,84.30975014
3024.418472,84.20539238
3024.418472,84.10103462
3024.418472,83.99667685
3024.418472,83.89231909
3024.418472,83.78796133
3024.418472,83.68360356
3024.418472,83.5792458
3024.418472,83.47488804
3024.418472,83.37053028
3024.418472,83.26617251
3024.418472,83.16181475
3024.418472,83.05745699
3024.418472,82.95309922
3024.418472,82.84874146
3028.584979,84.93589672
3028.584979,84.72718119
3028.584979,84.62282343
3028.584979,84.51846567
3028.584979,84.4141079
3028.584979,84.30975014
3028.584979,84.20539238
3028.584979,84.10103462
3028.584979,83.99667685
3028.584979,83.89231909
3028.584979,83.78796133
3028.584979,83.68360356
3028.584979,83.5792458
3028.584979,83.47488804
3028.584979,83.37053028
3028.584979,83.26617251
3028.584979,83.16181475
3028.584979,83.05745699
3028.584979,82.95309922
3028.584979,82.84874146
3032.751486,84.93589672
3032.751486,84.72718119
3032.751486,84.62282343
3032.751486,84.51846567
3032.751486,84.4141079
3032.751486,84.30975014
3032.751486,84.20539238
3032.751486,84.10103462
3032.751486,83.99667685
3032.751486,83.89231909
3032.751486,83.78796133
3032.751486,83.68360356
3032.751486,83.5792458
3032.751486,83.47488804
3032.751486,83.37053028
3032.751486,83.26617251
3032.751486,83.16181475
3032.751486,83.05745699
3032.751486,82.95309922
3032.751486,82.84874146
3032.751486,82.7443837
3036.917993,84.93589672
3036.917993,84.72718119
3036.917993,84.62282343
3036.917993,84.51846567
3036.917993,84.4141079
3036.917993,84.30975014
3036.917993,84.20539238
3036.917993,84.10103462
3036.917993,83.99667685
3036.917993,83.89231909
3036.917993,83.78796133
3036.917993,83.68360356
3036.917993,83.5792458
3036.917993,83.47488804
3036.917993,83.37053028
3036.917993,83.26617251
3036.917993,83.16181475
3036.917993,83.05745699
3036.917993,82.95309922
3036.917993,82.84874146
3041.084499,84.93589672
3041.084499,84.72718119
3041.084499,84.62282343
3041.084499,84.51846567
3041.084499,84.4141079
3041.084499,84.30975014
3041.084499,84.20539238
3041.084499,84.10103462
3041.084499,83.99667685
3041.084499,83.89231909
3041.084499,83.78796133
3041.084499,83.68360356
3041.084499,83.5792458
3041.084499,83.47488804
3041.084499,83.37053028
3041.084499,83.26617251
3041.084499,83.16181475
3041.084499,83.05745699
3041.084499,82.95309922
3041.084499,82.84874146
3045.251006,84.93589672
3045.251006,84.72718119
3045.251006,84.62282343
3045.251006,84.51846567
3045.251006,84.4141079
3045.251006,84.30975014
3045.251006,84.20539238
3045.251006,84.10103462
3045.251006,83.99667685
3045.251006,83.89231909
3045.251006,83.78796133
3045.251006,83.68360356
3045.251006,83.5792458
3045.251006,83.47488804
3045.251006,83.37053028
3045.251006,83.26617251
3045.251006,83.16181475
3045.251006,83.05745699
3045.251006,82.95309922
3045.251006,82.84874146
3045.251006,82.7443837
3049.417513,84.93589672
3049.417513,84.72718119
3049.417513,84.62282343
3049.417513,84.51846567
3049.417513,84.4141079
3049.417513,84.30975014
3049.417513,84.20539238
3049.417513,84.10103462
3049.417513,83.99667685
3049.417513,83.89231909
3049.417513,83.78796133
3049.417513,83.68360356
3049.417513,83.5792458
3049.417513,83.47488804
3049.417513,83.37053028
3049.417513,83.26617251
3049.417513,83.16181475
3049.417513,83.05745699
3049.417513,82.95309922
3049.417513,82.84874146
3049.417513,82.7443837
3053.58402,84.93589672
3053.58402,84.72718119
3053.58402,84.62282343
3053.58402,84.51846567
3053.58402,84.4141079
3053.58402,84.30975014
3053.58402,84.20539238
3053.58402,84.10103462
3053.58402,83.99667685
3053.58402,83.89231909
3053.58402,83.78796133
3053.58402,83.68360356
3053.58402,83.5792458
3053.58402,83.47488804
3053.58402,83.37053028
3053.58402,83.26617251
3053.58402,83.16181475
3053.58402,83.05745699
3053.58402,82.95309922
3053.58402,82.84874146
3053.58402,82.7443837
3057.750527,84.93589672
3057.750527,84.72718119
3057.750527,84.62282343
3057.750527,84.51846567
3057.750527,84.4141079
3057.750527,84.30975014
3057.750527,84.20539238
3057.750527,84.10103462
3057.750527,83.99667685
3057.750527,83.89231909
3057.750527,83.78796133
3057.750527,83.68360356
3057.750527,83.5792458
3057.750527,83.47488804
3057.750527,83.37053028
3057.750527,83.26617251
3057.750527,83.16181475
3057.750527,83.05745699
3057.750527,82.95309922
3057.750527,82.84874146
3057.750527,82.7443837
3061.917033,84.93589672
3061.917033,84.72718119
3061.917033,84.62282343
3061.917033,84.51846567
3061.917033,84.4141079
3061.917033,84.30975014
3061.917033,84.20539238
3061.917033,84.10103462
3061.917033,83.99667685
3061.917033,83.89231909
3061.917033,83.78796133
3061.917033,83.68360356
3061.917033,83.5792458
3061.917033,83.47488804
3061.917033,83.37053028
3061.917033,83.26617251
3061.917033,83.16181475
3061.917033,83.05745699
3061.917033,82.95309922
3061.917033,82.84874146
3061.917033,82.7443837
3066.08354,84.93589672
3066.08354,84.62282343
3066.08354,84.51846567
3066.08354,84.4141079
3066.08354,84.30975014
3066.08354,84.20539238
3066.08354,84.10103462
3066.08354,83.99667685
3066.08354,83.89231909
3066.08354,83.78796133
3066.08354,83.68360356
3066.08354,83.5792458
3066.08354,83.47488804
3066.08354,83.37053028
3066.08354,83.26617251
3066.08354,83.16181475
3066.08354,83.05745699
3066.08354,82.95309922
3066.08354,82.84874146
3066.08354,82.7443837
3066.08354,82.64002594
3070.250047,84.93589672
3070.250047,84.51846567
3070.250047,84.4141079
3070.250047,84.30975014
3070.250047,84.20539238
3070.250047,84.10103462
3070.250047,83.99667685
3070.250047,83.89231909
3070.250047,83.78796133
3070.250047,83.68360356
3070.250047,83.5792458
3070.250047,83.47488804
3070.250047,83.37053028
3070.250047,83.26617251
3070.250047,83.16181475
3070.250047,83.05745699
3070.250047,82.95309922
3070.250047,82.84874146
3070.250047,82.7443837
3070.250047,82.64002594
3074.416554,84.93589672
3074.416554,84.51846567
3074.416554,84.4141079
3074.416554,84.30975014
3074.416554,84.20539238
3074.416554,84.10103462
3074.416554,83.99667685
3074.416554,83.89231909
3074.416554,83.78796133
3074.416554,83.68360356
3074.416554,83.5792458
3074.416554,83.47488804
3074.416554,83.37053028
3074.416554,83.26617251
3074.416554,83.16181475
3074.416554,83.05745699
3074.416554,82.95309922
3074.416554,82.84874146
3074.416554,82.7443837
3074.416554,82.64002594
3078.583061,84.93589672
3078.583061,84.51846567
3078.583061,84.4141079
3078.583061,84.30975014
3078.583061,84.20539238
3078.583061,84.10103462
3078.583061,83.99667685
3078.583061,83.89231909
3078.583061,83.78796133
3078.583061,83.68360356
3078.583061,83.5792458
3078.583061,83.47488804
3078.583061,83.37053028
3078.583061,83.26617251
3078.583061,83.16181475
3078.583061,83.05745699
3078.583061,82.95309922
3078.583061,82.84874146
3078.583061,82.7443837
3078.583061,82.64002594
3082.749567,84.51846567
3082.749567,84.4141079
3082.749567,84.30975014
3082.749567,84.20539238
3082.749567,84.10103462
3082.749567,83.99667685
3082.749567,83.89231909
3082.749567,83.78796133
3082.749567,83.68360356
3082.749567,83.5792458
3082.749567,83.47488804
3082.749567,83.37053028
3082.749567,83.26617251
3082.749567,83.16181475
3082.749567,83.05745699
3082.749567,82.95309922
3082.749567,82.84874146
3082.749567,82.7443837
3082.749567,82.64002594
3082.749567,82.53566817
3086.916074,84.51846567
3086.916074,84.4141079
3086.916074,84.30975014
3086.916074,84.20539238
3086.916074,84.10103462
3086.916074,83.99667685
3086.916074,83.89231909
3086.916074,83.78796133
3086.916074,83.68360356
3086.916074,83.5792458
3086.916074,83.47488804
3086.916074,83.37053028
3086.916074,83.26617251
3086.916074,83.16181475
3086.916074,83.05745699
3086.916074,82.95309922
3086.916074,82.84874146
3086.916074,82.7443837
3086.916074,82.64002594
3086.916074,82.53566817
3091.082581,84.51846567
3091.082581,84.4141079
3091.082581,84.30975014
3091.082581,84.20539238
3091.082581,84.10103462
3091.082581,83.99667685
3091.082581,83.89231909
3091.082581,83.78796133
3091.082581,83.68360356
3091.082581,83.5792458
3091.082581,83.47488804
3091.082581,83.37053028
3091.082581,83.26617251
3091.082581,83.16181475
3091.082581,83.05745699
3091.082581,82.95309922
3091.082581,82.84874146
3091.082581,82.7443837
3091.082581,82.64002594
3095.249088,84.51846567
3095.249088,84.4141079
3095.249088,84.30975014
3095.249088,84.20539238
3095.249088,84.10103462
3095.249088,83.99667685
3095.249088,83.89231909
3095.249088,83.78796133
3095.249088,83.68360356
3095.249088,83.5792458
3095.249088,83.47488804
3095.249088,83.37053028
3095.249088,83.26617251
3095.249088,83.16181475
3095.249088,83.05745699
3095.249088,82.95309922
3095.249088,82.84874146
3095.249088,82.7443837
3095.249088,82.64002594
3099.415595,84.51846567
3099.415595,84.4141079
3099.415595,84.30975014
3099.415595,84.20539238
3099.415595,84.10103462
3099.415595,83.99667685
3099.415595,83.89231909
3099.415595,83.78796133
3099.415595,83.68360356
3099.415595,83.5792458
3099.415595,83.47488804
3099.415595,83.37053028
3099.415595,83.26617251
3099.415595,83.16181475
3099.415595,83.05745699
3099.415595,82.95309922
3099.415595,82.84874146
3099.415595,82.7443837
3099.415595,82.64002594
3103.582101,84.4141079
3103.582101,84.30975014
3103.582101,84.20539238
3103.582101,84.10103462
3103.582101,83.99667685
3103.582101,83.89231909
3103.582101,83.78796133
3103.582101,83.68360356
3103.582101,83.5792458
3103.582101,83.47488804
3103.582101,83.37053028
3103.582101,83.26617251
3103.582101,83.16181475
3103.582101,83.05745699
3103.582101,82.95309922
3103.582101,82.84874146
3103.582101,82.7443837
3103.582101,82.64002594
3103.582101,82.53566817
3107.748608,84.30975014
3107.748608,84.20539238
3107.748608,84.10103462
3107.748608,83.99667685
3107.748608,83.89231909
3107.748608,83.78796133
3107.748608,83.68360356
3107.748608,83.5792458
3107.748608,83.47488804
3107.748608,83.37053028
3107.748608,83.26617251
3107.748608,83.16181475
3107.748608,83.05745699
3107.748608,82.95309922
3107.748608,82.84874146
3107.748608,82.7443837
3107.748608,82.64002594
3107.748608,82.53566817
3107.748608,82.43131041
3111.915115,84.30975014
3111.915115,84.20539238
3111.915115,84.10103462
3111.915115,83.99667685
3111.915115,83.89231909
3111.915115,83.78796133
3111.915115,83.68360356
3111.915115,83.5792458
3111.915115,83.47488804
3111.915115,83.37053028
3111.915115,83.26617251
3111.915115,83.16181475
3111.915115,83.05745699
3111.915115,82.95309922
3111.915115,82.84874146
3111.915115,82.7443837
3111.915115,82.64002594
3111.915115,82.53566817
3111.915115,82.43131041
3116.081622,84.20539238
3116.081622,84.10103462
3116.081622,83.99667685
3116.081622,83.89231909
3116.081622,83.78796133
3116.081622,83.68360356
3116.081622,83.5792458
3116.081622,83.47488804
3116.081622,83.37053028
3116.081622,83.26617251
3116.081622,83.16181475
3116.081622,83.05745699
3116.081622,82.95309922
3116.081622,82.84874146
3116.081622,82.7443837
3116.081622,82.64002594
3116.081622,82.53566817
3116.081622,82.43131041
3120.248129,84.30975014
3120.248129,84.20539238
3120.248129,84.10103462
3120.248129,83.99667685
3120.248129,83.89231909
3120.248129,83.78796133
3120.248129,83.68360356
3120.248129,83.5792458
3120.248129,83.47488804
3120.248129,83.37053028
3120.248129,83.26617251
3120.248129,83.16181475
3120.248129,83.05745699
3120.248129,82.95309922
3120.248129,82.84874146
3120.248129,82.7443837
3120.248129,82.64002594
3120.248129,82.53566817
3120.248129,82.43131041
3120.248129,82.32695265
3124.414635,84.30975014
3124.414635,84.20539238
3124.414635,84.10103462
3124.414635,83.99667685
3124.414635,83.89231909
3124.414635,83.78796133
3124.414635,83.68360356
3124.414635,83.5792458
3124.414635,83.47488804
3124.414635,83.37053028
3124.414635,83.26617251
3124.414635,83.16181475
3124.414635,83.05745699
3124.414635,82.95309922
3124.414635,82.84874146
3124.414635,82.7443837
3124.414635,82.64002594
3124.414635,82.53566817
3124.414635,82.43131041
3124.414635,82.32695265
3128.581142,84.30975014
3128.581142,84.20539238
3128.581142,84.10103462
3128.581142,83.99667685
3128.581142,83.89231909
3128.581142,83.78796133
3128.581142,83.68360356
3128.581142,83.5792458
3128.581142,83.47488804
3128.581142,83.37053028
3128.581142,83.26617251
3128.581142,83.16181475
3128.581142,83.05745699
3128.581142,82.95309922
3128.581142,82.84874146
3128.581142,82.7443837
3128.581142,82.64002594
3128.581142,82.53566817
3128.581142,82.43131041
3128.581142,82.32695265
3128.581142,82.22259488
3132.747649,84.30975014
3132.747649,84.20539238
3132.747649,84.10103462
3132.747649,83.99667685
3132.747649,83.89231909
3132.747649,83.78796133
3132.747649,83.68360356
3132.747649,83.5792458
3132.747649,83.47488804
3132.747649,83.37053028
3132.747649,83.26617251
3132.747649,83.16181475
3132.747649,83.05745699
3132.747649,82.95309922
3132.747649,82.84874146
3132.747649,82.7443837
3132.747649,82.64002594
3132.747649,82.53566817
3132.747649,82.43131041
3132.747649,82.32695265
3136.914156,84.20539238
3136.914156,84.10103462
3136.914156,83.99667685
3136.914156,83.89231909
3136.914156,83.78796133
3136.914156,83.68360356
3136.914156,83.5792458
3136.914156,83.47488804
3136.914156,83.37053028
3136.914156,83.26617251
3136.914156,83.16181475
3136.914156,83.05745699
3136.914156,82.95309922
3136.914156,82.84874146
3136.914156,82.7443837
3136.914156,82.64002594
3136.914156,82.53566817
3136.914156,82.43131041
3136.914156,82.32695265
3141.080663,84.20539238
3141.080663,84.10103462
3141.080663,83.99667685
3141.080663,83.89231909
3141.080663,83.78796133
3141.080663,83.68360356
3141.080663,83.5792458
3141.080663,83.47488804
3141.080663,83.37053028
3141.080663,83.26617251
3141.080663,83.16181475
3141.080663,83.05745699
3141.080663,82.95309922
3141.080663,82.84874146
3141.080663,82.7443837
3141.080663,82.64002594
3141.080663,82.53566817
3141.080663,82.43131041
3141.080663,82.32695265
3141.080663,82.22259488
3145.247169,84.10103462
3145.247169,83.99667685
3145.247169,83.89231909
3145.247169,83.78796133
3145.247169,83.68360356
3145.247169,83.5792458
3145.247169,83.47488804
3145.247169,83.37053028
3145.247169,83.26617251
3145.247169,83.16181475
3145.247169,83.05745699
3145.247169,82.95309922
3145.247169,82.84874146
3145.247169,82.7443837
3145.247169,82.64002594
3145.247169,82.53566817
3145.247169,82.43131041
3145.247169,82.32695265
3145.247169,82.22259488
3145.247169,82.11823712
3149.413676,84.20539238
3149.413676,84.10103462
3149.413676,83.99667685
3149.413676,83.89231909
3149.413676,83.78796133
3149.413676,83.68360356
3149.413676,83.5792458
3149.413676,83.47488804
3149.413676,83.37053028
3149.413676,83.26617251
3149.413676,83.16181475
3149.413676,83.05745699
3149.413676,82.95309922
3149.413676,82.84874146
3149.413676,82.7443837
3149.413676,82.64002594
3149.413676,82.53566817
3149.413676,82.43131041
3149.413676,82.32695265
3149.413676,82.22259488
3153.580183,84.20539238
3153.580183,84.10103462
3153.580183,83.99667685
3153.580183,83.89231909
3153.580183,83.78796133
3153.580183,83.68360356
3153.580183,83.5792458
3153.580183,83.47488804
3153.580183,83.37053028
3153.580183,83.26617251
3153.580183,83.16181475
3153.580183,83.05745699
3153.580183,82.95309922
3153.580183,82.84874146
3153.580183,82.7443837
3153.580183,82.64002594
3153.580183,82.53566817
3153.580183,82.43131041
3153.580183,82.32695265
3153.580183,82.22259488
3157.74669,84.20539238
3157.74669,84.10103462
3157.74669,83.99667685
3157.74669,83.89231909
3157.74669,83.78796133
3157.74669,83.68360356
3157.74669,83.5792458
3157.74669,83.47488804
3157.74669,83.37053028
3157.74669,83.26617251
3157.74669,83.16181475
3157.74669,83.05745699
3157.74669,82.95309922
3157.74669,82.84874146
3157.74669,82.7443837
3157.74669,82.64002594
3157.74669,82.53566817
3157.74669,82.43131041
3157.74669,82.32695265
3157.74669,82.22259488
3157.74669,82.11823712
3161.913197,84.10103462
3161.913197,83.99667685
3161.913197,83.89231909
3161.913197,83.78796133
3161.913197,83.68360356
3161.913197,83.5792458
3161.913197,83.47488804
3161.913197,83.37053028
3161.913197,83.26617251
3161.913197,83.16181475
3161.913197,83.05745699
3161.913197,82.95309922
3161.913197,82.84874146
3161.913197,82.7443837
3161.913197,82.64002594
3161.913197,82.53566817
3161.913197,82.43131041
3161.913197,82.32695265
3161.913197,82.22259488
3161.913197,82.11823712
3166.079703,83.99667685
3166.079703,83.89231909
3166.079703,83.78796133
3166.079703,83.68360356
3166.079703,83.5792458
3166.079703,83.47488804
3166.079703,83.37053028
3166.079703,83.26617251
3166.079703,83.16181475
3166.079703,83.05745699
3166.079703,82.95309922
3166.079703,82.84874146
3166.079703,82.7443837
3166.079703,82.64002594
3166.079703,82.53566817
3166.079703,82.43131041
3166.079703,82.32695265
3166.079703,82.22259488
3166.079703,82.11823712
3170.24621,83.99667685
3170.24621,83.89231909
3170.24621,83.78796133
3170.24621,83.68360356
3170.24621,83.5792458
3170.24621,83.47488804
3170.24621,83.37053028
3170.24621,83.26617251
3170.24621,83.16181475
3170.24621,83.05745699
3170.24621,82.95309922
3170.24621,82.84874146
3170.24621,82.7443837
3170.24621,82.64002594
3170.24621,82.53566817
3170.24621,82.43131041
3170.24621,82.32695265
3170.24621,82.22259488
3170.24621,82.11823712
3174.412717,83.99667685
3174.412717,83.89231909
3174.412717,83.78796133
3174.412717,83.68360356
3174.412717,83.5792458
3174.412717,83.47488804
3174.412717,83.37053028
3174.412717,83.26617251
3174.412717,83.16181475
3174.412717,83.05745699
3174.412717,82.95309922
3174.412717,82.84874146
3174.412717,82.7443837
3174.412717,82.64002594
3174.412717,82.53566817
3174.412717,82.43131041
3174.412717,82.32695265
3174.412717,82.22259488
3174.412717,82.11823712
3178.579224,83.99667685
3178.579224,83.89231909
3178.579224,83.78796133
3178.579224,83.68360356
3178.579224,83.5792458
3178.579224,83.47488804
3178.579224,83.37053028
3178.579224,83.26617251
3178.579224,83.16181475
3178.579224,83.05745699
3178.579224,82.95309922
3178.579224,82.84874146
3178.579224,82.7443837
3178.579224,82.64002594
3178.579224,82.53566817
3178.579224,82.43131041
3178.579224,82.32695265
3178.579224,82.22259488
3178.579224,82.11823712
3182.74573,83.99667685
3182.74573,83.89231909
3182.74573,83.78796133
3182.74573,83.68360356
3182.74573,83.5792458
3182.74573,83.47488804
3182.74573,83.37053028
3182.74573,83.26617251
3182.74573,83.16181475
3182.74573,83.05745699
3182.74573,82.95309922
3182.74573,82.84874146
3182.74573,82.7443837
3182.74573,82.64002594
3182.74573,82.53566817
3182.74573,82.43131041
3182.74573,82.32695265
3182.74573,82.22259488
3182.74573,82.11823712
3182.74573,82.01387936
3186.912237,84.10103462
3186.912237,83.99667685
3186.912237,83.89231909
3186.912237,83.78796133
3186.912237,83.68360356
3186.912237,83.5792458
3186.912237,83.47488804
3186.912237,83.37053028
3186.912237,83.26617251
3186.912237,83.16181475
3186.912237,83.05745699
3186.912237,82.95309922
3186.912237,82.84874146
3186.912237,82.7443837
3186.912237,82.64002594
3186.912237,82.53566817
3186.912237,82.43131041
3186.912237,82.32695265
3186.912237,82.22259488
3186.912237,82.11823712
3191.078744,83.99667685
3191.078744,83.89231909
3191.078744,83.78796133
3191.078744,83.68360356
3191.078744,83.5792458
3191.078744,83.47488804
3191.078744,83.37053028
3191.078744,83.26617251
3191.078744,83.16181475
3191.078744,83.05745699
3191.078744,82.95309922
3191.078744,82.84874146
3191.078744,82.7443837
3191.078744,82.64002594
3191.078744,82.53566817
3191.078744,82.43131041
3191.078744,82.32695265
3191.078744,82.22259488
3191.078744,82.11823712
3195.245251,83.99667685
3195.245251,83.89231909
3195.245251,83.78796133
3195.245251,83.68360356
3195.245251,83.5792458
3195.245251,83.47488804
3195.245251,83.37053028
3195.245251,83.26617251
3195.245251,83.16181475
3195.245251,83.05745699
3195.245251,82.95309922
3195.245251,82.84874146
3195.245251,82.7443837
3195.245251,82.64002594
3195.245251,82.53566817
3195.245251,82.43131041
3195.245251,82.32695265
3195.245251,82.22259488
3195.245251,82.11823712
3199.411758,83.89231909
3199.411758,83.78796133
3199.411758,83.68360356
3199.411758,83.5792458
3199.411758,83.47488804
3199.411758,83.37053028
3199.411758,83.26617251
3199.411758,83.16181475
3199.411758,83.05745699
3199.411758,82.95309922
3199.411758,82.84874146
3199.411758,82.7443837
3199.411758,82.64002594
3199.411758,82.53566817
3199.411758,82.43131041
3199.411758,82.32695265
3199.411758,82.22259488
3199.411758,82.11823712
3199.411758,82.01387936
3203.578264,83.78796133
3203.578264,83.68360356
3203.578264,83.5792458
3203.578264,83.47488804
3203.578264,83.37053028
3203.578264,83.26617251
3203.578264,83.16181475
3203.578264,83.05745699
3203.578264,82.95309922
3203.578264,82.84874146
3203.578264,82.7443837
3203.578264,82.64002594
3203.578264,82.53566817
3203.578264,82.43131041
3203.578264,82.32695265
3203.578264,82.22259488
3203.578264,82.11823712
3203.578264,82.01387936
3203.578264,81.9095216
3207.744771,83.78796133
3207.744771,83.68360356
3207.744771,83.5792458
3207.744771,83.47488804
3207.744771,83.37053028
3207.744771,83.26617251
3207.744771,83.16181475
3207.744771,83.05745699
3207.744771,82.95309922
3207.744771,82.84874146
3207.744771,82.7443837
3207.744771,82.64002594
3207.744771,82.53566817
3207.744771,82.43131041
3207.744771,82.32695265
3207.744771,82.22259488
3207.744771,82.11823712
3207.744771,82.01387936
3207.744771,81.9095216
3211.911278,83.89231909
3211.911278,83.78796133
3211.911278,83.68360356
3211.911278,83.5792458
3211.911278,83.47488804
3211.911278,83.37053028
3211.911278,83.26617251
3211.911278,83.16181475
3211.911278,83.05745699
3211.911278,82.95309922
3211.911278,82.84874146
3211.911278,82.7443837
3211.911278,82.64002594
3211.911278,82.53566817
3211.911278,82.43131041
3211.911278,82.32695265
3211.911278,82.22259488
3211.911278,82.11823712
3211.911278,82.01387936
3216.077785,83.89231909
3216.077785,83.78796133
3216.077785,83.68360356
3216.077785,83.5792458
3216.077785,83.47488804
3216.077785,83.37053028
3216.077785,83.26617251
3216.077785,83.16181475
3216.077785,83.05745699
3216.077785,82.95309922
3216.077785,82.84874146
3216.077785,82.7443837
3216.077785,82.64002594
3216.077785,82.53566817
3216.077785,82.43131041
3216.077785,82.32695265
3216.077785,82.22259488
3216.077785,82.11823712
3216.077785,82.01387936
3220.244292,83.78796133
3220.244292,83.68360356
3220.244292,83.5792458
3220.244292,83.47488804
3220.244292,83.37053028
3220.244292,83.26617251
3220.244292,83.16181475
3220.244292,83.05745699
3220.244292,82.95309922
3220.244292,82.84874146
3220.244292,82.7443837
3220.244292,82.64002594
3220.244292,82.53566817
3220.244292,82.43131041
3220.244292,82.32695265
3220.244292,82.22259488
3220.244292,82.11823712
3220.244292,82.01387936
3220.244292,81.9095216
3224.410798,83.89231909
3224.410798,83.78796133
3224.410798,83.68360356
3224.410798,83.5792458
3224.410798,83.47488804
3224.410798,83.37053028
3224.410798,83.26617251
3224.410798,83.16181475
3224.410798,83.05745699
3224.410798,82.95309922
3224.410798,82.84874146
3224.410798,82.7443837
3224.410798,82.64002594
3224.410798,82.53566817
3224.410798,82.43131041
3224.410798,82.32695265
3224.410798,82.22259488
3224.410798,82.11823712
3224.410798,82.01387936
3224.410798,81.9095216
3224.410798,81.80516383
3228.577305,83.89231909
3228.577305,83.78796133
3228.577305,83.68360356
3228.577305,83.5792458
3228.577305,83.47488804
3228.577305,83.37053028
3228.577305,83.26617251
3228.577305,83.16181475
3228.577305,83.05745699
3228.577305,82.95309922
3228.577305,82.84874146
3228.577305,82.7443837
3228.577305,82.64002594
3228.577305,82.53566817
3228.577305,82.43131041
3228.577305,82.32695265
3228.577305,82.22259488
3228.577305,82.11823712
3228.577305,82.01387936
3228.577305,81.9095216
3232.743812,83.78796133
3232.743812,83.68360356
3232.743812,83.5792458
3232.743812,83.47488804
3232.743812,83.37053028
3232.743812,83.26617251
3232.743812,83.16181475
3232.743812,83.05745699
3232.743812,82.95309922
3232.743812,82.84874146
3232.743812,82.7443837
3232.743812,82.64002594
3232.743812,82.53566817
3232.743812,82.43131041
3232.743812,82.32695265
3232.743812,82.22259488
3232.743812,82.11823712
3232.743812,82.01387936
3236.910319,83.78796133
3236.910319,83.68360356
3236.910319,83.5792458
3236.910319,83.47488804
3236.910319,83.37053028
3236.910319,83.26617251
3236.910319,83.16181475
3236.910319,83.05745699
3236.910319,82.95309922
3236.910319,82.84874146
3236.910319,82.7443837
3236.910319,82.64002594
3236.910319,82.53566817
3236.910319,82.43131041
3236.910319,82.32695265
3236.910319,82.22259488
3236.910319,82.11823712
3236.910319,82.01387936
3236.910319,81.9095216
3241.076826,83.78796133
3241.076826,83.68360356
3241.076826,83.5792458
3241.076826,83.47488804
3241.076826,83.37053028
3241.076826,83.26617251
3241.076826,83.16181475
3241.076826,83.05745699
3241.076826,82.95309922
3241.076826,82.84874146
3241.076826,82.7443837
3241.076826,82.64002594
3241.076826,82.53566817
3241.076826,82.43131041
3241.076826,82.32695265
3241.076826,82.22259488
3241.076826,82.11823712
3241.076826,82.01387936
3241.076826,81.9095216
3241.076826,81.80516383
3245.243332,83.78796133
3245.243332,83.68360356
3245.243332,83.5792458
3245.243332,83.47488804
3245.243332,83.37053028
3245.243332,83.26617251
3245.243332,83.16181475
3245.243332,83.05745699
3245.243332,82.95309922
3245.243332,82.84874146
3245.243332,82.7443837
3245.243332,82.64002594
3245.243332,82.53566817
3245.243332,82.43131041
3245.243332,82.32695265
3245.243332,82.22259488
3245.243332,82.11823712
3245.243332,82.01387936
3245.243332,81.9095216
3245.243332,81.80516383
3249.409839,83.78796133
3249.409839,83.68360356
3249.409839,83.5792458
3249.409839,83.47488804
3249.409839,83.37053028
3249.409839,83.26617251
3249.409839,83.16181475
3249.409839,83.05745699
3249.409839,82.95309922
3249.409839,82.84874146
3249.409839,82.7443837
3249.409839,82.64002594
3249.409839,82.53566817
3249.409839,82.43131041
3249.409839,82.32695265
3249.409839,82.22259488
3249.409839,82.11823712
3249.409839,82.01387936
3249.409839,81.9095216
3249.409839,81.80516383
3253.576346,83.68360356
3253.576346,83.5792458
3253.576346,83.47488804
3253.576346,83.37053028
3253.576346,83.26617251
3253.576346,83.16181475
3253.576346,83.05745699
3253.576346,82.95309922
3253.576346,82.84874146
3253.576346,82.7443837
3253.576346,82.64002594
3253.576346,82.53566817
3253.576346,82.43131041
3253.576346,82.32695265
3253.576346,82.22259488
3253.576346,82.11823712
3253.576346,82.01387936
3253.576346,81.9095216
3253.576346,81.80516383
3257.742853,83.68360356
3257.742853,83.5792458
3257.742853,83.47488804
3257.742853,83.37053028
3257.742853,83.26617251
3257.742853,83.16181475
3257.742853,83.05745699
3257.742853,82.95309922
3257.742853,82.84874146
3257.742853,82.7443837
3257.742853,82.64002594
3257.742853,82.53566817
3257.742853,82.43131041
3257.742853,82.32695265
3257.742853,82.22259488
3257.742853,82.11823712
3257.742853,82.01387936
3257.742853,81.9095216
3257.742853,81.80516383
3257.742853,81.70080607
3261.90936,83.78796133
3261.90936,83.68360356
3261.90936,83.5792458
3261.90936,83.47488804
3261.90936,83.37053028
3261.90936,83.26617251
3261.90936,83.16181475
3261.90936,83.05745699
3261.90936,82.95309922
3261.90936,82.84874146
3261.90936,82.7443837
3261.90936,82.64002594
3261.90936,82.53566817
3261.90936,82.43131041
3261.90936,82.32695265
3261.90936,82.22259488
3261.90936,82.11823712
3261.90936,82.01387936
3261.90936,81.9095216
3261.90936,81.80516383
3266.075866,83.68360356
3266.075866,83.5792458
3266.075866,83.47488804
3266.075866,83.37053028
3266.075866,83.26617251
3266.075866,83.16181475
3266.075866,83.05745699
3266.075866,82.95309922
3266.075866,82.84874146
3266.075866,82.7443837
3266.075866,82.64002594
3266.075866,82.53566817
3266.075866,82.43131041
3266.075866,82.32695265
3266.075866,82.22259488
3266.075866,82.11823712
3266.075866,82.01387936
3266.075866,81.9095216
3266.075866,81.80516383
3270.242373,83.68360356
3270.242373,83.5792458
3270.242373,83.47488804
3270.242373,83.37053028
3270.242373,83.26617251
3270.242373,83.16181475
3270.242373,83.05745699
3270.242373,82.95309922
3270.242373,82.84874146
3270.242373,82.7443837
3270.242373,82.64002594
3270.242373,82.53566817
3270.242373,82.43131041
3270.242373,82.32695265
3270.242373,82.22259488
3270.242373,82.11823712
3270.242373,82.01387936
3270.242373,81.9095216
3270.242373,81.80516383
3274.40888,83.5792458
3274.40888,83.47488804
3274.40888,83.37053028
3274.40888,83.26617251
3274.40888,83.16181475
3274.40888,83.05745699
3274.40888,82.95309922
3274.40888,82.84874146
3274.40888,82.7443837
3274.40888,82.64002594
3274.40888,82.53566817
3274.40888,82.43131041
3274.40888,82.32695265
3274.40888,82.22259488
3274.40888,82.11823712
3274.40888,82.01387936
3274.40888,81.9095216
3274.40888,81.80516383
3274.40888,81.70080607
3278.575387,83.5792458
3278.575387,83.47488804
3278.575387,83.37053028
3278.575387,83.26617251
3278.575387,83.16181475
3278.575387,83.05745699
3278.575387,82.95309922
3278.575387,82.84874146
3278.575387,82.7443837
3278.575387,82.64002594
3278.575387,82.53566817
3278.575387,82.43131041
3278.575387,82.32695265
3278.575387,82.22259488
3278.575387,82.11823712
3278.575387,82.01387936
3278.575387,81.9095216
3278.575387,81.80516383
3278.575387,81.70080607
3278.575387,81.59644831
3282.741894,83.47488804
3282.741894,83.37053028
3282.741894,83.26617251
3282.741894,83.16181475
3282.741894,83.05745699
3282.741894,82.95309922
3282.741894,82.84874146
3282.741894,82.7443837
3282.741894,82.64002594
3282.741894,82.53566817
3282.741894,82.43131041
3282.741894,82.32695265
3282.741894,82.22259488
3282.741894,82.11823712
3282.741894,82.01387936
3282.741894,81.9095216
3282.741894,81.80516383
3282.741894,81.70080607
3282.741894,81.59644831
3286.9084,83.47488804
3286.9084,83.37053028
3286.9084,83.26617251
3286.9084,83.16181475
3286.9084,83.05745699
3286.9084,82.95309922
3286.9084,82.84874146
3286.9084,82.7443837
3286.9084,82.64002594
3286.9084,82.53566817
3286.9084,82.43131041
3286.9084,82.32695265
3286.9084,82.22259488
3286.9084,82.11823712
3286.9084,82.01387936
3286.9084,81.9095216
3286.9084,81.80516383
3286.9084,81.70080607
3286.9084,81.59644831
3291.074907,83.47488804
3291.074907,83.37053028
3291.074907,83.26617251
3291.074907,83.16181475
3291.074907,83.05745699
3291.074907,82.95309922
3291.074907,82.84874146
3291.074907,82.7443837
3291.074907,82.64002594
3291.074907,82.53566817
3291.074907,82.43131041
3291.074907,82.32695265
3291.074907,82.22259488
3291.074907,82.11823712
3291.074907,82.01387936
3291.074907,81.9095216
3291.074907,81.80516383
3291.074907,81.70080607
3291.074907,81.59644831
3291.074907,81.49209054
3295.241414,83.47488804
3295.241414,83.37053028
3295.241414,83.26617251
3295.241414,83.16181475
3295.241414,83.05745699
3295.241414,82.95309922
3295.241414,82.84874146
3295.241414,82.7443837
3295.241414,82.64002594
3295.241414,82.53566817
3295.241414,82.43131041
3295.241414,82.32695265
3295.241414,82.22259488
3295.241414,82.11823712
3295.241414,82.01387936
3295.241414,81.9095216
3295.241414,81.80516383
3295.241414,81.70080607
3295.241414,81.59644831
3295.241414,81.49209054
3299.407921,83.47488804
3299.407921,83.37053028
3299.407921,83.26617251
3299.407921,83.16181475
3299.407921,83.05745699
3299.407921,82.95309922
3299.407921,82.84874146
3299.407921,82.7443837
3299.407921,82.64002594
3299.407921,82.53566817
3299.407921,82.43131041
3299.407921,82.32695265
3299.407921,82.22259488
3299.407921,82.11823712
3299.407921,82.01387936
3299.407921,81.9095216
3299.407921,81.80516383
3299.407921,81.70080607
3299.407921,81.59644831
3299.407921,81.49209054
3303.574428,83.47488804
3303.574428,83.37053028
3303.574428,83.26617251
3303.574428,83.16181475
3303.574428,83.05745699
3303.574428,82.95309922
3303.574428,82.84874146
3303.574428,82.7443837
3303.574428,82.64002594
3303.574428,82.53566817
3303.574428,82.43131041
3303.574428,82.32695265
3303.574428,82.22259488
3303.574428,82.11823712
3303.574428,82.01387936
3303.574428,81.9095216
3303.574428,81.80516383
3303.574428,81.70080607
3303.574428,81.59644831
3303.574428,81.49209054
3307.740934,83.47488804
3307.740934,83.37053028
3307.740934,83.26617251
3307.740934,83.16181475
3307.740934,83.05745699
3307.740934,82.95309922
3307.740934,82.84874146
3307.740934,82.7443837
3307.740934,82.64002594
3307.740934,82.53566817
3307.740934,82.43131041
3307.740934,82.32695265
3307.740934,82.22259488
3307.740934,82.11823712
3307.740934,82.01387936
3307.740934,81.9095216
3307.740934,81.80516383
3307.740934,81.70080607
3307.740934,81.59644831
3311.907441,83.47488804
3311.907441,83.37053028
3311.907441,83.26617251
3311.907441,83.16181475
3311.907441,83.05745699
3311.907441,82.95309922
3311.907441,82.84874146
3311.907441,82.7443837
3311.907441,82.64002594
3311.907441,82.53566817
3311.907441,82.43131041
3311.907441,82.32695265
3311.907441,82.22259488
3311.907441,82.11823712
3311.907441,82.01387936
3311.907441,81.9095216
3311.907441,81.80516383
3311.907441,81.70080607
3311.907441,81.59644831
3316.073948,83.47488804
3316.073948,83.37053028
3316.073948,83.26617251
3316.073948,83.16181475
3316.073948,83.05745699
3316.073948,82.95309922
3316.073948,82.84874146
3316.073948,82.7443837
3316.073948,82.64002594
3316.073948,82.53566817
3316.073948,82.43131041
3316.073948,82.32695265
3316.073948,82.22259488
3316.073948,82.11823712
3316.073948,82.01387936
3316.073948,81.9095216
3316.073948,81.80516383
3316.073948,81.70080607
3316.073948,81.59644831
3316.073948,81.49209054
3320.240455,83.47488804
3320.240455,83.37053028
3320.240455,83.26617251
3320.240455,83.16181475
3320.240455,83.05745699
3320.240455,82.95309922
3320.240455,82.84874146
3320.240455,82.7443837
3320.240455,82.64002594
3320.240455,82.53566817
3320.240455,82.43131041
3320.240455,82.32695265
3320.240455,82.22259488
3320.240455,82.11823712
3320.240455,82.01387936
3320.240455,81.9095216
3320.240455,81.80516383
3320.240455,81.70080607
3320.240455,81.59644831
3320.240455,81.49209054
3324.406962,83.37053028
3324.406962,83.26617251
3324.406962,83.16181475
3324.406962,83.05745699
3324.406962,82.95309922
3324.406962,82.84874146
3324.406962,82.7443837
3324.406962,82.64002594
3324.406962,82.53566817
3324.406962,82.43131041
3324.406962,82.32695265
3324.406962,82.22259488
3324.406962,82.11823712
3324.406962,82.01387936
3324.406962,81.9095216
3324.406962,81.80516383
3324.406962,81.70080607
3324.406962,81.59644831
3324.406962,81.49209054
3328.573468,83.37053028
3328.573468,83.26617251
3328.573468,83.16181475
3328.573468,83.05745699
3328.573468,82.95309922
3328.573468,82.84874146
3328.573468,82.7443837
3328.573468,82.64002594
3328.573468,82.53566817
3328.573468,82.43131041
3328.573468,82.32695265
3328.573468,82.22259488
3328.573468,82.11823712
3328.573468,82.01387936
3328.573468,81.9095216
3328.573468,81.80516383
3328.573468,81.70080607
3328.573468,81.59644831
3328.573468,81.49209054
3332.739975,83.37053028
3332.739975,83.26617251
3332.739975,83.16181475
3332.739975,83.05745699
3332.739975,82.95309922
3332.739975,82.84874146
3332.739975,82.7443837
3332.739975,82.64002594
3332.739975,82.53566817
3332.739975,82.43131041
3332.739975,82.32695265
3332.739975,82.22259488
3332.739975,82.11823712
3332.739975,82.01387936
3332.739975,81.9095216
3332.739975,81.80516383
3332.739975,81.70080607
3332.739975,81.59644831
3332.739975,81.49209054
3336.906482,83.26617251
3336.906482,83.16181475
3336.906482,83.05745699
3336.906482,82.95309922
3336.906482,82.84874146
3336.906482,82.7443837
3336.906482,82.64002594
3336.906482,82.53566817
3336.906482,82.43131041
3336.906482,82.32695265
3336.906482,82.22259488
3336.906482,82.11823712
3336.906482,82.01387936
3336.906482,81.9095216
3336.906482,81.80516383
3336.906482,81.70080607
3336.906482,81.59644831
3336.906482,81.49209054
3336.906482,81.38773278
3341.072989,83.26617251
3341.072989,83.16181475
3341.072989,83.05745699
3341.072989,82.95309922
3341.072989,82.84874146
3341.072989,82.7443837
3341.072989,82.64002594
3341.072989,82.53566817
3341.072989,82.43131041
3341.072989,82.32695265
3341.072989,82.22259488
3341.072989,82.11823712
3341.072989,82.01387936
3341.072989,81.9095216
3341.072989,81.80516383
3341.072989,81.70080607
3341.072989,81.59644831
3341.072989,81.49209054
3341.072989,81.38773278
3345.239496,83.37053028
3345.239496,83.26617251
3345.239496,83.16181475
3345.239496,83.05745699
3345.239496,82.95309922
3345.239496,82.84874146
3345.239496,82.7443837
3345.239496,82.64002594
3345.239496,82.53566817
3345.239496,82.43131041
3345.239496,82.32695265
3345.239496,82.22259488
3345.239496,82.11823712
3345.239496,82.01387936
3345.239496,81.9095216
3345.239496,81.80516383
3345.239496,81.70080607
3345.239496,81.59644831
3345.239496,81.49209054
3345.239496,81.38773278
3349.406002,83.37053028
3349.406002,83.26617251
3349.406002,83.16181475
3349.406002,83.05745699
3349.406002,82.95309922
3349.406002,82.84874146
3349.406002,82.7443837
3349.406002,82.64002594
3349.406002,82.53566817
3349.406002,82.43131041
3349.406002,82.32695265
3349.406002,82.22259488
3349.406002,82.11823712
3349.406002,82.01387936
3349.406002,81.9095216
3349.406002,81.80516383
3349.406002,81.70080607
3349.406002,81.59644831
3349.406002,81.49209054
3349.406002,81.38773278
3353.572509,83.26617251
3353.572509,83.16181475
3353.572509,83.05745699
3353.572509,82.95309922
3353.572509,82.84874146
3353.572509,82.7443837
3353.572509,82.64002594
3353.572509,82.53566817
3353.572509,82.43131041
3353.572509,82.32695265
3353.572509,82.22259488
3353.572509,82.11823712
3353.572509,82.01387936
3353.572509,81.9095216
3353.572509,81.80516383
3353.572509,81.70080607
3353.572509,81.59644831
3353.572509,81.49209054
3353.572509,81.38773278
3357.739016,83.37053028
3357.739016,83.26617251
3357.739016,83.16181475
3357.739016,83.05745699
3357.739016,82.95309922
3357.739016,82.84874146
3357.739016,82.7443837
3357.739016,82.64002594
3357.739016,82.53566817
3357.739016,82.43131041
3357.739016,82.32695265
3357.739016,82.22259488
3357.739016,82.11823712
3357.739016,82.01387936
3357.739016,81.9095216
3357.739016,81.80516383
3357.739016,81.70080607
3357.739016,81.59644831
3357.739016,81.49209054
3357.739016,81.38773278
3361.905523,83.37053028
3361.905523,83.26617251
3361.905523,83.16181475
3361.905523,83.05745699
3361.905523,82.95309922
3361.905523,82.84874146
3361.905523,82.7443837
3361.905523,82.64002594
3361.905523,82.53566817
3361.905523,82.43131041
3361.905523,82.32695265
3361.905523,82.22259488
3361.905523,82.11823712
3361.905523,82.01387936
3361.905523,81.9095216
3361.905523,81.80516383
3361.905523,81.70080607
3361.905523,81.59644831
3361.905523,81.49209054
3361.905523,81.38773278
3366.072029,83.37053028
3366.072029,83.26617251
3366.072029,83.16181475
3366.072029,83.05745699
3366.072029,82.95309922
3366.072029,82.84874146
3366.072029,82.7443837
3366.072029,82.64002594
3366.072029,82.53566817
3366.072029,82.43131041
3366.072029,82.32695265
3366.072029,82.22259488
3366.072029,82.11823712
3366.072029,82.01387936
3366.072029,81.9095216
3366.072029,81.80516383
3366.072029,81.70080607
3366.072029,81.59644831
3366.072029,81.49209054
3366.072029,81.38773278
3370.238536,83.37053028
3370.238536,83.26617251
3370.238536,83.16181475
3370.238536,83.05745699
3370.238536,82.95309922
3370.238536,82.84874146
3370.238536,82.7443837
3370.238536,82.64002594
3370.238536,82.53566817
3370.238536,82.43131041
3370.238536,82.32695265
3370.238536,82.22259488
3370.238536,82.11823712
3370.238536,82.01387936
3370.238536,81.9095216
3370.238536,81.80516383
3370.238536,81.70080607
3370.238536,81.59644831
3370.238536,81.49209054
3370.238536,81.38773278
3370.238536,81.28337502
3374.405043,83.26617251
3374.405043,83.16181475
3374.405043,83.05745699
3374.405043,82.95309922
3374.405043,82.84874146
3374.405043,82.7443837
3374.405043,82.64002594
3374.405043,82.53566817
3374.405043,82.43131041
3374.405043,82.32695265
3374.405043,82.22259488
3374.405043,82.11823712
3374.405043,82.01387936
3374.405043,81.9095216
3374.405043,81.80516383
3374.405043,81.70080607
3374.405043,81.59644831
3374.405043,81.49209054
3374.405043,81.38773278
3374.405043,81.28337502
3378.57155,83.26617251
3378.57155,83.16181475
3378.57155,83.05745699
3378.57155,82.95309922
3378.57155,82.84874146
3378.57155,82.7443837
3378.57155,82.64002594
3378.57155,82.53566817
3378.57155,82.43131041
3378.57155,82.32695265
3378.57155,82.22259488
3378.57155,82.11823712
3378.57155,82.01387936
3378.57155,81.9095216
3378.57155,81.80516383
3378.57155,81.70080607
3378.57155,81.59644831
3378.57155,81.49209054
3378.57155,81.38773278
3382.738057,83.26617251
3382.738057,83.16181475
3382.738057,83.05745699
3382.738057,82.95309922
3382.738057,82.84874146
3382.738057,82.7443837
3382.738057,82.64002594
3382.738057,82.53566817
3382.738057,82.43131041
3382.738057,82.32695265
3382.738057,82.22259488
3382.738057,82.11823712
3382.738057,82.01387936
3382.738057,81.9095216
3382.738057,81.80516383
3382.738057,81.70080607
3382.738057,81.59644831
3382.738057,81.49209054
3382.738057,81.38773278
3386.904563,83.26617251
3386.904563,83.16181475
3386.904563,83.05745699
3386.904563,82.95309922
3386.904563,82.84874146
3386.904563,82.7443837
3386.904563,82.64002594
3386.904563,82.53566817
3386.904563,82.43131041
3386.904563,82.32695265
3386.904563,82.22259488
3386.904563,82.11823712
3386.904563,82.01387936
3386.904563,81.9095216
3386.904563,81.80516383
3386.904563,81.70080607
3386.904563,81.59644831
3386.904563,81.49209054
3386.904563,81.38773278
3386.904563,81.28337502
3391.07107,83.26617251
3391.07107,83.16181475
3391.07107,83.05745699
3391.07107,82.95309922
3391.07107,82.84874146
3391.07107,82.7443837
3391.07107,82.64002594
3391.07107,82.53566817
3391.07107,82.43131041
3391.07107,82.32695265
3391.07107,82.22259488
3391.07107,82.11823712
3391.07107,82.01387936
3391.07107,81.9095216
3391.07107,81.80516383
3391.07107,81.70080607
3391.07107,81.59644831
3391.07107,81.49209054
3391.07107,81.38773278
3391.07107,81.28337502
3391.07107,81.17901726
3395.237577,83.16181475
3395.237577,83.05745699
3395.237577,82.95309922
3395.237577,82.84874146
3395.237577,82.7443837
3395.237577,82.64002594
3395.237577,82.53566817
3395.237577,82.43131041
3395.237577,82.32695265
3395.237577,82.22259488
3395.237577,82.11823712
3395.237577,82.01387936
3395.237577,81.9095216
3395.237577,81.80516383
3395.237577,81.70080607
3395.237577,81.59644831
3395.237577,81.49209054
3395.237577,81.38773278
3395.237577,81.28337502
3395.237577,81.17901726
3399.404084,83.16181475
3399.404084,83.05745699
3399.404084,82.95309922
3399.404084,82.84874146
3399.404084,82.7443837
3399.404084,82.64002594
3399.404084,82.53566817
3399.404084,82.43131041
3399.404084,82.32695265
3399.404084,82.22259488
3399.404084,82.11823712
3399.404084,82.01387936
3399.404084,81.9095216
3399.404084,81.80516383
3399.404084,81.70080607
3399.404084,81.59644831
3399.404084,81.49209054
3399.404084,81.38773278
3399.404084,81.28337502
3403.570591,83.16181475
3403.570591,83.05745699
3403.570591,82.95309922
3403.570591,82.84874146
3403.570591,82.7443837
3403.570591,82.64002594
3403.570591,82.53566817
3403.570591,82.43131041
3403.570591,82.32695265
3403.570591,82.22259488
3403.570591,82.11823712
3403.570591,82.01387936
3403.570591,81.9095216
3403.570591,81.80516383
3403.570591,81.70080607
3403.570591,81.59644831
3403.570591,81.49209054
3403.570591,81.38773278
3403.570591,81.28337502
3407.737097,83.05745699
3407.737097,82.95309922
3407.737097,82.84874146
3407.737097,82.7443837
3407.737097,82.64002594
3407.737097,82.53566817
3407.737097,82.43131041
3407.737097,82.32695265
3407.737097,82.22259488
3407.737097,82.11823712
3407.737097,82.01387936
3407.737097,81.9095216
3407.737097,81.80516383
3407.737097,81.70080607
3407.737097,81.59644831
3407.737097,81.49209054
3407.737097,81.38773278
3407.737097,81.28337502
3407.737097,81.17901726
3411.903604,83.05745699
3411.903604,82.95309922
3411.903604,82.84874146
3411.903604,82.7443837
3411.903604,82.64002594
3411.903604,82.53566817
3411.903604,82.43131041
3411.903604,82.32695265
3411.903604,82.22259488
3411.903604,82.11823712
3411.903604,82.01387936
3411.903604,81.9095216
3411.903604,81.80516383
3411.903604,81.70080607
3411.903604,81.59644831
3411.903604,81.49209054
3411.903604,81.38773278
3411.903604,81.28337502
3411.903604,81.17901726
3416.070111,82.95309922
3416.070111,82.84874146
3416.070111,82.7443837
3416.070111,82.64002594
3416.070111,82.53566817
3416.070111,82.43131041
3416.070111,82.32695265
3416.070111,82.22259488
3416.070111,82.11823712
3416.070111,82.01387936
3416.070111,81.9095216
3416.070111,81.80516383
3416.070111,81.70080607
3416.070111,81.59644831
3416.070111,81.49209054
3416.070111,81.38773278
3416.070111,81.28337502
3416.070111,81.17901726
3416.070111,81.07465949
3420.236618,83.05745699
3420.236618,82.95309922
3420.236618,82.84874146
3420.236618,82.7443837
3420.236618,82.64002594
3420.236618,82.53566817
3420.236618,82.43131041
3420.236618,82.32695265
3420.236618,82.22259488
3420.236618,82.11823712
3420.236618,82.01387936
3420.236618,81.9095216
3420.236618,81.80516383
3420.236618,81.70080607
3420.236618,81.59644831
3420.236618,81.49209054
3420.236618,81.38773278
3420.236618,81.28337502
3420.236618,81.17901726
3420.236618,81.07465949
3424.403125,83.05745699
3424.403125,82.95309922
3424.403125,82.84874146
3424.403125,82.7443837
3424.403125,82.64002594
3424.403125,82.53566817
3424.403125,82.43131041
3424.403125,82.32695265
3424.403125,82.22259488
3424.403125,82.11823712
3424.403125,82.01387936
3424.403125,81.9095216
3424.403125,81.80516383
3424.403125,81.70080607
3424.403125,81.59644831
3424.403125,81.49209054
3424.403125,81.38773278
3424.403125,81.28337502
3424.403125,81.17901726
3428.569631,83.05745699
3428.569631,82.95309922
3428.569631,82.84874146
3428.569631,82.7443837
3428.569631,82.64002594
3428.569631,82.53566817
3428.569631,82.43131041
3428.569631,82.32695265
3428.569631,82.22259488
3428.569631,82.11823712
3428.569631,82.01387936
3428.569631,81.9095216
3428.569631,81.80516383
3428.569631,81.70080607
3428.569631,81.59644831
3428.569631,81.49209054
3428.569631,81.38773278
3428.569631,81.28337502
3428.569631,81.17901726
3428.569631,81.07465949
3432.736138,82.95309922
3432.736138,82.84874146
3432.736138,82.7443837
3432.736138,82.64002594
3432.736138,82.53566817
3432.736138,82.43131041
3432.736138,82.32695265
3432.736138,82.22259488
3432.736138,82.11823712
3432.736138,82.01387936
3432.736138,81.9095216
3432.736138,81.80516383
3432.736138,81.70080607
3432.736138,81.59644831
3432.736138,81.49209054
3432.736138,81.38773278
3432.736138,81.28337502
3432.736138,81.17901726
3432.736138,81.07465949
3432.736138,80.97030173
3436.902645,82.95309922
3436.902645,82.84874146
3436.902645,82.7443837
3436.902645,82.64002594
3436.902645,82.53566817
3436.902645,82.43131041
3436.902645,82.32695265
3436.902645,82.22259488
3436.902645,82.11823712
3436.902645,82.01387936
3436.902645,81.9095216
3436.902645,81.80516383
3436.902645,81.70080607
3436.902645,81.59644831
3436.902645,81.49209054
3436.902645,81.38773278
3436.902645,81.28337502
3436.902645,81.17901726
3436.902645,81.07465949
3436.902645,80.97030173
3441.069152,83.05745699
3441.069152,82.95309922
3441.069152,82.84874146
3441.069152,82.7443837
3441.069152,82.64002594
3441.069152,82.53566817
3441.069152,82.43131041
3441.069152,82.32695265
3441.069152,82.22259488
3441.069152,82.11823712
3441.069152,82.01387936
3441.069152,81.9095216
3441.069152,81.80516383
3441.069152,81.70080607
3441.069152,81.59644831
3441.069152,81.49209054
3441.069152,81.38773278
3441.069152,81.28337502
3441.069152,81.17901726
3441.069152,81.07465949
3445.235659,83.05745699
3445.235659,82.95309922
3445.235659,82.84874146
3445.235659,82.7443837
3445.235659,82.64002594
3445.235659,82.53566817
3445.235659,82.43131041
3445.235659,82.32695265
3445.235659,82.22259488
3445.235659,82.11823712
3445.235659,82.01387936
3445.235659,81.9095216
3445.235659,81.80516383
3445.235659,81.70080607
3445.235659,81.59644831
3445.235659,81.49209054
3445.235659,81.38773278
3445.235659,81.28337502
3445.235659,81.17901726
3445.235659,81.07465949
3449.402165,83.05745699
3449.402165,82.95309922
3449.402165,82.84874146
3449.402165,82.7443837
3449.402165,82.64002594
3449.402165,82.53566817
3449.402165,82.43131041
3449.402165,82.32695265
3449.402165,82.22259488
3449.402165,82.11823712
3449.402165,82.01387936
3449.402165,81.9095216
3449.402165,81.80516383
3449.402165,81.70080607
3449.402165,81.59644831
3449.402165,81.49209054
3449.402165,81.38773278
3449.402165,81.28337502
3449.402165,81.17901726
3449.402165,81.07465949
3453.568672,82.95309922
3453.568672,82.84874146
3453.568672,82.7443837
3453.568672,82.64002594
3453.568672,82.53566817
3453.568672,82.43131041
3453.568672,82.32695265
3453.568672,82.22259488
3453.568672,82.11823712
3453.568672,82.01387936
3453.568672,81.9095216
3453.568672,81.80516383
3453.568672,81.70080607
3453.568672,81.59644831
3453.568672,81.49209054
3453.568672,81.38773278
3453.568672,81.28337502
3453.568672,81.17901726
3453.568672,81.07465949
3457.735179,82.95309922
3457.735179,82.84874146
3457.735179,82.7443837
3457.735179,82.64002594
3457.735179,82.53566817
3457.735179,82.43131041
3457.735179,82.32695265
3457.735179,82.22259488
3457.735179,82.11823712
3457.735179,82.01387936
3457.735179,81.9095216
3457.735179,81.80516383
3457.735179,81.70080607
3457.735179,81.59644831
3457.735179,81.49209054
3457.735179,81.38773278
3457.735179,81.28337502
3457.735179,81.17901726
3461.901686,82.95309922
3461.901686,82.84874146
3461.901686,82.7443837
3461.901686,82.64002594
3461.901686,82.53566817
3461.901686,82.43131041
3461.901686,82.32695265
3461.901686,82.22259488
3461.901686,82.11823712
3461.901686,82.01387936
3461.901686,81.9095216
3461.901686,81.80516383
3461.901686,81.70080607
3461.901686,81.59644831
3461.901686,81.49209054
3461.901686,81.38773278
3461.901686,81.28337502
3461.901686,81.17901726
3466.068193,82.95309922
3466.068193,82.84874146
3466.068193,82.7443837
3466.068193,82.64002594
3466.068193,82.53566817
3466.068193,82.43131041
3466.068193,82.32695265
3466.068193,82.22259488
3466.068193,82.11823712
3466.068193,82.01387936
3466.068193,81.9095216
3466.068193,81.80516383
3466.068193,81.70080607
3466.068193,81.59644831
3466.068193,81.49209054
3466.068193,81.38773278
3466.068193,81.28337502
3466.068193,81.17901726
3466.068193,81.07465949
3470.234699,82.95309922
3470.234699,82.84874146
3470.234699,82.7443837
3470.234699,82.64002594
3470.234699,82.53566817
3470.234699,82.43131041
3470.234699,82.32695265
3470.234699,82.22259488
3470.234699,82.11823712
3470.234699,82.01387936
3470.234699,81.9095216
3470.234699,81.80516383
3470.234699,81.70080607
3470.234699,81.59644831
3470.234699,81.49209054
3470.234699,81.38773278
3470.234699,81.28337502
3470.234699,81.17901726
3470.234699,81.07465949
3474.401206,82.95309922
3474.401206,82.84874146
3474.401206,82.7443837
3474.401206,82.64002594
3474.401206,82.53566817
3474.401206,82.43131041
3474.401206,82.32695265
3474.401206,82.22259488
3474.401206,82.11823712
3474.401206,82.01387936
3474.401206,81.9095216
3474.401206,81.80516383
3474.401206,81.70080607
3474.401206,81.59644831
3474.401206,81.49209054
3474.401206,81.38773278
3474.401206,81.28337502
3474.401206,81.17901726
3474.401206,81.07465949
3478.567713,82.95309922
3478.567713,82.84874146
3478.567713,82.7443837
3478.567713,82.64002594
3478.567713,82.53566817
3478.567713,82.43131041
3478.567713,82.32695265
3478.567713,82.22259488
3478.567713,82.11823712
3478.567713,82.01387936
3478.567713,81.9095216
3478.567713,81.80516383
3478.567713,81.70080607
3478.567713,81.59644831
3478.567713,81.49209054
3478.567713,81.38773278
3478.567713,81.28337502
3478.567713,81.17901726
3478.567713,81.07465949
3482.73422,82.84874146
3482.73422,82.7443837
3482.73422,82.64002594
3482.73422,82.53566817
3482.73422,82.43131041
3482.73422,82.32695265
3482.73422,82.22259488
3482.73422,82.11823712
3482.73422,82.01387936
3482.73422,81.9095216
3482.73422,81.80516383
3482.73422,81.70080607
3482.73422,81.59644831
3482.73422,81.49209054
3482.73422,81.38773278
3482.73422,81.28337502
3482.73422,81.17901726
3482.73422,81.07465949
3486.900727,82.84874146
3486.900727,82.7443837
3486.900727,82.64002594
3486.900727,82.53566817
3486.900727,82.43131041
3486.900727,82.32695265
3486.900727,82.22259488
3486.900727,82.11823712
3486.900727,82.01387936
3486.900727,81.9095216
3486.900727,81.80516383
3486.900727,81.70080607
3486.900727,81.59644831
3486.900727,81.49209054
3486.900727,81.38773278
3486.900727,81.28337502
3486.900727,81.17901726
3486.900727,81.07465949
3486.900727,80.97030173
3491.067233,82.95309922
3491.067233,82.84874146
3491.067233,82.7443837
3491.067233,82.64002594
3491.067233,82.53566817
3491.067233,82.43131041
3491.067233,82.32695265
3491.067233,82.22259488
3491.067233,82.11823712
3491.067233,82.01387936
3491.067233,81.9095216
3491.067233,81.80516383
3491.067233,81.70080607
3491.067233,81.59644831
3491.067233,81.49209054
3491.067233,81.38773278
3491.067233,81.28337502
3491.067233,81.17901726
3491.067233,81.07465949
3491.067233,80.97030173
3495.23374,82.84874146
3495.23374,82.7443837
3495.23374,82.64002594
3495.23374,82.53566817
3495.23374,82.43131041
3495.23374,82.32695265
3495.23374,82.22259488
3495.23374,82.11823712
3495.23374,82.01387936
3495.23374,81.9095216
3495.23374,81.80516383
3495.23374,81.70080607
3495.23374,81.59644831
3495.23374,81.49209054
3495.23374,81.38773278
3495.23374,81.28337502
3495.23374,81.17901726
3495.23374,81.07465949
3495.23374,80.97030173
3495.23374,80.86594397
3499.400247,82.84874146
3499.400247,82.7443837
3499.400247,82.64002594
3499.400247,82.53566817
3499.400247,82.43131041
3499.400247,82.32695265
3499.400247,82.22259488
3499.400247,82.11823712
3499.400247,82.01387936
3499.400247,81.9095216
3499.400247,81.80516383
3499.400247,81.70080607
3499.400247,81.59644831
3499.400247,81.49209054
3499.400247,81.38773278
3499.400247,81.28337502
3499.400247,81.17901726
3499.400247,81.07465949
3499.400247,80.97030173
3499.400247,80.86594397
3503.566754,82.7443837
3503.566754,82.64002594
3503.566754,82.53566817
3503.566754,82.43131041
3503.566754,82.32695265
3503.566754,82.22259488
3503.566754,82.11823712
3503.566754,82.01387936
3503.566754,81.9095216
3503.566754,81.80516383
3503.566754,81.70080607
3503.566754,81.59644831
3503.566754,81.49209054
3503.566754,81.38773278
3503.566754,81.28337502
3503.566754,81.17901726
3503.566754,81.07465949
3503.566754,80.97030173
3507.733261,82.7443837
3507.733261,82.64002594
3507.733261,82.53566817
3507.733261,82.43131041
3507.733261,82.32695265
3507.733261,82.22259488
3507.733261,82.11823712
3507.733261,82.01387936
3507.733261,81.9095216
3507.733261,81.80516383
3507.733261,81.70080607
3507.733261,81.59644831
3507.733261,81.49209054
3507.733261,81.38773278
3507.733261,81.28337502
3507.733261,81.17901726
3507.733261,81.07465949
3511.899767,82.53566817
3511.899767,82.43131041
3511.899767,82.32695265
3511.899767,82.22259488
3511.899767,82.11823712
3511.899767,82.01387936
3511.899767,81.9095216
3511.899767,81.80516383
3511.899767,81.70080607
3511.899767,81.59644831
3511.899767,81.49209054
3511.899767,81.38773278
3511.899767,81.28337502
3511.899767,81.17901726
3516.066274,82.43131041
3516.066274,82.32695265
3516.066274,82.22259488
3516.066274,82.11823712
3516.066274,82.01387936
3516.066274,81.9095216
3516.066274,81.80516383
3516.066274,81.70080607
3516.066274,81.59644831
3516.066274,81.49209054
3516.066274,81.38773278
3516.066274,81.28337502
3520.232781,82.32695265
3520.232781,82.22259488
3520.232781,82.11823712
3520.232781,82.01387936
3520.232781,81.9095216
3520.232781,81.80516383
3520.232781,81.70080607
3520.232781,81.59644831
3520.232781,81.49209054
3520.232781,81.38773278
3524.399288,82.22259488
3524.399288,82.11823712
3524.399288,82.01387936
3524.399288,81.9095216
3524.399288,81.80516383
3524.399288,81.70080607
3524.399288,81.59644831
3528.565795,82.11823712
3528.565795,82.01387936
3528.565795,81.9095216
3528.565795,81.80516383
3528.565795,81.70080607
3532.732301,82.01387936
3532.732301,81.9095216
3532.732301,81.80516383
