1.617792192,100.9026344
1.617792192,100.6939189
1.617792192,99.44162575
1.617792192,99.23291023
1.617792192,99.0241947
2.312209991,99.70252016
5.784298987,100.4330245
5.784298987,100.224309
5.784298987,100.0155934
7.867552385,98.81547917
9.950805783,100.7982767
9.950805783,100.5895611
9.950805783,99.54598351
9.950805783,99.33726799
9.950805783,99.12855246
9.950805783,98.91983694
10.64522358,101.0591711
10.64522358,99.80687792
14.11731258,100.3286667
14.11731258,100.1199512
18.28381937,101.11135
18.28381937,100.9026344
18.28381937,100.6939189
18.28381937,100.4852034
18.28381937,99.65034128
18.28381937,99.44162575
18.28381937,99.23291023
18.28381937,99.0241947
18.28381937,98.81547917
18.28381937,98.63285309
18.97823717,99.91123568
23.14474397,100.224309
24.53357957,98.50240589
26.61683296,100.9026344
26.61683296,100.6939189
26.61683296,100.4852034
26.61683296,99.65034128
26.61683296,99.44162575
26.61683296,99.23291023
26.61683296,99.0241947
26.61683296,98.81547917
26.61683296,98.63285309
27.31125076,99.91123568
31.47775756,100.224309
32.86659316,100.7460978
34.94984656,100.5373823
34.94984656,99.91123568
34.94984656,99.70252016
34.94984656,99.49380463
34.94984656,99.28508911
34.94984656,99.07637358
34.94984656,98.86765806
34.94984656,98.65894253
34.94984656,98.47631645
39.11635335,100.0677723
39.81077115,100.3286667
39.81077115,98.2762974
39.81077115,97.75450859
43.28286015,99.54598351
43.28286015,99.33726799
43.28286015,99.12855246
43.28286015,98.91983694
43.28286015,98.71112141
43.28286015,98.50240589
43.97727795,99.80687792
47.44936694,100.2764879
47.44936694,100.0677723
47.44936694,97.98061707
47.44936694,97.77190155
47.44936694,97.56318602
48.14378474,98.24151148
51.61587374,99.54598351
51.61587374,99.33726799
51.61587374,99.12855246
51.61587374,98.91983694
51.61587374,98.71112141
51.61587374,98.50240589
52.31029154,99.80687792
52.31029154,97.33707753
55.78238053,100.0677723
55.78238053,97.98061707
55.78238053,97.77190155
55.78238053,97.56318602
56.47679833,98.24151148
59.94888733,99.54598351
59.94888733,99.33726799
59.94888733,99.12855246
59.94888733,98.91983694
59.94888733,98.71112141
59.94888733,98.50240589
59.94888733,97.09357609
60.64330513,99.80687792
60.64330513,97.30229161
64.11539412,98.24151148
64.11539412,98.03279595
64.11539412,97.82408043
64.11539412,97.6153649
68.28190092,99.93732513
68.28190092,99.70252016
68.28190092,99.49380463
68.28190092,99.28508911
68.28190092,99.07637358
68.28190092,98.86765806
68.28190092,98.65894253
68.28190092,98.450227
68.28190092,97.40664938
68.28190092,97.19793385
68.28190092,96.98921833
72.44840771,97.98061707
72.44840771,97.77190155
72.44840771,97.56318602
73.14282551,98.24151148
76.61491451,99.96341457
76.61491451,99.5981624
76.61491451,99.38944687
76.61491451,99.18073134
76.61491451,98.97201582
76.61491451,98.76330029
76.61491451,98.55458477
76.61491451,97.30229161
76.61491451,97.11966553
80.7814213,98.34586924
80.7814213,98.13715372
80.7814213,97.92843819
80.7814213,97.71972266
80.7814213,97.51100714
84.9479281,99.96341457
84.9479281,99.5981624
84.9479281,99.38944687
84.9479281,99.18073134
84.9479281,98.97201582
84.9479281,98.76330029
84.9479281,98.55458477
84.9479281,97.32838105
89.1144349,98.34586924
89.1144349,98.13715372
89.1144349,97.92843819
89.1144349,97.71972266
89.1144349,97.51100714
93.28094169,99.96341457
93.28094169,99.54598351
93.28094169,99.33726799
93.28094169,99.12855246
93.28094169,98.91983694
93.28094169,98.71112141
93.28094169,98.50240589
97.44744849,98.24151148
97.44744849,98.03279595
97.44744849,97.82408043
97.44744849,97.64145434
101.6139553,99.49380463
101.6139553,99.28508911
101.6139553,99.07637358
101.6139553,98.86765806
101.6139553,98.65894253
101.6139553,98.450227
105.7804621,97.98061707
105.7804621,97.77190155
105.7804621,97.56318602
106.4748799,98.24151148
109.9469689,99.33726799
109.9469689,99.12855246
109.9469689,98.91983694
109.9469689,98.71112141
109.9469689,98.50240589
114.1134757,98.24151148
114.1134757,98.03279595
114.1134757,97.82408043
114.1134757,97.6153649
114.1134757,97.40664938
118.2799825,99.23291023
118.2799825,99.0241947
118.2799825,98.81547917
118.2799825,98.60676365
118.2799825,98.39804812
118.9744003,97.23271977
122.4464893,98.13715372
122.4464893,97.92843819
122.4464893,97.71972266
122.4464893,97.51100714
126.6129961,99.12855246
126.6129961,98.91983694
126.6129961,98.71112141
126.6129961,98.50240589
126.6129961,98.29369036
126.6129961,97.04139721
127.3074139,97.30229161
130.7795028,97.77190155
130.7795028,97.56318602
131.4739206,98.03279595
134.9460096,98.97201582
134.9460096,98.76330029
134.9460096,98.55458477
134.9460096,98.34586924
134.9460096,97.30229161
134.9460096,97.09357609
134.9460096,96.88486056
139.1125164,98.13715372
139.1125164,97.92843819
139.1125164,97.71972266
139.1125164,97.51100714
139.1125164,96.70223448
143.2790232,98.91983694
143.2790232,98.71112141
143.2790232,98.50240589
143.2790232,98.29369036
143.2790232,97.04139721
143.2790232,96.83268168
143.973441,97.30229161
147.44553,98.03279595
147.44553,97.82408043
147.44553,97.6153649
151.6120368,98.81547917
151.6120368,98.60676365
151.6120368,98.39804812
151.6120368,98.1893326
151.6120368,97.14575497
151.6120368,96.93703944
151.6120368,96.7805028
152.3064546,97.40664938
155.7785436,97.66754378
156.4729614,97.92843819
157.861797,96.62396616
159.9450504,98.60676365
159.9450504,98.39804812
159.9450504,98.1893326
159.9450504,97.14575497
159.9450504,96.93703944
159.9450504,96.72832392
160.6394682,97.40664938
164.1115572,97.66754378
164.805975,97.92843819
166.1948106,96.62396616
168.278064,98.39804812
168.278064,98.1893326
168.278064,97.14575497
168.278064,96.93703944
168.278064,96.75441336
168.9724818,98.65894253
168.9724818,97.40664938
172.4445708,97.92843819
172.4445708,97.71972266
176.6110776,98.71112141
176.6110776,98.50240589
176.6110776,98.29369036
176.6110776,98.08497483
176.6110776,97.25011273
176.6110776,97.04139721
176.6110776,96.85877112
177.3054954,97.51100714
180.7775844,97.82408043
184.9440912,98.60676365
184.9440912,98.39804812
184.9440912,98.1893326
184.9440912,97.98061707
184.9440912,97.35447049
184.9440912,97.14575497
184.9440912,96.93703944
184.9440912,96.75441336
185.638509,97.6153649
191.1938514,96.72832392
193.2771048,98.29369036
193.2771048,98.08497483
193.2771048,97.87625931
193.2771048,97.66754378
193.2771048,97.45882826
193.2771048,97.25011273
193.2771048,97.04139721
193.2771048,96.85877112
193.9715226,98.55458477
201.6101184,98.50240589
201.6101184,98.29369036
201.6101184,98.08497483
201.6101184,97.87625931
201.6101184,97.66754378
201.6101184,97.45882826
201.6101184,97.25011273
201.6101184,97.04139721
201.6101184,96.83268168
201.6101184,96.67614504
209.943132,98.450227
209.943132,98.24151148
209.943132,98.03279595
209.943132,97.82408043
209.943132,97.6153649
209.943132,97.40664938
209.943132,97.19793385
209.943132,96.98921833
209.943132,96.7805028
209.943132,96.62396616
218.2761456,98.450227
218.2761456,98.24151148
218.2761456,98.03279595
218.2761456,97.82408043
218.2761456,97.6153649
218.2761456,97.40664938
218.2761456,97.19793385
218.2761456,96.98921833
218.2761456,96.7805028
218.2761456,96.59787671
226.6091591,98.39804812
226.6091591,98.1893326
226.6091591,97.98061707
226.6091591,97.77190155
226.6091591,97.56318602
226.6091591,97.35447049
226.6091591,97.14575497
226.6091591,96.93703944
226.6091591,96.72832392
226.6091591,96.51960839
226.6091591,96.36307175
234.9421727,98.34586924
234.9421727,98.13715372
234.9421727,97.92843819
234.9421727,97.71972266
234.9421727,97.51100714
234.9421727,97.30229161
234.9421727,97.09357609
234.9421727,96.88486056
234.9421727,96.67614504
234.9421727,96.46742951
234.9421727,96.31089287
243.2751863,98.1893326
243.2751863,97.98061707
243.2751863,97.77190155
243.2751863,97.56318602
243.2751863,97.35447049
243.2751863,97.14575497
243.2751863,96.93703944
243.2751863,96.72832392
243.2751863,96.51960839
243.2751863,96.31089287
251.6081999,98.08497483
251.6081999,97.87625931
251.6081999,97.66754378
251.6081999,97.45882826
251.6081999,97.25011273
251.6081999,97.04139721
251.6081999,96.83268168
251.6081999,96.62396616
251.6081999,96.41525063
251.6081999,96.2065351
257.8579601,95.99781958
259.9412135,97.77190155
259.9412135,97.56318602
259.9412135,97.35447049
259.9412135,97.14575497
259.9412135,96.93703944
259.9412135,96.72832392
259.9412135,96.51960839
259.9412135,96.31089287
259.9412135,96.10217734
260.6356313,98.03279595
268.2742271,98.08497483
268.2742271,97.87625931
268.2742271,97.66754378
268.2742271,97.45882826
268.2742271,97.25011273
268.2742271,97.04139721
268.2742271,96.83268168
268.2742271,96.62396616
268.2742271,96.41525063
268.2742271,96.2065351
268.2742271,95.99781958
274.5239873,95.99781958
276.6072407,97.98061707
276.6072407,97.77190155
276.6072407,97.56318602
276.6072407,97.35447049
276.6072407,97.14575497
276.6072407,96.93703944
276.6072407,96.72832392
276.6072407,96.51960839
276.6072407,96.31089287
276.6072407,96.12826678
282.8570009,95.99781958
284.9402543,97.56318602
284.9402543,97.35447049
284.9402543,97.14575497
284.9402543,96.93703944
284.9402543,96.72832392
284.9402543,96.51960839
284.9402543,96.31089287
284.9402543,96.10217734
285.6346721,97.82408043
293.2732679,97.92843819
293.2732679,97.71972266
293.2732679,97.51100714
293.2732679,97.30229161
293.2732679,97.09357609
293.2732679,96.88486056
293.2732679,96.67614504
293.2732679,96.46742951
293.2732679,96.25871399
293.2732679,96.04999846
293.2732679,95.86737237
299.5230281,95.78910405
301.6062815,97.77190155
301.6062815,97.56318602
301.6062815,97.35447049
301.6062815,97.14575497
301.6062815,96.93703944
301.6062815,96.72832392
301.6062815,96.51960839
301.6062815,96.31089287
301.6062815,96.10217734
301.6062815,95.89346182
309.9392951,97.71972266
309.9392951,97.51100714
309.9392951,97.30229161
309.9392951,97.09357609
309.9392951,96.88486056
309.9392951,96.67614504
309.9392951,96.46742951
309.9392951,96.25871399
309.9392951,96.04999846
309.9392951,95.84128293
309.9392951,95.65865685
318.2723086,97.71972266
318.2723086,97.51100714
318.2723086,97.30229161
318.2723086,97.09357609
318.2723086,96.88486056
318.2723086,96.67614504
318.2723086,96.46742951
318.2723086,96.25871399
318.2723086,96.04999846
318.2723086,95.84128293
318.2723086,95.63256741
326.6053222,97.56318602
326.6053222,97.35447049
326.6053222,97.14575497
326.6053222,96.93703944
326.6053222,96.72832392
326.6053222,96.51960839
326.6053222,96.31089287
326.6053222,96.10217734
326.6053222,95.89346182
326.6053222,95.68474629
326.6053222,95.47603076
330.771829,94.92815251
334.9383358,97.35447049
334.9383358,97.14575497
334.9383358,96.93703944
334.9383358,96.72832392
334.9383358,96.51960839
334.9383358,96.31089287
334.9383358,96.10217734
334.9383358,95.89346182
334.9383358,95.68474629
334.9383358,95.47603076
334.9383358,95.26731524
334.9383358,95.05859971
339.7992604,94.79770531
343.2713494,97.19793385
343.2713494,96.98921833
343.2713494,96.7805028
343.2713494,96.57178727
343.2713494,96.36307175
343.2713494,96.15435622
343.2713494,95.9456407
343.2713494,95.73692517
343.2713494,95.52820965
343.2713494,95.31949412
343.2713494,95.11077859
347.4378562,94.64116866
347.4378562,94.48463202
348.132274,94.90206307
351.604363,96.83268168
351.604363,96.62396616
351.604363,96.41525063
351.604363,96.2065351
351.604363,95.99781958
351.604363,95.78910405
351.604363,95.58038853
351.604363,95.371673
351.604363,95.16295748
352.2987808,97.09357609
355.7708698,94.90206307
355.7708698,94.69334754
355.7708698,94.48463202
355.7708698,94.30200593
359.9373766,97.14575497
359.9373766,96.93703944
359.9373766,96.72832392
359.9373766,96.51960839
359.9373766,96.31089287
359.9373766,96.10217734
359.9373766,95.89346182
359.9373766,95.68474629
359.9373766,95.47603076
359.9373766,95.26731524
359.9373766,95.05859971
364.1038834,94.5368109
364.1038834,94.32809537
364.1038834,94.14546929
364.7983012,94.79770531
368.2703902,96.93703944
368.2703902,96.72832392
368.2703902,96.51960839
368.2703902,96.31089287
368.2703902,96.10217734
368.2703902,95.89346182
368.2703902,95.68474629
368.2703902,95.47603076
368.2703902,95.26731524
368.2703902,95.05859971
372.436897,94.79770531
372.436897,94.58898978
372.436897,94.38027425
372.436897,94.17155873
376.6034038,96.62396616
376.6034038,96.41525063
376.6034038,96.2065351
376.6034038,95.99781958
376.6034038,95.78910405
376.6034038,95.58038853
376.6034038,95.371673
376.6034038,95.16295748
376.6034038,94.95424195
378.6866572,94.11937985
380.7699106,94.43245314
380.7699106,94.22373761
381.4643284,94.69334754
384.9364174,96.41525063
384.9364174,96.2065351
384.9364174,95.99781958
384.9364174,95.78910405
384.9364174,95.58038853
384.9364174,95.371673
384.9364174,95.16295748
384.9364174,94.95424195
389.1029242,94.43245314
389.1029242,94.22373761
389.1029242,94.06720097
389.797342,94.69334754
391.1861776,96.25871399
393.269431,95.99781958
393.269431,95.78910405
393.269431,95.58038853
393.269431,95.371673
393.269431,95.16295748
393.269431,94.95424195
397.4359378,94.43245314
397.4359378,94.22373761
397.4359378,94.01502208
398.1303556,94.69334754
401.6024446,95.58038853
401.6024446,95.371673
401.6024446,95.16295748
401.6024446,94.95424195
402.2968624,95.84128293
403.6856979,93.91066432
405.7689513,94.69334754
405.7689513,94.48463202
405.7689513,94.27591649
405.7689513,94.06720097
409.9354581,95.9456407
409.9354581,95.73692517
409.9354581,95.52820965
409.9354581,95.31949412
409.9354581,95.11077859
409.9354581,94.90206307
412.0187115,94.11937985
414.1019649,94.43245314
414.1019649,94.24982705
414.7963827,94.69334754
418.2684717,95.99781958
418.2684717,95.78910405
418.2684717,95.58038853
418.2684717,95.371673
418.2684717,95.16295748
418.2684717,94.95424195
422.4349785,94.69334754
422.4349785,94.48463202
422.4349785,94.27591649
426.6014853,95.9456407
426.6014853,95.73692517
426.6014853,95.52820965
426.6014853,95.31949412
426.6014853,95.11077859
426.6014853,94.90206307
426.6014853,94.11937985
430.7679921,94.43245314
430.7679921,94.22373761
431.4624099,94.69334754
434.9344989,95.58038853
434.9344989,95.371673
434.9344989,95.16295748
434.9344989,94.95424195
435.6289167,95.84128293
437.0177523,94.11937985
439.1010057,94.43245314
439.1010057,94.22373761
439.7954235,94.69334754
443.2675125,96.04999846
443.2675125,95.84128293
443.2675125,95.63256741
443.2675125,95.42385188
443.2675125,95.21513636
443.2675125,95.00642083
445.3507659,94.01502208
447.4340193,94.79770531
447.4340193,94.58898978
447.4340193,94.38027425
447.4340193,94.17155873
451.6005261,96.04999846
451.6005261,95.84128293
451.6005261,95.63256741
451.6005261,95.42385188
451.6005261,95.21513636
451.6005261,95.00642083
455.7670329,94.5368109
455.7670329,94.32809537
455.7670329,94.11937985
455.7670329,93.9628432
456.4614507,94.79770531
459.9335397,95.89346182
459.9335397,95.68474629
459.9335397,95.47603076
459.9335397,95.26731524
459.9335397,95.05859971
462.0167931,93.9628432
464.1000465,94.5368109
464.1000465,94.32809537
464.1000465,94.11937985
464.7944643,94.79770531
468.2665533,95.9456407
468.2665533,95.73692517
468.2665533,95.52820965
468.2665533,95.31949412
468.2665533,95.11077859
470.3498067,94.11937985
472.4330601,94.64116866
472.4330601,94.43245314
472.4330601,94.22373761
473.1274779,94.90206307
476.5995669,96.04999846
476.5995669,95.84128293
476.5995669,95.63256741
476.5995669,95.42385188
476.5995669,95.21513636
480.7660737,95.00642083
480.7660737,94.79770531
480.7660737,94.58898978
480.7660737,94.38027425
480.7660737,94.17155873
484.9325805,96.04999846
484.9325805,95.84128293
484.9325805,95.63256741
484.9325805,95.42385188
484.9325805,95.21513636
489.0990873,95.00642083
489.0990873,94.79770531
489.0990873,94.58898978
489.0990873,94.38027425
489.0990873,94.17155873
489.0990873,94.01502208
493.2655941,95.99781958
493.2655941,95.78910405
493.2655941,95.58038853
493.2655941,95.371673
493.2655941,95.16295748
495.3488474,94.11937985
497.4321008,94.64116866
497.4321008,94.43245314
497.4321008,94.22373761
498.1265186,94.90206307
501.5986076,95.99781958
501.5986076,95.78910405
501.5986076,95.58038853
501.5986076,95.371673
501.5986076,95.16295748
505.7651144,94.90206307
505.7651144,94.69334754
505.7651144,94.48463202
505.7651144,94.27591649
505.7651144,94.09329041
509.9316212,95.9456407
509.9316212,95.73692517
509.9316212,95.52820965
509.9316212,95.31949412
509.9316212,95.11077859
512.0148746,94.06720097
514.098128,94.64116866
514.098128,94.43245314
514.098128,94.22373761
514.7925458,94.90206307
518.2646348,96.04999846
518.2646348,95.84128293
518.2646348,95.63256741
518.2646348,95.42385188
518.2646348,95.21513636
522.4311416,95.00642083
522.4311416,94.79770531
522.4311416,94.58898978
522.4311416,94.38027425
522.4311416,94.17155873
526.5976484,95.99781958
526.5976484,95.78910405
526.5976484,95.58038853
526.5976484,95.371673
526.5976484,95.16295748
530.7641552,94.90206307
530.7641552,94.69334754
530.7641552,94.48463202
530.7641552,94.27591649
530.7641552,94.09329041
534.930662,95.9456407
534.930662,95.73692517
534.930662,95.52820965
534.930662,95.31949412
534.930662,95.11077859
539.0971688,94.90206307
539.0971688,94.69334754
539.0971688,94.48463202
539.0971688,94.27591649
539.0971688,94.06720097
543.2636756,95.68474629
543.2636756,95.47603076
543.2636756,95.26731524
543.2636756,95.05859971
543.9580934,95.9456407
543.9580934,93.89327136
547.4301824,94.79770531
547.4301824,94.58898978
547.4301824,94.38027425
547.4301824,94.17155873
551.5966892,95.99781958
551.5966892,95.78910405
551.5966892,95.58038853
551.5966892,95.371673
551.5966892,95.16295748
551.5966892,94.95424195
551.5966892,93.72803824
552.291107,93.9628432
555.763196,94.69334754
555.763196,94.48463202
555.763196,94.27591649
559.9297028,95.68474629
559.9297028,95.47603076
559.9297028,95.26731524
559.9297028,95.05859971
559.9297028,94.84988419
559.9297028,93.832396
560.6241206,95.9456407
560.6241206,94.06720097
564.0962096,94.32809537
564.7906274,94.58898978
568.2627164,95.89346182
568.2627164,95.68474629
568.2627164,95.47603076
568.2627164,95.26731524
568.2627164,95.05859971
568.2627164,94.84988419
568.2627164,93.832396
568.9571342,94.06720097
572.4292232,94.32809537
573.123641,94.58898978
576.59573,95.68474629
576.59573,95.47603076
576.59573,95.26731524
576.59573,95.05859971
576.59573,94.84988419
576.59573,93.832396
577.2901478,94.06720097
580.7622368,94.32809537
581.4566546,94.58898978
584.9287436,95.52820965
584.9287436,95.31949412
584.9287436,95.11077859
584.9287436,94.90206307
584.9287436,94.06720097
584.9287436,93.85848544
584.9287436,93.7019488
589.0952503,94.69334754
589.0952503,94.48463202
589.0952503,94.27591649
593.2617571,95.52820965
593.2617571,95.31949412
593.2617571,95.11077859
593.2617571,94.90206307
593.2617571,94.06720097
593.2617571,93.85848544
593.2617571,93.64976991
597.4282639,94.43245314
597.4282639,94.22373761
598.1226817,94.69334754
601.5947707,95.42385188
601.5947707,95.21513636
601.5947707,95.00642083
601.5947707,93.9628432
601.5947707,93.75412768
601.5947707,93.59759103
605.7612775,94.79770531
605.7612775,94.58898978
605.7612775,94.38027425
605.7612775,94.17155873
609.9277843,95.42385188
609.9277843,95.21513636
609.9277843,95.00642083
609.9277843,93.9628432
609.9277843,93.75412768
609.9277843,93.59759103
614.0942911,94.5368109
614.0942911,94.32809537
614.0942911,94.11937985
614.7887089,94.79770531
618.2607979,95.31949412
618.2607979,95.11077859
618.2607979,93.85848544
618.2607979,93.64976991
618.2607979,93.49323327
622.4273047,94.64116866
622.4273047,94.43245314
622.4273047,94.22373761
622.4273047,94.01502208
623.1217225,94.90206307
626.5938115,95.42385188
626.5938115,95.21513636
626.5938115,93.75412768
626.5938115,93.57150159
630.7603183,95.00642083
630.7603183,94.79770531
630.7603183,94.58898978
630.7603183,94.38027425
630.7603183,94.17155873
630.7603183,93.9628432
634.9268251,95.371673
634.9268251,95.16295748
634.9268251,93.54541215
635.6212429,93.75412768
639.0933319,94.90206307
639.0933319,94.69334754
639.0933319,94.48463202
639.0933319,94.27591649
639.0933319,94.06720097
641.1765853,93.49323327
643.2598387,95.31949412
643.2598387,95.11077859
643.2598387,93.85848544
643.2598387,93.64976991
647.4263455,94.90206307
647.4263455,94.69334754
647.4263455,94.48463202
647.4263455,94.27591649
647.4263455,94.06720097
651.5928523,95.31949412
651.5928523,95.11077859
651.5928523,93.85848544
651.5928523,93.64976991
651.5928523,93.49323327
655.7593591,94.90206307
655.7593591,94.69334754
655.7593591,94.48463202
655.7593591,94.27591649
655.7593591,94.06720097
659.9258659,95.31949412
659.9258659,95.11077859
659.9258659,93.85848544
659.9258659,93.64976991
659.9258659,93.46714383
664.0923727,94.90206307
664.0923727,94.69334754
664.0923727,94.48463202
664.0923727,94.27591649
664.0923727,94.06720097
668.2588795,95.26731524
668.2588795,95.05859971
668.2588795,93.59759103
668.2588795,93.41496495
668.9532973,93.85848544
672.4253863,94.5368109
672.4253863,94.32809537
672.4253863,94.11937985
673.1198041,94.79770531
676.591893,95.11077859
676.591893,93.85848544
676.591893,93.64976991
676.591893,93.44105439
676.591893,93.28451774
680.7583998,94.90206307
680.7583998,94.69334754
680.7583998,94.48463202
680.7583998,94.27591649
680.7583998,94.06720097
682.8416532,93.28451774
684.9249066,95.05859971
684.9249066,93.59759103
684.9249066,93.38887551
685.6193244,93.85848544
689.0914134,94.79770531
689.0914134,94.58898978
689.0914134,94.38027425
689.0914134,94.17155873
693.2579202,95.00642083
693.2579202,93.9628432
693.2579202,93.75412768
693.2579202,93.54541215
693.2579202,93.33669663
697.424427,94.79770531
697.424427,94.58898978
697.424427,94.38027425
697.424427,94.17155873
697.424427,93.15407054
701.5909338,95.00642083
701.5909338,93.9628432
701.5909338,93.75412768
701.5909338,93.54541215
701.5909338,93.33669663
705.7574406,94.79770531
705.7574406,94.58898978
705.7574406,94.38027425
705.7574406,94.17155873
705.7574406,93.1279811
709.9239474,95.00642083
709.9239474,93.9628432
709.9239474,93.75412768
709.9239474,93.54541215
709.9239474,93.33669663
709.9239474,92.94535502
714.0904542,94.5368109
714.0904542,94.32809537
714.0904542,94.11937985
714.784872,94.79770531
714.784872,93.1279811
718.256961,93.85848544
718.256961,93.64976991
718.256961,93.44105439
718.256961,92.81490781
722.4234678,94.92815251
722.4234678,94.69334754
722.4234678,94.48463202
722.4234678,94.27591649
722.4234678,94.06720097
722.4234678,93.23233886
722.4234678,93.02362334
722.4234678,92.63228173
726.5899746,93.85848544
726.5899746,93.64976991
726.5899746,93.44105439
726.5899746,92.81490781
728.673228,92.44965564
730.7564814,94.92815251
730.7564814,94.69334754
730.7564814,94.48463202
730.7564814,94.27591649
730.7564814,94.06720097
730.7564814,93.23233886
730.7564814,93.02362334
730.7564814,92.60619229
734.9229882,93.85848544
734.9229882,93.64976991
734.9229882,93.44105439
734.9229882,92.81490781
737.0062416,92.65837117
739.089495,94.92815251
739.089495,94.69334754
739.089495,94.48463202
739.089495,94.27591649
739.089495,94.06720097
739.089495,93.23233886
739.089495,93.02362334
743.2560018,93.85848544
743.2560018,93.64976991
743.2560018,93.44105439
743.2560018,92.81490781
747.4225086,94.90206307
747.4225086,94.69334754
747.4225086,94.48463202
747.4225086,94.27591649
747.4225086,94.06720097
747.4225086,93.23233886
747.4225086,93.02362334
751.5890154,93.85848544
751.5890154,93.64976991
751.5890154,93.44105439
751.5890154,92.86708669
755.7555222,94.90206307
755.7555222,94.69334754
755.7555222,94.48463202
755.7555222,94.27591649
755.7555222,94.06720097
755.7555222,93.23233886
755.7555222,93.02362334
759.922029,93.85848544
759.922029,93.64976991
759.922029,93.44105439
759.922029,92.84099725
764.0885358,94.69334754
764.0885358,94.48463202
764.0885358,94.27591649
764.0885358,94.06720097
764.0885358,93.23233886
764.0885358,93.02362334
768.2550425,93.85848544
768.2550425,93.64976991
768.2550425,93.44105439
768.2550425,92.81490781
772.4215493,94.95424195
772.4215493,94.64116866
772.4215493,94.43245314
772.4215493,94.22373761
772.4215493,94.01502208
772.4215493,92.97144446
772.4215493,92.68446061
773.1159671,93.23233886
776.5880561,93.75412768
776.5880561,93.54541215
776.5880561,92.52792396
780.7545629,94.58898978
780.7545629,94.38027425
780.7545629,94.17155873
780.7545629,93.9628432
780.7545629,93.33669663
780.7545629,93.1279811
780.7545629,92.91926557
780.7545629,92.71055005
784.9210697,93.49323327
784.9210697,92.58010285
785.6154875,93.75412768
789.0875765,94.69334754
789.0875765,94.48463202
789.0875765,94.27591649
789.0875765,94.06720097
789.0875765,93.23233886
789.0875765,93.02362334
789.0875765,92.81490781
793.2540833,93.85848544
793.2540833,93.64976991
793.2540833,93.44105439
793.2540833,92.60619229
793.2540833,92.44965564
797.4205901,94.69334754
797.4205901,94.48463202
797.4205901,94.27591649
797.4205901,94.06720097
797.4205901,93.23233886
797.4205901,93.02362334
797.4205901,92.81490781
799.5038435,92.44965564
801.5870969,93.59759103
801.5870969,93.38887551
802.2815147,93.85848544
802.2815147,92.60619229
805.7536037,94.58898978
805.7536037,94.38027425
805.7536037,94.17155873
805.7536037,93.1279811
805.7536037,92.91926557
809.9201105,93.7019488
809.9201105,93.49323327
809.9201105,93.28451774
809.9201105,92.44965564
810.6145283,93.9628432
810.6145283,92.71055005
814.0866173,94.43245314
814.0866173,94.22373761
814.7810351,93.02362334
818.2531241,93.7019488
818.2531241,93.49323327
818.2531241,93.28451774
818.2531241,92.44965564
818.2531241,92.26702956
818.9475419,93.9628432
818.9475419,92.71055005
822.4196309,94.22373761
823.1140487,93.02362334
826.5861377,93.7019488
826.5861377,93.49323327
826.5861377,93.28451774
826.5861377,92.44965564
826.5861377,92.24094012
826.5861377,92.08440347
827.2805555,93.9628432
827.2805555,92.71055005
830.7526445,93.02362334
834.9191513,93.80630656
834.9191513,93.59759103
834.9191513,93.38887551
834.9191513,93.18015998
834.9191513,92.5540134
834.9191513,92.34529788
834.9191513,92.13658235
834.9191513,91.95395627
835.6135691,94.06720097
835.6135691,92.81490781
843.2521649,94.27591649
843.2521649,94.06720097
843.2521649,93.85848544
843.2521649,93.64976991
843.2521649,93.44105439
843.2521649,93.23233886
843.2521649,93.02362334
843.2521649,92.81490781
843.2521649,92.60619229
843.2521649,92.39747676
843.2521649,92.18876123
843.2521649,92.00613515
847.4186717,94.48463202
849.5019251,92.03222459
851.5851785,94.01502208
851.5851785,93.80630656
851.5851785,93.59759103
851.5851785,93.38887551
851.5851785,93.18015998
851.5851785,92.97144446
851.5851785,92.76272893
851.5851785,92.5540134
851.5851785,92.34529788
851.5851785,92.16267179
852.2795963,94.27591649
859.918192,94.22373761
859.918192,94.01502208
859.918192,93.80630656
859.918192,93.59759103
859.918192,93.38887551
859.918192,93.18015998
859.918192,92.97144446
859.918192,92.76272893
859.918192,92.5540134
859.918192,92.34529788
859.918192,92.13658235
868.2512056,93.91066432
868.2512056,93.7019488
868.2512056,93.49323327
868.2512056,93.28451774
868.2512056,93.07580222
868.2512056,92.86708669
868.2512056,92.65837117
868.2512056,92.44965564
868.2512056,92.24094012
868.2512056,92.05831403
868.9456234,94.17155873
874.5009658,92.13658235
876.5842192,94.38027425
876.5842192,94.17155873
876.5842192,93.9628432
876.5842192,93.75412768
876.5842192,93.54541215
876.5842192,93.33669663
876.5842192,93.1279811
876.5842192,92.91926557
876.5842192,92.71055005
876.5842192,92.50183452
876.5842192,92.293119
882.8339794,92.24094012
884.9172328,94.22373761
884.9172328,94.01502208
884.9172328,93.80630656
884.9172328,93.59759103
884.9172328,93.38887551
884.9172328,93.18015998
884.9172328,92.97144446
884.9172328,92.76272893
884.9172328,92.5540134
884.9172328,92.34529788
893.2502464,94.22373761
893.2502464,94.01502208
893.2502464,93.80630656
893.2502464,93.59759103
893.2502464,93.38887551
893.2502464,93.18015998
893.2502464,92.97144446
893.2502464,92.76272893
893.2502464,92.5540134
893.2502464,92.34529788
893.2502464,92.13658235
901.58326,94.17155873
901.58326,93.9628432
901.58326,93.75412768
901.58326,93.54541215
901.58326,93.33669663
901.58326,93.1279811
901.58326,92.91926557
901.58326,92.71055005
901.58326,92.50183452
901.58326,92.293119
901.58326,92.13658235
909.9162736,94.17155873
909.9162736,93.9628432
909.9162736,93.75412768
909.9162736,93.54541215
909.9162736,93.33669663
909.9162736,93.1279811
909.9162736,92.91926557
909.9162736,92.71055005
909.9162736,92.50183452
909.9162736,92.293119
918.2492872,94.11937985
918.2492872,93.91066432
918.2492872,93.7019488
918.2492872,93.49323327
918.2492872,93.28451774
918.2492872,93.07580222
918.2492872,92.86708669
918.2492872,92.65837117
918.2492872,92.44965564
918.2492872,92.24094012
918.2492872,92.08440347
926.5823008,93.91066432
926.5823008,93.7019488
926.5823008,93.49323327
926.5823008,93.28451774
926.5823008,93.07580222
926.5823008,92.86708669
926.5823008,92.65837117
926.5823008,92.44965564
926.5823008,92.24094012
926.5823008,92.03222459
926.5823008,91.87568795
932.832061,91.61479354
934.9153144,93.80630656
934.9153144,93.59759103
934.9153144,93.38887551
934.9153144,93.18015998
934.9153144,92.97144446
934.9153144,92.76272893
934.9153144,92.5540134
934.9153144,92.34529788
934.9153144,92.13658235
934.9153144,91.92786683
934.9153144,91.7191513
943.248328,93.7019488
943.248328,93.49323327
943.248328,93.28451774
943.248328,93.07580222
943.248328,92.86708669
943.248328,92.65837117
943.248328,92.44965564
943.248328,92.24094012
943.248328,92.03222459
943.248328,91.82350906
943.248328,91.61479354
943.248328,91.45825689
951.5813415,93.28451774
951.5813415,93.07580222
951.5813415,92.86708669
951.5813415,92.65837117
951.5813415,92.44965564
951.5813415,92.24094012
951.5813415,92.03222459
951.5813415,91.82350906
951.5813415,91.61479354
951.5813415,91.43216745
952.2757593,93.54541215
957.8311017,91.56261466
959.9143551,93.59759103
959.9143551,93.38887551
959.9143551,93.18015998
959.9143551,92.97144446
959.9143551,92.76272893
959.9143551,92.5540134
959.9143551,92.34529788
959.9143551,92.13658235
959.9143551,91.92786683
959.9143551,91.7191513
968.2473687,93.54541215
968.2473687,93.33669663
968.2473687,93.1279811
968.2473687,92.91926557
968.2473687,92.71055005
968.2473687,92.50183452
968.2473687,92.293119
968.2473687,92.08440347
968.2473687,91.87568795
968.2473687,91.69306186
976.5803823,93.49323327
976.5803823,93.28451774
976.5803823,93.07580222
976.5803823,92.86708669
976.5803823,92.65837117
976.5803823,92.44965564
976.5803823,92.24094012
976.5803823,92.03222459
976.5803823,91.82350906
976.5803823,91.61479354
982.8301425,91.61479354
984.9133959,93.18015998
984.9133959,92.97144446
984.9133959,92.76272893
984.9133959,92.5540134
984.9133959,92.34529788
984.9133959,92.13658235
984.9133959,91.92786683
984.9133959,91.7191513
985.6078137,93.44105439
993.2464095,93.49323327
993.2464095,93.28451774
993.2464095,93.07580222
993.2464095,92.86708669
993.2464095,92.65837117
993.2464095,92.44965564
993.2464095,92.24094012
993.2464095,92.03222459
993.2464095,91.82350906
993.2464095,91.64088298
1001.579423,93.38887551
1001.579423,93.18015998
1001.579423,92.97144446
1001.579423,92.76272893
1001.579423,92.5540134
1001.579423,92.34529788
1001.579423,92.13658235
1001.579423,91.92786683
1001.579423,91.7191513
1001.579423,91.53652522
1009.912437,93.38887551
1009.912437,93.18015998
1009.912437,92.97144446
1009.912437,92.76272893
1009.912437,92.5540134
1009.912437,92.34529788
1009.912437,92.13658235
1009.912437,91.92786683
1009.912437,91.7191513
1009.912437,91.51043578
1018.24545,93.33669663
1018.24545,93.1279811
1018.24545,92.91926557
1018.24545,92.71055005
1018.24545,92.50183452
1018.24545,92.293119
1018.24545,92.08440347
1018.24545,91.87568795
1018.24545,91.66697242
1018.24545,91.45825689
1026.578464,93.33669663
1026.578464,93.1279811
1026.578464,92.91926557
1026.578464,92.71055005
1026.578464,92.50183452
1026.578464,92.293119
1026.578464,92.08440347
1026.578464,91.87568795
1026.578464,91.66697242
1026.578464,91.51043578
1034.911477,93.18015998
1034.911477,92.97144446
1034.911477,92.76272893
1034.911477,92.5540134
1034.911477,92.34529788
1034.911477,92.13658235
1034.911477,91.92786683
1034.911477,91.7191513
1034.911477,91.53652522
1035.605895,93.44105439
1043.244491,93.54541215
1043.244491,93.33669663
1043.244491,93.1279811
1043.244491,92.91926557
1043.244491,92.71055005
1043.244491,92.50183452
1043.244491,92.293119
1043.244491,92.08440347
1043.244491,91.87568795
1043.244491,91.66697242
1043.244491,91.48434634
1049.494251,91.40607801
1051.577505,93.38887551
1051.577505,93.18015998
1051.577505,92.97144446
1051.577505,92.76272893
1051.577505,92.5540134
1051.577505,92.34529788
1051.577505,92.13658235
1051.577505,91.92786683
1051.577505,91.7191513
1051.577505,91.51043578
1059.910518,93.23233886
1059.910518,93.02362334
1059.910518,92.81490781
1059.910518,92.60619229
1059.910518,92.39747676
1059.910518,92.18876123
1059.910518,91.98004571
1059.910518,91.77133018
1059.910518,91.56261466
1059.910518,91.37998857
1068.243532,93.23233886
1068.243532,93.02362334
1068.243532,92.81490781
1068.243532,92.60619229
1068.243532,92.39747676
1068.243532,92.18876123
1068.243532,91.98004571
1068.243532,91.77133018
1068.243532,91.56261466
1068.243532,91.35389913
1068.243532,91.17127305
1076.576545,93.1279811
1076.576545,92.91926557
1076.576545,92.71055005
1076.576545,92.50183452
1076.576545,92.293119
1076.576545,92.08440347
1076.576545,91.87568795
1076.576545,91.66697242
1076.576545,91.45825689
1076.576545,91.24954137
1084.909559,93.07580222
1084.909559,92.86708669
1084.909559,92.65837117
1084.909559,92.44965564
1084.909559,92.24094012
1084.909559,92.03222459
1084.909559,91.82350906
1084.909559,91.61479354
1084.909559,91.40607801
1084.909559,91.19736249
1093.242573,93.1279811
1093.242573,92.91926557
1093.242573,92.71055005
1093.242573,92.50183452
1093.242573,92.293119
1093.242573,92.08440347
1093.242573,91.87568795
1093.242573,91.66697242
1093.242573,91.45825689
1093.242573,91.24954137
1101.575586,93.07580222
1101.575586,92.86708669
1101.575586,92.65837117
1101.575586,92.44965564
1101.575586,92.24094012
1101.575586,92.03222459
1101.575586,91.82350906
1101.575586,91.61479354
1101.575586,91.40607801
1101.575586,91.19736249
1109.9086,92.91926557
1109.9086,92.71055005
1109.9086,92.50183452
1109.9086,92.293119
1109.9086,92.08440347
1109.9086,91.87568795
1109.9086,91.66697242
1109.9086,91.45825689
1109.9086,91.24954137
1109.9086,91.09300472
1118.241613,92.81490781
1118.241613,92.60619229
1118.241613,92.39747676
1118.241613,92.18876123
1118.241613,91.98004571
1118.241613,91.77133018
1118.241613,91.56261466
1118.241613,91.35389913
1118.241613,91.14518361
1118.241613,90.96255752
1126.574627,92.71055005
1126.574627,92.50183452
1126.574627,92.293119
1126.574627,92.08440347
1126.574627,91.87568795
1126.574627,91.66697242
1126.574627,91.45825689
1126.574627,91.24954137
1126.574627,91.04082584
1126.574627,90.83211032
1134.907641,92.5540134
1134.907641,92.34529788
1134.907641,92.13658235
1134.907641,91.92786683
1134.907641,91.7191513
1134.907641,91.51043578
1134.907641,91.30172025
1134.907641,91.09300472
1134.907641,90.91037864
1135.602058,92.81490781
1143.240654,92.5540134
1143.240654,92.34529788
1143.240654,92.13658235
1143.240654,91.92786683
1143.240654,91.7191513
1143.240654,91.51043578
1143.240654,91.30172025
1143.240654,91.09300472
1143.240654,90.91037864
1143.935072,92.81490781
1151.573668,93.02362334
1151.573668,92.81490781
1151.573668,92.60619229
1151.573668,92.39747676
1151.573668,92.18876123
1151.573668,91.98004571
1151.573668,91.77133018
1151.573668,91.56261466
1151.573668,91.35389913
1151.573668,91.14518361
1151.573668,90.98864696
1159.906681,92.97144446
1159.906681,92.76272893
1159.906681,92.5540134
1159.906681,92.34529788
1159.906681,92.13658235
1159.906681,91.92786683
1159.906681,91.7191513
1159.906681,91.51043578
1159.906681,91.30172025
1159.906681,91.09300472
1159.906681,90.93646808
1168.239695,92.76272893
1168.239695,92.5540134
1168.239695,92.34529788
1168.239695,92.13658235
1168.239695,91.92786683
1168.239695,91.7191513
1168.239695,91.51043578
1168.239695,91.30172025
1168.239695,91.09300472
1168.239695,90.91037864
1176.572708,92.60619229
1176.572708,92.39747676
1176.572708,92.18876123
1176.572708,91.98004571
1176.572708,91.77133018
1176.572708,91.56261466
1176.572708,91.35389913
1176.572708,91.14518361
1176.572708,90.93646808
1180.739215,90.77993144
1184.905722,92.60619229
1184.905722,92.39747676
1184.905722,92.18876123
1184.905722,91.98004571
1184.905722,91.77133018
1184.905722,91.56261466
1184.905722,91.35389913
1184.905722,91.14518361
1184.905722,90.93646808
1189.072229,90.753842
1193.238736,92.5540134
1193.238736,92.34529788
1193.238736,92.13658235
1193.238736,91.92786683
1193.238736,91.7191513
1193.238736,91.51043578
1193.238736,91.30172025
1193.238736,91.09300472
1193.238736,90.8842892
1201.571749,92.13658235
1201.571749,91.92786683
1201.571749,91.7191513
1201.571749,91.51043578
1201.571749,91.30172025
1201.571749,91.09300472
1201.571749,90.8842892
1202.266167,92.39747676
1205.738256,90.62339479
1209.904763,92.44965564
1209.904763,92.24094012
1209.904763,92.03222459
1209.904763,91.82350906
1209.904763,91.61479354
1209.904763,91.40607801
1209.904763,91.19736249
1209.904763,90.98864696
1209.904763,90.77993144
1214.07127,90.59730535
1218.237776,92.50183452
1218.237776,92.293119
1218.237776,92.08440347
1218.237776,91.87568795
1218.237776,91.66697242
1218.237776,91.45825689
1218.237776,91.24954137
1218.237776,91.04082584
1218.237776,90.83211032
1223.098701,90.65818071
1226.57079,92.13658235
1226.57079,91.92786683
1226.57079,91.7191513
1226.57079,91.51043578
1226.57079,91.30172025
1226.57079,91.09300472
1226.57079,90.8842892
1227.265208,92.39747676
1230.737297,90.62339479
1230.737297,90.46685815
1234.903804,92.44965564
1234.903804,92.24094012
1234.903804,92.03222459
1234.903804,91.82350906
1234.903804,91.61479354
1234.903804,91.40607801
1234.903804,91.19736249
1234.903804,90.98864696
1234.903804,90.77993144
1239.764728,90.51903703
1243.236817,92.293119
1243.236817,92.08440347
1243.236817,91.87568795
1243.236817,91.66697242
1243.236817,91.45825689
1243.236817,91.24954137
1243.236817,91.04082584
1243.236817,90.83211032
1247.403324,90.62339479
1247.403324,90.46685815
1251.569831,92.293119
1251.569831,92.08440347
1251.569831,91.87568795
1251.569831,91.66697242
1251.569831,91.45825689
1251.569831,91.24954137
1251.569831,91.04082584
1251.569831,90.83211032
1255.736338,90.62339479
1255.736338,90.44076871
1259.902844,92.24094012
1259.902844,92.03222459
1259.902844,91.82350906
1259.902844,91.61479354
1259.902844,91.40607801
1259.902844,91.19736249
1259.902844,90.98864696
1259.902844,90.77993144
1264.069351,90.3103215
1264.763769,90.51903703
1268.235858,92.08440347
1268.235858,91.87568795
1268.235858,91.66697242
1268.235858,91.45825689
1268.235858,91.24954137
1268.235858,91.04082584
1268.235858,90.83211032
1272.402365,90.62339479
1272.402365,90.41467927
1272.402365,90.25814262
1276.568872,92.03222459
1276.568872,91.82350906
1276.568872,91.61479354
1276.568872,91.40607801
1276.568872,91.19736249
1276.568872,90.98864696
1276.568872,90.77993144
1280.735378,90.51903703
1280.735378,90.3103215
1284.901885,91.98004571
1284.901885,91.77133018
1284.901885,91.56261466
1284.901885,91.35389913
1284.901885,91.14518361
1284.901885,90.93646808
1284.901885,90.72775256
1289.068392,90.25814262
1289.76281,90.51903703
1293.234899,91.87568795
1293.234899,91.66697242
1293.234899,91.45825689
1293.234899,91.24954137
1293.234899,91.04082584
1293.234899,90.83211032
1297.401406,90.36250039
1297.401406,90.15378486
1298.095823,90.62339479
1301.567912,91.7191513
1301.567912,91.51043578
1301.567912,91.30172025
1301.567912,91.09300472
1301.567912,90.8842892
1302.26233,91.98004571
1305.734419,90.36250039
1305.734419,90.15378486
1306.428837,90.62339479
1309.900926,91.92786683
1309.900926,91.7191513
1309.900926,91.51043578
1309.900926,91.30172025
1309.900926,91.09300472
1309.900926,90.8842892
1314.067433,90.36250039
1314.067433,90.15378486
1314.761851,90.62339479
1318.23394,91.98004571
1318.23394,91.77133018
1318.23394,91.56261466
1318.23394,91.35389913
1318.23394,91.14518361
1318.23394,90.93646808
1322.400446,90.72775256
1322.400446,90.51903703
1322.400446,90.3103215
1322.400446,90.10160598
1326.566953,91.7191513
1326.566953,91.51043578
1326.566953,91.30172025
1326.566953,91.09300472
1326.566953,90.8842892
1326.566953,89.97115877
1327.261371,91.98004571
1330.73346,90.36250039
1330.73346,90.15378486
1331.427878,90.62339479
1334.899967,92.13658235
1334.899967,91.92786683
1334.899967,91.7191513
1334.899967,91.51043578
1334.899967,91.30172025
1334.899967,91.09300472
1334.899967,90.8842892
1334.899967,89.97115877
1339.066474,90.62339479
1339.066474,90.41467927
1339.066474,90.20596374
1343.23298,92.03222459
1343.23298,91.82350906
1343.23298,91.61479354
1343.23298,91.40607801
1343.23298,91.19736249
1343.23298,90.98864696
1343.23298,90.77993144
1343.927398,90.01464118
1347.399487,90.25814262
1348.093905,90.51903703
1351.565994,92.03222459
1351.565994,91.82350906
1351.565994,91.61479354
1351.565994,91.40607801
1351.565994,91.19736249
1351.565994,90.98864696
1351.565994,90.77993144
1352.260412,90.01464118
1355.732501,90.25814262
1356.426919,90.51903703
1359.899007,91.82350906
1359.899007,91.61479354
1359.899007,91.40607801
1359.899007,91.19736249
1359.899007,90.98864696
1359.899007,90.77993144
1360.593425,90.01464118
1364.065514,90.51903703
1364.065514,90.3103215
1366.148768,89.94506933
1368.232021,91.51043578
1368.232021,91.30172025
1368.232021,91.09300472
1368.232021,90.8842892
1368.232021,90.67557367
1368.926439,91.77133018
1368.926439,90.10160598
1372.398528,90.41467927
1376.565035,91.82350906
1376.565035,91.61479354
1376.565035,91.40607801
1376.565035,91.19736249
1376.565035,90.98864696
1376.565035,90.77993144
1376.565035,90.57121591
1376.565035,89.97115877
1377.259452,90.20596374
1384.898048,91.77133018
1384.898048,91.56261466
1384.898048,91.35389913
1384.898048,91.14518361
1384.898048,90.93646808
1384.898048,90.72775256
1384.898048,90.51903703
1384.898048,90.3103215
1384.898048,90.10160598
1384.898048,89.94506933
1393.231062,91.77133018
1393.231062,91.56261466
1393.231062,91.35389913
1393.231062,91.14518361
1393.231062,90.93646808
1393.231062,90.72775256
1393.231062,90.51903703
1393.231062,90.3103215
1393.231062,90.10160598
1393.231062,89.91897989
1401.564075,91.7191513
1401.564075,91.51043578
1401.564075,91.30172025
1401.564075,91.09300472
1401.564075,90.8842892
1401.564075,90.67557367
1401.564075,90.46685815
1401.564075,90.25814262
1401.564075,90.0494271
1401.564075,89.84071157
1409.897089,91.56261466
1409.897089,91.35389913
1409.897089,91.14518361
1409.897089,90.93646808
1409.897089,90.72775256
1409.897089,90.51903703
1409.897089,90.3103215
1409.897089,90.10160598
1409.897089,89.89289045
1409.897089,89.73635381
1418.230103,91.66697242
1418.230103,91.45825689
1418.230103,91.24954137
1418.230103,91.04082584
1418.230103,90.83211032
1418.230103,90.62339479
1418.230103,90.41467927
1418.230103,90.20596374
1418.230103,89.99724822
1418.230103,89.78853269
1426.563116,91.66697242
1426.563116,91.45825689
1426.563116,91.24954137
1426.563116,91.04082584
1426.563116,90.83211032
1426.563116,90.62339479
1426.563116,90.41467927
1426.563116,90.20596374
1426.563116,89.99724822
1426.563116,89.81462213
1434.89613,91.56261466
1434.89613,91.35389913
1434.89613,91.14518361
1434.89613,90.93646808
1434.89613,90.72775256
1434.89613,90.51903703
1434.89613,90.3103215
1434.89613,90.10160598
1434.89613,89.89289045
1434.89613,89.73635381
1443.229143,91.56261466
1443.229143,91.35389913
1443.229143,91.14518361
1443.229143,90.93646808
1443.229143,90.72775256
1443.229143,90.51903703
1443.229143,90.3103215
1443.229143,90.10160598
1443.229143,89.89289045
1443.229143,89.71026437
1451.562157,91.51043578
1451.562157,91.30172025
1451.562157,91.09300472
1451.562157,90.8842892
1451.562157,90.67557367
1451.562157,90.46685815
1451.562157,90.25814262
1451.562157,90.0494271
1451.562157,89.84071157
1451.562157,89.65808549
1459.895171,91.45825689
1459.895171,91.24954137
1459.895171,91.04082584
1459.895171,90.83211032
1459.895171,90.62339479
1459.895171,90.41467927
1459.895171,90.20596374
1459.895171,89.99724822
1459.895171,89.78853269
1459.895171,89.63199605
1468.228184,91.35389913
1468.228184,91.14518361
1468.228184,90.93646808
1468.228184,90.72775256
1468.228184,90.51903703
1468.228184,90.3103215
1468.228184,90.10160598
1468.228184,89.89289045
1468.228184,89.68417493
1476.561198,91.45825689
1476.561198,91.24954137
1476.561198,91.04082584
1476.561198,90.83211032
1476.561198,90.62339479
1476.561198,90.41467927
1476.561198,90.20596374
1476.561198,89.99724822
1476.561198,89.78853269
1476.561198,89.6059066
1484.894211,91.56261466
1484.894211,91.35389913
1484.894211,91.14518361
1484.894211,90.93646808
1484.894211,90.72775256
1484.894211,90.51903703
1484.894211,90.3103215
1484.894211,90.10160598
1484.894211,89.89289045
1484.894211,89.68417493
1484.894211,89.52763828
1493.227225,91.51043578
1493.227225,91.30172025
1493.227225,91.09300472
1493.227225,90.8842892
1493.227225,90.67557367
1493.227225,90.46685815
1493.227225,90.25814262
1493.227225,90.0494271
1493.227225,89.84071157
1493.227225,89.63199605
1493.227225,89.4754594
1501.560239,91.45825689
1501.560239,91.24954137
1501.560239,91.04082584
1501.560239,90.83211032
1501.560239,90.62339479
1501.560239,90.41467927
1501.560239,90.20596374
1501.560239,89.99724822
1501.560239,89.78853269
1501.560239,89.57981716
1501.560239,89.42328052
1507.809999,91.35389913
1509.893252,91.14518361
1509.893252,90.93646808
1509.893252,90.72775256
1509.893252,90.51903703
1509.893252,90.3103215
1509.893252,90.10160598
1509.893252,89.89289045
1509.893252,89.68417493
1509.893252,89.4754594
1509.893252,89.29283332
1518.226266,91.09300472
1518.226266,90.8842892
1518.226266,90.67557367
1518.226266,90.46685815
1518.226266,90.25814262
1518.226266,90.0494271
1518.226266,89.84071157
1518.226266,89.63199605
1518.226266,89.42328052
1518.226266,89.26674388
1526.559279,91.04082584
1526.559279,90.83211032
1526.559279,90.62339479
1526.559279,90.41467927
1526.559279,90.20596374
1526.559279,89.99724822
1526.559279,89.78853269
1526.559279,89.57981716
1526.559279,89.37110164
1526.559279,89.21456499
1534.892293,91.04082584
1534.892293,90.83211032
1534.892293,90.62339479
1534.892293,90.41467927
1534.892293,90.20596374
1534.892293,89.99724822
1534.892293,89.78853269
1534.892293,89.57981716
1534.892293,89.37110164
1534.892293,89.21456499
1543.225306,91.14518361
1543.225306,90.93646808
1543.225306,90.72775256
1543.225306,90.51903703
1543.225306,90.3103215
1543.225306,90.10160598
1543.225306,89.89289045
1543.225306,89.68417493
1543.225306,89.4754594
1543.225306,89.26674388
1551.55832,91.09300472
1551.55832,90.8842892
1551.55832,90.67557367
1551.55832,90.46685815
1551.55832,90.25814262
1551.55832,90.0494271
1551.55832,89.84071157
1551.55832,89.63199605
1551.55832,89.42328052
1551.55832,89.21456499
1559.891334,91.04082584
1559.891334,90.83211032
1559.891334,90.62339479
1559.891334,90.41467927
1559.891334,90.20596374
1559.891334,89.99724822
1559.891334,89.78853269
1559.891334,89.57981716
1559.891334,89.37110164
1559.891334,89.18847555
1568.224347,90.93646808
1568.224347,90.72775256
1568.224347,90.51903703
1568.224347,90.3103215
1568.224347,90.10160598
1568.224347,89.89289045
1568.224347,89.68417493
1568.224347,89.4754594
1568.224347,89.26674388
1568.224347,89.11020723
1576.557361,90.93646808
1576.557361,90.72775256
1576.557361,90.51903703
1576.557361,90.3103215
1576.557361,90.10160598
1576.557361,89.89289045
1576.557361,89.68417493
1576.557361,89.4754594
1576.557361,89.26674388
1576.557361,89.11020723
1584.890374,90.93646808
1584.890374,90.72775256
1584.890374,90.51903703
1584.890374,90.3103215
1584.890374,90.10160598
1584.890374,89.89289045
1584.890374,89.68417493
1584.890374,89.4754594
1584.890374,89.26674388
1584.890374,89.11020723
1593.223388,90.93646808
1593.223388,90.72775256
1593.223388,90.51903703
1593.223388,90.3103215
1593.223388,90.10160598
1593.223388,89.89289045
1593.223388,89.68417493
1593.223388,89.4754594
1593.223388,89.26674388
1593.223388,89.08411779
1601.556402,90.83211032
1601.556402,90.62339479
1601.556402,90.41467927
1601.556402,90.20596374
1601.556402,89.99724822
1601.556402,89.78853269
1601.556402,89.57981716
1601.556402,89.37110164
1601.556402,89.16238611
1601.556402,89.00584947
1609.889415,90.72775256
1609.889415,90.51903703
1609.889415,90.3103215
1609.889415,90.10160598
1609.889415,89.89289045
1609.889415,89.68417493
1609.889415,89.4754594
1609.889415,89.26674388
1609.889415,89.05802835
1614.055922,88.90149171
1618.222429,90.67557367
1618.222429,90.46685815
1618.222429,90.25814262
1618.222429,90.0494271
1618.222429,89.84071157
1618.222429,89.63199605
1618.222429,89.42328052
1618.222429,89.21456499
1618.222429,89.00584947
1626.555442,90.36250039
1626.555442,90.15378486
1626.555442,89.94506933
1626.555442,89.73635381
1626.555442,89.52763828
1626.555442,89.31892276
1626.555442,89.11020723
1626.555442,88.92758115
1627.24986,90.62339479
1634.888456,90.36250039
1634.888456,90.15378486
1634.888456,89.94506933
1634.888456,89.73635381
1634.888456,89.52763828
1634.888456,89.31892276
1634.888456,89.11020723
1634.888456,88.90149171
1634.888456,88.74495506
1635.582874,90.62339479
1643.22147,90.72775256
1643.22147,90.51903703
1643.22147,90.3103215
1643.22147,90.10160598
1643.22147,89.89289045
1643.22147,89.68417493
1643.22147,89.4754594
1643.22147,89.26674388
1643.22147,89.05802835
1643.22147,88.84931282
1643.22147,88.6405973
1649.47123,88.69277618
1651.554483,90.67557367
1651.554483,90.46685815
1651.554483,90.25814262
1651.554483,90.0494271
1651.554483,89.84071157
1651.554483,89.63199605
1651.554483,89.42328052
1651.554483,89.21456499
1651.554483,89.00584947
1651.554483,88.79713394
1659.887497,90.51903703
1659.887497,90.3103215
1659.887497,90.10160598
1659.887497,89.89289045
1659.887497,89.68417493
1659.887497,89.4754594
1659.887497,89.26674388
1659.887497,89.05802835
1659.887497,88.84931282
1659.887497,88.69277618
1666.137257,88.6405973
1668.22051,90.46685815
1668.22051,90.25814262
1668.22051,90.0494271
1668.22051,89.84071157
1668.22051,89.63199605
1668.22051,89.42328052
1668.22051,89.21456499
1668.22051,89.00584947
1668.22051,88.79713394
1676.553524,90.51903703
1676.553524,90.3103215
1676.553524,90.10160598
1676.553524,89.89289045
1676.553524,89.68417493
1676.553524,89.4754594
1676.553524,89.26674388
1676.553524,89.05802835
1676.553524,88.84931282
1676.553524,88.6405973
1684.886538,90.25814262
1684.886538,90.0494271
1684.886538,89.84071157
1684.886538,89.63199605
1684.886538,89.42328052
1684.886538,89.21456499
1684.886538,89.00584947
1684.886538,88.79713394
1684.886538,88.61450786
1685.580955,90.51903703
1693.219551,90.57121591
1693.219551,90.36250039
1693.219551,90.15378486
1693.219551,89.94506933
1693.219551,89.73635381
1693.219551,89.52763828
1693.219551,89.31892276
1693.219551,89.11020723
1693.219551,88.90149171
1693.219551,88.69277618
1693.219551,88.51015009
1699.469311,88.53623954
1701.552565,90.15378486
1701.552565,89.94506933
1701.552565,89.73635381
1701.552565,89.52763828
1701.552565,89.31892276
1701.552565,89.11020723
1701.552565,88.90149171
1701.552565,88.69277618
1702.246983,90.41467927
1709.885578,90.36250039
1709.885578,90.15378486
1709.885578,89.94506933
1709.885578,89.73635381
1709.885578,89.52763828
1709.885578,89.31892276
1709.885578,89.11020723
1709.885578,88.90149171
1709.885578,88.69277618
1709.885578,88.51015009
1716.135339,88.43188177
1718.218592,90.0494271
1718.218592,89.84071157
1718.218592,89.63199605
1718.218592,89.42328052
1718.218592,89.21456499
1718.218592,89.00584947
1718.218592,88.79713394
1718.218592,88.58841842
1718.91301,90.3103215
1726.551605,90.25814262
1726.551605,90.0494271
1726.551605,89.84071157
1726.551605,89.63199605
1726.551605,89.42328052
1726.551605,89.21456499
1726.551605,89.00584947
1726.551605,88.79713394
1726.551605,88.58841842
1726.551605,88.37970289
1734.884619,90.20596374
1734.884619,89.99724822
1734.884619,89.78853269
1734.884619,89.57981716
1734.884619,89.37110164
1734.884619,89.16238611
1734.884619,88.95367059
1734.884619,88.74495506
1734.884619,88.53623954
1734.884619,88.35361345
1743.217633,90.20596374
1743.217633,89.99724822
1743.217633,89.78853269
1743.217633,89.57981716
1743.217633,89.37110164
1743.217633,89.16238611
1743.217633,88.95367059
1743.217633,88.74495506
1743.217633,88.53623954
1743.217633,88.37970289
1751.550646,90.20596374
1751.550646,89.99724822
1751.550646,89.78853269
1751.550646,89.57981716
1751.550646,89.37110164
1751.550646,89.16238611
1751.550646,88.95367059
1751.550646,88.74495506
1751.550646,88.53623954
1751.550646,88.35361345
1759.88366,90.3103215
1759.88366,90.10160598
1759.88366,89.89289045
1759.88366,89.68417493
1759.88366,89.4754594
1759.88366,89.26674388
1759.88366,89.05802835
1759.88366,88.84931282
1759.88366,88.6405973
1759.88366,88.43188177
1759.88366,88.27534513
1768.216673,90.25814262
1768.216673,90.0494271
1768.216673,89.84071157
1768.216673,89.63199605
1768.216673,89.42328052
1768.216673,89.21456499
1768.216673,89.00584947
1768.216673,88.79713394
1768.216673,88.58841842
1768.216673,88.40579233
1776.549687,90.10160598
1776.549687,89.89289045
1776.549687,89.68417493
1776.549687,89.4754594
1776.549687,89.26674388
1776.549687,89.05802835
1776.549687,88.84931282
1776.549687,88.6405973
1776.549687,88.43188177
1776.549687,88.27534513
1784.882701,90.0494271
1784.882701,89.84071157
1784.882701,89.63199605
1784.882701,89.42328052
1784.882701,89.21456499
1784.882701,89.00584947
1784.882701,88.79713394
1784.882701,88.58841842
1784.882701,88.37970289
1784.882701,88.22316625
1793.215714,89.89289045
1793.215714,89.68417493
1793.215714,89.4754594
1793.215714,89.26674388
1793.215714,89.05802835
1793.215714,88.84931282
1793.215714,88.6405973
1793.215714,88.43188177
1793.215714,88.22316625
1793.215714,88.0666296
1801.548728,89.89289045
1801.548728,89.68417493
1801.548728,89.4754594
1801.548728,89.26674388
1801.548728,89.05802835
1801.548728,88.84931282
1801.548728,88.6405973
1801.548728,88.43188177
1801.548728,88.22316625
1801.548728,88.0666296
1809.881741,89.89289045
1809.881741,89.68417493
1809.881741,89.4754594
1809.881741,89.26674388
1809.881741,89.05802835
1809.881741,88.84931282
1809.881741,88.6405973
1809.881741,88.43188177
1809.881741,88.22316625
1809.881741,88.01445072
1818.214755,89.89289045
1818.214755,89.68417493
1818.214755,89.4754594
1818.214755,89.26674388
1818.214755,89.05802835
1818.214755,88.84931282
1818.214755,88.6405973
1818.214755,88.43188177
1818.214755,88.22316625
1818.214755,88.0666296
1826.547769,89.89289045
1826.547769,89.68417493
1826.547769,89.4754594
1826.547769,89.26674388
1826.547769,89.05802835
1826.547769,88.84931282
1826.547769,88.6405973
1826.547769,88.43188177
1826.547769,88.22316625
1826.547769,88.01445072
1834.880782,89.89289045
1834.880782,89.68417493
1834.880782,89.4754594
1834.880782,89.26674388
1834.880782,89.05802835
1834.880782,88.84931282
1834.880782,88.6405973
1834.880782,88.43188177
1834.880782,88.22316625
1834.880782,88.0666296
1843.213796,89.89289045
1843.213796,89.68417493
1843.213796,89.4754594
1843.213796,89.26674388
1843.213796,89.05802835
1843.213796,88.84931282
1843.213796,88.6405973
1843.213796,88.43188177
1843.213796,88.22316625
1843.213796,88.01445072
1851.546809,89.89289045
1851.546809,89.68417493
1851.546809,89.4754594
1851.546809,89.26674388
1851.546809,89.05802835
1851.546809,88.84931282
1851.546809,88.6405973
1851.546809,88.43188177
1851.546809,88.22316625
1851.546809,88.01445072
1851.546809,87.83182464
1859.879823,89.91897989
1859.879823,89.68417493
1859.879823,89.4754594
1859.879823,89.26674388
1859.879823,89.05802835
1859.879823,88.84931282
1859.879823,88.6405973
1859.879823,88.43188177
1859.879823,88.22316625
1859.879823,88.01445072
1859.879823,87.8057352
1859.879823,87.64919855
1868.212837,89.94506933
1868.212837,89.63199605
1868.212837,89.42328052
1868.212837,89.21456499
1868.212837,89.00584947
1868.212837,88.79713394
1868.212837,88.58841842
1868.212837,88.37970289
1868.212837,88.17098737
1868.212837,87.96227184
1868.212837,87.77964575
1876.54585,89.94506933
1876.54585,89.57981716
1876.54585,89.37110164
1876.54585,89.16238611
1876.54585,88.95367059
1876.54585,88.74495506
1876.54585,88.53623954
1876.54585,88.32752401
1876.54585,88.11880848
1876.54585,87.91009296
1876.54585,87.75355631
1884.878864,89.94506933
1884.878864,89.68417493
1884.878864,89.4754594
1884.878864,89.26674388
1884.878864,89.05802835
1884.878864,88.84931282
1884.878864,88.6405973
1884.878864,88.43188177
1884.878864,88.22316625
1884.878864,88.01445072
1884.878864,87.8057352
1893.211877,89.89289045
1893.211877,89.68417493
1893.211877,89.4754594
1893.211877,89.26674388
1893.211877,89.05802835
1893.211877,88.84931282
1893.211877,88.6405973
1893.211877,88.43188177
1893.211877,88.22316625
1893.211877,88.01445072
1893.211877,87.8057352
1901.544891,89.89289045
1901.544891,89.68417493
1901.544891,89.4754594
1901.544891,89.26674388
1901.544891,89.05802835
1901.544891,88.84931282
1901.544891,88.6405973
1901.544891,88.43188177
1901.544891,88.22316625
1901.544891,88.01445072
1901.544891,87.85791408
1909.877904,89.68417493
1909.877904,89.4754594
1909.877904,89.26674388
1909.877904,89.05802835
1909.877904,88.84931282
1909.877904,88.6405973
1909.877904,88.43188177
1909.877904,88.22316625
1909.877904,88.01445072
1909.877904,87.8057352
1918.210918,89.68417493
1918.210918,89.4754594
1918.210918,89.26674388
1918.210918,89.05802835
1918.210918,88.84931282
1918.210918,88.6405973
1918.210918,88.43188177
1918.210918,88.22316625
1918.210918,88.01445072
1918.210918,87.8057352
1920.294171,87.64919855
1926.543932,89.68417493
1926.543932,89.4754594
1926.543932,89.26674388
1926.543932,89.05802835
1926.543932,88.84931282
1926.543932,88.6405973
1926.543932,88.43188177
1926.543932,88.22316625
1926.543932,88.01445072
1926.543932,87.83182464
1934.876945,89.68417493
1934.876945,89.4754594
1934.876945,89.26674388
1934.876945,89.05802835
1934.876945,88.84931282
1934.876945,88.6405973
1934.876945,88.43188177
1934.876945,88.22316625
1934.876945,88.01445072
1934.876945,87.83182464
1943.209959,89.57981716
1943.209959,89.37110164
1943.209959,89.16238611
1943.209959,88.95367059
1943.209959,88.74495506
1943.209959,88.53623954
1943.209959,88.32752401
1943.209959,88.11880848
1943.209959,87.91009296
1943.209959,87.72746687
1951.542972,89.31892276
1951.542972,89.11020723
1951.542972,88.90149171
1951.542972,88.69277618
1951.542972,88.48406065
1951.542972,88.27534513
1951.542972,88.0666296
1951.542972,87.85791408
1951.542972,87.67528799
1952.23739,89.57981716
1959.875986,89.57981716
1959.875986,89.37110164
1959.875986,89.16238611
1959.875986,88.95367059
1959.875986,88.74495506
1959.875986,88.53623954
1959.875986,88.32752401
1959.875986,88.11880848
1959.875986,87.91009296
1959.875986,87.70137743
1959.875986,87.51875135
1968.209,89.57981716
1968.209,89.37110164
1968.209,89.16238611
1968.209,88.95367059
1968.209,88.74495506
1968.209,88.53623954
1968.209,88.32752401
1968.209,88.11880848
1968.209,87.91009296
1968.209,87.70137743
1968.209,87.54484079
1976.542013,89.52763828
1976.542013,89.31892276
1976.542013,89.11020723
1976.542013,88.90149171
1976.542013,88.69277618
1976.542013,88.48406065
1976.542013,88.27534513
1976.542013,88.0666296
1976.542013,87.85791408
1976.542013,87.64919855
1976.542013,87.49266191
1984.875027,89.31892276
1984.875027,89.11020723
1984.875027,88.90149171
1984.875027,88.69277618
1984.875027,88.48406065
1984.875027,88.27534513
1984.875027,88.0666296
1984.875027,87.85791408
1984.875027,87.64919855
1984.875027,87.44048303
1993.20804,89.11020723
1993.20804,88.90149171
1993.20804,88.69277618
1993.20804,88.48406065
1993.20804,88.27534513
1993.20804,88.0666296
1993.20804,87.85791408
1993.20804,87.64919855
1993.20804,87.44048303
1993.902458,89.37110164
1999.457801,87.44048303
2001.541054,89.21456499
2001.541054,89.00584947
2001.541054,88.79713394
2001.541054,88.58841842
2001.541054,88.37970289
2001.541054,88.17098737
2001.541054,87.96227184
2001.541054,87.75355631
2001.541054,87.54484079
2009.874068,89.05802835
2009.874068,88.84931282
2009.874068,88.6405973
2009.874068,88.43188177
2009.874068,88.22316625
2009.874068,88.01445072
2009.874068,87.8057352
2009.874068,87.59701967
2009.874068,87.41439359
2018.207081,88.95367059
2018.207081,88.74495506
2018.207081,88.53623954
2018.207081,88.32752401
2018.207081,88.11880848
2018.207081,87.91009296
2018.207081,87.70137743
2018.207081,87.49266191
2018.207081,87.28394638
2022.373588,87.12740974
2026.540095,88.95367059
2026.540095,88.74495506
2026.540095,88.53623954
2026.540095,88.32752401
2026.540095,88.11880848
2026.540095,87.91009296
2026.540095,87.70137743
2026.540095,87.49266191
2026.540095,87.28394638
2031.401019,87.11001678
2034.873108,89.00584947
2034.873108,88.79713394
2034.873108,88.58841842
2034.873108,88.37970289
2034.873108,88.17098737
2034.873108,87.96227184
2034.873108,87.75355631
2034.873108,87.54484079
2034.873108,87.33612526
2039.039615,86.86651533
2039.734033,87.07523086
2043.206122,88.79713394
2043.206122,88.58841842
2043.206122,88.37970289
2043.206122,88.17098737
2043.206122,87.96227184
2043.206122,87.75355631
2043.206122,87.54484079
2043.206122,87.33612526
2047.372629,87.07523086
2047.372629,86.86651533
2047.372629,86.70997869
2051.539136,88.74495506
2051.539136,88.53623954
2051.539136,88.32752401
2051.539136,88.11880848
2051.539136,87.91009296
2051.539136,87.70137743
2051.539136,87.49266191
2051.539136,87.28394638
2055.705642,87.07523086
2055.705642,86.86651533
2059.872149,88.74495506
2059.872149,88.53623954
2059.872149,88.32752401
2059.872149,88.11880848
2059.872149,87.91009296
2059.872149,87.70137743
2059.872149,87.49266191
2059.872149,87.28394638
2064.038656,87.07523086
2064.038656,86.91869421
2068.205163,88.74495506
2068.205163,88.53623954
2068.205163,88.32752401
2068.205163,88.11880848
2068.205163,87.91009296
2068.205163,87.70137743
2068.205163,87.49266191
2068.205163,87.28394638
2072.37167,87.07523086
2072.37167,86.91869421
2076.538176,88.48406065
2076.538176,88.27534513
2076.538176,88.0666296
2076.538176,87.85791408
2076.538176,87.64919855
2076.538176,87.44048303
2076.538176,87.2317675
2077.232594,88.74495506
2081.399101,87.00565901
2084.87119,88.69277618
2084.87119,88.48406065
2084.87119,88.27534513
2084.87119,88.0666296
2084.87119,87.85791408
2084.87119,87.64919855
2084.87119,87.44048303
2084.87119,87.2317675
2089.037697,86.97087309
2089.037697,86.78824701
2093.204203,88.58841842
2093.204203,88.37970289
2093.204203,88.17098737
2093.204203,87.96227184
2093.204203,87.75355631
2093.204203,87.54484079
2093.204203,87.33612526
2093.204203,87.12740974
2097.37071,86.6577998
2098.065128,86.86651533
2101.537217,88.43188177
2101.537217,88.22316625
2101.537217,88.01445072
2101.537217,87.8057352
2101.537217,87.59701967
2101.537217,87.38830414
2101.537217,87.17958862
2105.703724,86.97087309
2105.703724,86.76215757
2105.703724,86.60562092
2109.870231,88.43188177
2109.870231,88.22316625
2109.870231,88.01445072
2109.870231,87.8057352
2109.870231,87.59701967
2109.870231,87.38830414
2109.870231,87.17958862
2114.036737,86.97087309
2114.036737,86.76215757
2114.036737,86.60562092
2118.203244,88.37970289
2118.203244,88.17098737
2118.203244,87.96227184
2118.203244,87.75355631
2118.203244,87.54484079
2118.203244,87.33612526
2118.203244,87.12740974
2122.369751,86.86651533
2122.369751,86.6577998
2126.536258,88.32752401
2126.536258,88.11880848
2126.536258,87.91009296
2126.536258,87.70137743
2126.536258,87.49266191
2126.536258,87.28394638
2126.536258,87.07523086
2126.536258,86.50126316
2130.702765,86.86651533
2130.702765,86.6577998
2134.869271,88.27534513
2134.869271,88.0666296
2134.869271,87.85791408
2134.869271,87.64919855
2134.869271,87.44048303
2134.869271,87.2317675
2134.869271,87.02305197
2134.869271,86.5273526
2139.035778,86.76215757
2141.119032,86.3969054
2143.202285,87.96227184
2143.202285,87.75355631
2143.202285,87.54484079
2143.202285,87.33612526
2143.202285,87.12740974
2143.202285,86.91869421
2143.896703,88.22316625
2143.896703,86.55344204
2151.535299,88.32752401
2151.535299,88.11880848
2151.535299,87.91009296
2151.535299,87.70137743
2151.535299,87.49266191
2151.535299,87.28394638
2151.535299,87.07523086
2151.535299,86.86651533
2151.535299,86.6577998
2151.535299,86.50126316
2157.785059,86.3969054
2159.868312,87.96227184
2159.868312,87.75355631
2159.868312,87.54484079
2159.868312,87.33612526
2159.868312,87.12740974
2159.868312,86.91869421
2159.868312,86.70997869
2159.868312,86.50126316
2160.56273,88.22316625
2168.201326,88.32752401
2168.201326,88.11880848
2168.201326,87.91009296
2168.201326,87.70137743
2168.201326,87.49266191
2168.201326,87.28394638
2168.201326,87.07523086
2168.201326,86.86651533
2168.201326,86.6577998
2168.201326,86.50126316
2176.534339,88.22316625
2176.534339,88.01445072
2176.534339,87.8057352
2176.534339,87.59701967
2176.534339,87.38830414
2176.534339,87.17958862
2176.534339,86.97087309
2176.534339,86.76215757
2176.534339,86.55344204
2176.534339,86.3969054
2184.867353,88.17098737
2184.867353,87.96227184
2184.867353,87.75355631
2184.867353,87.54484079
2184.867353,87.33612526
2184.867353,87.12740974
2184.867353,86.91869421
2184.867353,86.70997869
2184.867353,86.50126316
2184.867353,86.31863708
2193.200367,88.0666296
2193.200367,87.85791408
2193.200367,87.64919855
2193.200367,87.44048303
2193.200367,87.2317675
2193.200367,87.02305197
2193.200367,86.81433645
2193.200367,86.60562092
2193.200367,86.3969054
2193.200367,86.24036875
2201.53338,88.01445072
2201.53338,87.8057352
2201.53338,87.59701967
2201.53338,87.38830414
2201.53338,87.17958862
2201.53338,86.97087309
2201.53338,86.76215757
2201.53338,86.55344204
2201.53338,86.34472652
2201.53338,86.16210043
2207.78314,86.18818987
2209.866394,87.96227184
2209.866394,87.75355631
2209.866394,87.54484079
2209.866394,87.33612526
2209.866394,87.12740974
2209.866394,86.91869421
2209.866394,86.70997869
2209.866394,86.50126316
2209.866394,86.29254763
2218.199407,87.85791408
2218.199407,87.64919855
2218.199407,87.44048303
2218.199407,87.2317675
2218.199407,87.02305197
2218.199407,86.81433645
2218.199407,86.60562092
2218.199407,86.3969054
2218.199407,86.18818987
2218.199407,86.03165323
2226.532421,87.8057352
2226.532421,87.59701967
2226.532421,87.38830414
2226.532421,87.17958862
2226.532421,86.97087309
2226.532421,86.76215757
2226.532421,86.55344204
2226.532421,86.34472652
2226.532421,86.13601099
2226.532421,85.97947435
2234.865435,87.8057352
2234.865435,87.59701967
2234.865435,87.38830414
2234.865435,87.17958862
2234.865435,86.97087309
2234.865435,86.76215757
2234.865435,86.55344204
2234.865435,86.34472652
2234.865435,86.13601099
2234.865435,85.97947435
2243.198448,87.8057352
2243.198448,87.59701967
2243.198448,87.38830414
2243.198448,87.17958862
2243.198448,86.97087309
2243.198448,86.76215757
2243.198448,86.55344204
2243.198448,86.34472652
2243.198448,86.13601099
2243.198448,85.95338491
2251.531462,87.70137743
2251.531462,87.49266191
2251.531462,87.28394638
2251.531462,87.07523086
2251.531462,86.86651533
2251.531462,86.6577998
2251.531462,86.44908428
2251.531462,86.24036875
2251.531462,86.03165323
2251.531462,85.87511658
2257.781222,85.87511658
2259.864475,87.64919855
2259.864475,87.44048303
2259.864475,87.2317675
2259.864475,87.02305197
2259.864475,86.81433645
2259.864475,86.60562092
2259.864475,86.3969054
2259.864475,86.18818987
2259.864475,85.97947435
2268.197489,87.59701967
2268.197489,87.38830414
2268.197489,87.17958862
2268.197489,86.97087309
2268.197489,86.76215757
2268.197489,86.55344204
2268.197489,86.34472652
2268.197489,86.13601099
2268.197489,85.92729546
2268.197489,85.77075882
2276.530502,87.59701967
2276.530502,87.38830414
2276.530502,87.17958862
2276.530502,86.97087309
2276.530502,86.76215757
2276.530502,86.55344204
2276.530502,86.34472652
2276.530502,86.13601099
2276.530502,85.92729546
2276.530502,85.77075882
2282.780263,85.77075882
2284.863516,87.54484079
2284.863516,87.33612526
2284.863516,87.12740974
2284.863516,86.91869421
2284.863516,86.70997869
2284.863516,86.50126316
2284.863516,86.29254763
2284.863516,86.08383211
2284.863516,85.87511658
2293.19653,87.12740974
2293.19653,86.91869421
2293.19653,86.70997869
2293.19653,86.50126316
2293.19653,86.29254763
2293.19653,86.08383211
2293.19653,85.87511658
2293.19653,85.6924905
2293.890947,87.38830414
2301.529543,87.49266191
2301.529543,87.28394638
2301.529543,87.07523086
2301.529543,86.86651533
2301.529543,86.6577998
2301.529543,86.44908428
2301.529543,86.24036875
2301.529543,86.03165323
2301.529543,85.8229377
2309.862557,87.12740974
2309.862557,86.91869421
2309.862557,86.70997869
2309.862557,86.50126316
2309.862557,86.29254763
2309.862557,86.08383211
2309.862557,85.87511658
2310.556975,87.38830414
2318.19557,87.49266191
2318.19557,87.28394638
2318.19557,87.07523086
2318.19557,86.86651533
2318.19557,86.6577998
2318.19557,86.44908428
2318.19557,86.24036875
2318.19557,86.03165323
2318.19557,85.8229377
2322.362077,85.6924905
2326.528584,87.38830414
2326.528584,87.17958862
2326.528584,86.97087309
2326.528584,86.76215757
2326.528584,86.55344204
2326.528584,86.34472652
2326.528584,86.13601099
2326.528584,85.92729546
2330.695091,85.71857994
2330.695091,85.53595385
2334.861598,87.12740974
2334.861598,86.91869421
2334.861598,86.70997869
2334.861598,86.50126316
2334.861598,86.29254763
2334.861598,86.08383211
2334.861598,85.87511658
2335.556015,87.38830414
2339.028104,85.61422218
2343.194611,87.44048303
2343.194611,87.2317675
2343.194611,87.02305197
2343.194611,86.81433645
2343.194611,86.60562092
2343.194611,86.3969054
2343.194611,86.18818987
2343.194611,85.97947435
2343.194611,85.77075882
2343.194611,85.48377497
2351.527625,87.28394638
2351.527625,87.07523086
2351.527625,86.86651533
2351.527625,86.6577998
2351.527625,86.44908428
2351.527625,86.24036875
2351.527625,86.03165323
2351.527625,85.8229377
2351.527625,85.61422218
2351.527625,85.40550665
2359.860638,87.28394638
2359.860638,87.07523086
2359.860638,86.86651533
2359.860638,86.6577998
2359.860638,86.44908428
2359.860638,86.24036875
2359.860638,86.03165323
2359.860638,85.8229377
2359.860638,85.61422218
2368.193652,87.28394638
2368.193652,87.07523086
2368.193652,86.86651533
2368.193652,86.6577998
2368.193652,86.44908428
2368.193652,86.24036875
2368.193652,86.03165323
2368.193652,85.8229377
2368.193652,85.61422218
2368.193652,85.40550665
2376.526666,87.2317675
2376.526666,87.02305197
2376.526666,86.81433645
2376.526666,86.60562092
2376.526666,86.3969054
2376.526666,86.18818987
2376.526666,85.97947435
2376.526666,85.77075882
2376.526666,85.56204329
2376.526666,85.37941721
2384.859679,87.17958862
2384.859679,86.97087309
2384.859679,86.76215757
2384.859679,86.55344204
2384.859679,86.34472652
2384.859679,86.13601099
2384.859679,85.92729546
2384.859679,85.71857994
2384.859679,85.50986441
2384.859679,85.35332777
2393.192693,87.17958862
2393.192693,86.97087309
2393.192693,86.76215757
2393.192693,86.55344204
2393.192693,86.34472652
2393.192693,86.13601099
2393.192693,85.92729546
2393.192693,85.71857994
2393.192693,85.50986441
2393.192693,85.35332777
2401.525706,87.07523086
2401.525706,86.86651533
2401.525706,86.6577998
2401.525706,86.44908428
2401.525706,86.24036875
2401.525706,86.03165323
2401.525706,85.8229377
2401.525706,85.61422218
2401.525706,85.40550665
2401.525706,85.22288057
2409.85872,87.07523086
2409.85872,86.86651533
2409.85872,86.6577998
2409.85872,86.44908428
2409.85872,86.24036875
2409.85872,86.03165323
2409.85872,85.8229377
2409.85872,85.61422218
2409.85872,85.40550665
2409.85872,85.22288057
2409.85872,84.9880756
2418.191734,86.97087309
2418.191734,86.76215757
2418.191734,86.55344204
2418.191734,86.34472652
2418.191734,86.13601099
2418.191734,85.92729546
2418.191734,85.71857994
2418.191734,85.50986441
2418.191734,85.30114889
2418.191734,85.09243336
2418.191734,84.93589672
2426.524747,86.97087309
2426.524747,86.76215757
2426.524747,86.55344204
2426.524747,86.34472652
2426.524747,86.13601099
2426.524747,85.92729546
2426.524747,85.71857994
2426.524747,85.50986441
2426.524747,85.30114889
2426.524747,85.09243336
2426.524747,84.93589672
2434.857761,86.97087309
2434.857761,86.76215757
2434.857761,86.55344204
2434.857761,86.34472652
2434.857761,86.13601099
2434.857761,85.92729546
2434.857761,85.71857994
2434.857761,85.50986441
2434.857761,85.30114889
2434.857761,85.09243336
2434.857761,84.93589672
2443.190774,86.97087309
2443.190774,86.76215757
2443.190774,86.55344204
2443.190774,86.34472652
2443.190774,86.13601099
2443.190774,85.92729546
2443.190774,85.71857994
2443.190774,85.50986441
2443.190774,85.30114889
2443.190774,85.09243336
2443.190774,84.93589672
2449.440535,84.93589672
2451.523788,86.91869421
2451.523788,86.70997869
2451.523788,86.50126316
2451.523788,86.29254763
2451.523788,86.08383211
2451.523788,85.87511658
2451.523788,85.66640106
2451.523788,85.45768553
2451.523788,85.24897001
2451.523788,85.04025448
2459.856801,86.86651533
2459.856801,86.6577998
2459.856801,86.44908428
2459.856801,86.24036875
2459.856801,86.03165323
2459.856801,85.8229377
2459.856801,85.61422218
2459.856801,85.40550665
2459.856801,85.19679112
2459.856801,84.9880756
2468.189815,86.81433645
2468.189815,86.60562092
2468.189815,86.3969054
2468.189815,86.18818987
2468.189815,85.97947435
2468.189815,85.77075882
2468.189815,85.56204329
2468.189815,85.35332777
2468.189815,85.14461224
2468.189815,84.96198616
2476.522829,86.70997869
2476.522829,86.50126316
2476.522829,86.29254763
2476.522829,86.08383211
2476.522829,85.87511658
2476.522829,85.66640106
2476.522829,85.45768553
2476.522829,85.24897001
2476.522829,85.04025448
2476.522829,84.8576284
2484.855842,86.70997869
2484.855842,86.50126316
2484.855842,86.29254763
2484.855842,86.08383211
2484.855842,85.87511658
2484.855842,85.66640106
2484.855842,85.45768553
2484.855842,85.24897001
2484.855842,85.04025448
2484.855842,84.8576284
2493.188856,86.29254763
2493.188856,86.08383211
2493.188856,85.87511658
2493.188856,85.66640106
2493.188856,85.45768553
2493.188856,85.24897001
2493.188856,85.04025448
2493.188856,84.83153895
2493.883274,86.55344204
2501.521869,86.6577998
2501.521869,86.44908428
2501.521869,86.24036875
2501.521869,86.03165323
2501.521869,85.8229377
2501.521869,85.61422218
2501.521869,85.40550665
2501.521869,85.19679112
2501.521869,84.9880756
2501.521869,84.80544951
2507.77163,84.83153895
2509.854883,86.3969054
2509.854883,86.18818987
2509.854883,85.97947435
2509.854883,85.77075882
2509.854883,85.56204329
2509.854883,85.35332777
2509.854883,85.14461224
2509.854883,84.93589672
2510.549301,86.6577998
2518.187897,86.50126316
2518.187897,86.29254763
2518.187897,86.08383211
2518.187897,85.87511658
2518.187897,85.66640106
2518.187897,85.45768553
2518.187897,85.24897001
2518.187897,85.04025448
2518.187897,84.8576284
2518.882314,86.76215757
2526.52091,86.70997869
2526.52091,86.50126316
2526.52091,86.29254763
2526.52091,86.08383211
2526.52091,85.87511658
2526.52091,85.66640106
2526.52091,85.45768553
2526.52091,85.24897001
2526.52091,85.04025448
2526.52091,84.83153895
2534.853924,86.55344204
2534.853924,86.34472652
2534.853924,86.13601099
2534.853924,85.92729546
2534.853924,85.71857994
2534.853924,85.50986441
2534.853924,85.30114889
2534.853924,85.09243336
2534.853924,84.88371784
2534.853924,84.67500231
2536.937177,84.51846567
2543.186937,86.55344204
2543.186937,86.34472652
2543.186937,86.13601099
2543.186937,85.92729546
2543.186937,85.71857994
2543.186937,85.50986441
2543.186937,85.30114889
2543.186937,85.09243336
2543.186937,84.88371784
2543.186937,84.67500231
2551.519951,86.44908428
2551.519951,86.24036875
2551.519951,86.03165323
2551.519951,85.8229377
2551.519951,85.61422218
2551.519951,85.40550665
2551.519951,85.19679112
2551.519951,84.9880756
2551.519951,84.77936007
2551.519951,84.57064455
2559.852965,86.34472652
2559.852965,86.13601099
2559.852965,85.92729546
2559.852965,85.71857994
2559.852965,85.50986441
2559.852965,85.30114889
2559.852965,85.09243336
2559.852965,84.88371784
2559.852965,84.67500231
2564.019471,84.49237623
2568.185978,86.29254763
2568.185978,86.08383211
2568.185978,85.87511658
2568.185978,85.66640106
2568.185978,85.45768553
2568.185978,85.24897001
2568.185978,85.04025448
2568.185978,84.83153895
2568.185978,84.62282343
2572.352485,84.36192902
2576.518992,86.18818987
2576.518992,85.97947435
2576.518992,85.77075882
2576.518992,85.56204329
2576.518992,85.35332777
2576.518992,85.14461224
2576.518992,84.93589672
2576.518992,84.72718119
2576.518992,84.51846567
2576.518992,84.25757126
2582.768752,84.46628678
2584.852005,85.87511658
2584.852005,85.66640106
2584.852005,85.45768553
2584.852005,85.24897001
2584.852005,85.04025448
2584.852005,84.83153895
2584.852005,84.62282343
2585.546423,86.13601099
2591.101766,84.4141079
2593.185019,85.97947435
2593.185019,85.77075882
2593.185019,85.56204329
2593.185019,85.35332777
2593.185019,85.14461224
2593.185019,84.93589672
2593.185019,84.72718119
2593.185019,84.51846567
2593.879437,86.24036875
2601.518033,86.29254763
2601.518033,86.08383211
2601.518033,85.87511658
2601.518033,85.66640106
2601.518033,85.45768553
2601.518033,85.24897001
2601.518033,85.04025448
2601.518033,84.83153895
2601.518033,84.62282343
2601.518033,84.4141079
2607.767793,84.20539238
2609.851046,86.24036875
2609.851046,86.03165323
2609.851046,85.8229377
2609.851046,85.61422218
2609.851046,85.40550665
2609.851046,85.19679112
2609.851046,84.9880756
2609.851046,84.77936007
2609.851046,84.57064455
2609.851046,84.36192902
2618.18406,86.13601099
2618.18406,85.92729546
2618.18406,85.71857994
2618.18406,85.50986441
2618.18406,85.30114889
2618.18406,85.09243336
2618.18406,84.88371784
2618.18406,84.67500231
2618.18406,84.46628678
2618.18406,84.2836607
2626.517073,86.08383211
2626.517073,85.87511658
2626.517073,85.66640106
2626.517073,85.45768553
2626.517073,85.24897001
2626.517073,85.04025448
2626.517073,84.83153895
2626.517073,84.62282343
2626.517073,84.4141079
2626.517073,84.23148182
2634.850087,86.08383211
2634.850087,85.87511658
2634.850087,85.66640106
2634.850087,85.45768553
2634.850087,85.24897001
2634.850087,85.04025448
2634.850087,84.83153895
2634.850087,84.62282343
2634.850087,84.4141079
2634.850087,84.23148182
2641.099847,84.20539238
2643.1831,85.97947435
2643.1831,85.77075882
2643.1831,85.56204329
2643.1831,85.35332777
2643.1831,85.14461224
2643.1831,84.93589672
2643.1831,84.72718119
2643.1831,84.51846567
2643.1831,84.30975014
2651.516114,86.03165323
2651.516114,85.8229377
2651.516114,85.61422218
2651.516114,85.40550665
2651.516114,85.19679112
2651.516114,84.9880756
2651.516114,84.77936007
2651.516114,84.57064455
2651.516114,84.36192902
2651.516114,84.20539238
2659.849128,85.97947435
2659.849128,85.77075882
2659.849128,85.56204329
2659.849128,85.35332777
2659.849128,85.14461224
2659.849128,84.93589672
2659.849128,84.72718119
2659.849128,84.51846567
2659.849128,84.30975014
2659.849128,84.1532135
2668.182141,85.92729546
2668.182141,85.71857994
2668.182141,85.50986441
2668.182141,85.30114889
2668.182141,85.09243336
2668.182141,84.88371784
2668.182141,84.67500231
2668.182141,84.46628678
2668.182141,84.25757126
2668.182141,84.10103462
2676.515155,85.92729546
2676.515155,85.71857994
2676.515155,85.50986441
2676.515155,85.30114889
2676.515155,85.09243336
2676.515155,84.88371784
2676.515155,84.67500231
2676.515155,84.46628678
2676.515155,84.25757126
2676.515155,84.10103462
2682.764915,83.99667685
2684.848168,85.8229377
2684.848168,85.61422218
2684.848168,85.40550665
2684.848168,85.19679112
2684.848168,84.9880756
2684.848168,84.77936007
2684.848168,84.57064455
2684.848168,84.36192902
2684.848168,84.1532135
2693.181182,85.8229377
2693.181182,85.61422218
2693.181182,85.40550665
2693.181182,85.19679112
2693.181182,84.9880756
2693.181182,84.77936007
2693.181182,84.57064455
2693.181182,84.36192902
2693.181182,84.1532135
2697.347689,83.99667685
2701.514196,85.8229377
2701.514196,85.61422218
2701.514196,85.40550665
2701.514196,85.19679112
2701.514196,84.9880756
2701.514196,84.77936007
2701.514196,84.57064455
2701.514196,84.36192902
2701.514196,84.1532135
2705.680702,84.02276629
2709.847209,85.71857994
2709.847209,85.50986441
2709.847209,85.30114889
2709.847209,85.09243336
2709.847209,84.88371784
2709.847209,84.67500231
2709.847209,84.46628678
2709.847209,84.25757126
2714.013716,84.04885573
2718.180223,85.71857994
2718.180223,85.50986441
2718.180223,85.30114889
2718.180223,85.09243336
2718.180223,84.88371784
2718.180223,84.67500231
2718.180223,84.46628678
2718.180223,84.25757126
2718.180223,83.89231909
2722.34673,84.04885573
2726.513236,85.71857994
2726.513236,85.50986441
2726.513236,85.30114889
2726.513236,85.09243336
2726.513236,84.88371784
2726.513236,84.67500231
2726.513236,84.46628678
2726.513236,84.25757126
2726.513236,83.89231909
2730.679743,84.04885573
2734.84625,85.71857994
2734.84625,85.50986441
2734.84625,85.30114889
2734.84625,85.09243336
2734.84625,84.88371784
2734.84625,84.67500231
2734.84625,84.46628678
2734.84625,84.25757126
2734.84625,83.89231909
2739.012757,84.04885573
2743.179264,85.45768553
2743.179264,85.24897001
2743.179264,85.04025448
2743.179264,84.83153895
2743.179264,84.62282343
2743.179264,84.4141079
2743.179264,84.20539238
2743.873681,85.71857994
2743.873681,83.85753317
2749.429024,83.78796133
2751.512277,85.77075882
2751.512277,85.56204329
2751.512277,85.35332777
2751.512277,85.14461224
2751.512277,84.93589672
2751.512277,84.72718119
2751.512277,84.51846567
2751.512277,84.30975014
2751.512277,84.10103462
2751.512277,83.89231909
2759.845291,85.56204329
2759.845291,85.35332777
2759.845291,85.14461224
2759.845291,84.93589672
2759.845291,84.72718119
2759.845291,84.51846567
2759.845291,84.30975014
2759.845291,84.10103462
2759.845291,83.89231909
2759.845291,83.709693
2768.178304,85.61422218
2768.178304,85.40550665
2768.178304,85.19679112
2768.178304,84.9880756
2768.178304,84.77936007
2768.178304,84.57064455
2768.178304,84.36192902
2768.178304,84.1532135
2768.178304,83.94449797
2768.178304,83.78796133
2776.511318,85.61422218
2776.511318,85.40550665
2776.511318,85.19679112
2776.511318,84.9880756
2776.511318,84.77936007
2776.511318,84.57064455
2776.511318,84.36192902
2776.511318,84.1532135
2776.511318,83.94449797
2776.511318,83.73578245
2778.594571,83.5792458
2784.844332,85.56204329
2784.844332,85.35332777
2784.844332,85.14461224
2784.844332,84.93589672
2784.844332,84.72718119
2784.844332,84.51846567
2784.844332,84.30975014
2784.844332,84.10103462
2784.844332,83.89231909
2784.844332,83.709693
2793.177345,85.45768553
2793.177345,85.24897001
2793.177345,85.04025448
2793.177345,84.83153895
2793.177345,84.62282343
2793.177345,84.4141079
2793.177345,84.20539238
2793.177345,83.99667685
2793.177345,83.78796133
2793.177345,83.60533524
2801.510359,85.40550665
2801.510359,85.19679112
2801.510359,84.9880756
2801.510359,84.77936007
2801.510359,84.57064455
2801.510359,84.36192902
2801.510359,84.1532135
2801.510359,83.94449797
2801.510359,83.73578245
2801.510359,83.5792458
2809.843372,85.40550665
2809.843372,85.19679112
2809.843372,84.9880756
2809.843372,84.77936007
2809.843372,84.57064455
2809.843372,84.36192902
2809.843372,84.1532135
2809.843372,83.94449797
2809.843372,83.73578245
2809.843372,83.5792458
2818.176386,85.40550665
2818.176386,85.19679112
2818.176386,84.9880756
2818.176386,84.77936007
2818.176386,84.57064455
2818.176386,84.36192902
2818.176386,84.1532135
2818.176386,83.94449797
2818.176386,83.73578245
2818.176386,83.55315636
2826.509399,85.35332777
2826.509399,85.14461224
2826.509399,84.93589672
2826.509399,84.72718119
2826.509399,84.51846567
2826.509399,84.30975014
2826.509399,84.10103462
2826.509399,83.89231909
2826.509399,83.68360356
2826.509399,83.47488804
2834.842413,85.19679112
2834.842413,84.9880756
2834.842413,84.77936007
2834.842413,84.57064455
2834.842413,84.36192902
2834.842413,84.1532135
2834.842413,83.94449797
2834.842413,83.73578245
2834.842413,83.52706692
2834.842413,83.37053028
2843.175427,85.24897001
2843.175427,85.04025448
2843.175427,84.83153895
2843.175427,84.62282343
2843.175427,84.4141079
2843.175427,84.20539238
2843.175427,83.99667685
2843.175427,83.78796133
2843.175427,83.5792458
2843.175427,83.37053028
2851.50844,85.19679112
2851.50844,84.9880756
2851.50844,84.77936007
2851.50844,84.57064455
2851.50844,84.36192902
2851.50844,84.1532135
2851.50844,83.94449797
2851.50844,83.73578245
2851.50844,83.52706692
2851.50844,83.34444083
2859.841454,85.19679112
2859.841454,84.9880756
2859.841454,84.77936007
2859.841454,84.57064455
2859.841454,84.36192902
2859.841454,84.1532135
2859.841454,83.94449797
2859.841454,83.73578245
2859.841454,83.52706692
2859.841454,83.37053028
2868.174467,85.19679112
2868.174467,84.9880756
2868.174467,84.77936007
2868.174467,84.57064455
2868.174467,84.36192902
2868.174467,84.1532135
2868.174467,83.94449797
2868.174467,83.73578245
2868.174467,83.52706692
2868.174467,83.31835139
2876.507481,84.93589672
2876.507481,84.72718119
2876.507481,84.51846567
2876.507481,84.30975014
2876.507481,84.10103462
2876.507481,83.89231909
2876.507481,83.68360356
2876.507481,83.47488804
2876.507481,83.29226195
2877.201899,85.19679112
2884.840495,85.24897001
2884.840495,85.04025448
2884.840495,84.83153895
2884.840495,84.62282343
2884.840495,84.4141079
2884.840495,84.20539238
2884.840495,83.99667685
2884.840495,83.78796133
2884.840495,83.5792458
2884.840495,83.39661972
2893.173508,85.14461224
2893.173508,84.93589672
2893.173508,84.72718119
2893.173508,84.51846567
2893.173508,84.30975014
2893.173508,84.10103462
2893.173508,83.89231909
2893.173508,83.68360356
2893.173508,83.47488804
2893.173508,83.29226195
2901.506522,84.9880756
2901.506522,84.77936007
2901.506522,84.57064455
2901.506522,84.36192902
2901.506522,84.1532135
2901.506522,83.94449797
2901.506522,83.73578245
2901.506522,83.52706692
2901.506522,83.31835139
2909.839535,84.88371784
2909.839535,84.67500231
2909.839535,84.46628678
2909.839535,84.25757126
2909.839535,84.04885573
2909.839535,83.84014021
2909.839535,83.63142468
2909.839535,83.42270916
2909.839535,83.24008307
2918.172549,84.88371784
2918.172549,84.67500231
2918.172549,84.46628678
2918.172549,84.25757126
2918.172549,84.04885573
2918.172549,83.84014021
2918.172549,83.63142468
2918.172549,83.42270916
2918.172549,83.21399363
2918.172549,83.05745699
2926.505563,84.88371784
2926.505563,84.67500231
2926.505563,84.46628678
2926.505563,84.25757126
2926.505563,84.04885573
2926.505563,83.84014021
2926.505563,83.63142468
2926.505563,83.42270916
2926.505563,83.21399363
2926.505563,83.03136755
2934.838576,84.88371784
2934.838576,84.67500231
2934.838576,84.46628678
2934.838576,84.25757126
2934.838576,84.04885573
2934.838576,83.84014021
2934.838576,83.63142468
2934.838576,83.42270916
2934.838576,83.21399363
2934.838576,83.00527811
2943.17159,84.88371784
2943.17159,84.67500231
2943.17159,84.46628678
2943.17159,84.25757126
2943.17159,84.04885573
2943.17159,83.84014021
2943.17159,83.63142468
2943.17159,83.42270916
2943.17159,83.21399363
2943.17159,83.00527811
2945.254843,82.84874146
2951.504603,84.88371784
2951.504603,84.67500231
2951.504603,84.46628678
2951.504603,84.25757126
2951.504603,84.04885573
2951.504603,83.84014021
2951.504603,83.63142468
2951.504603,83.42270916
2951.504603,83.21399363
2951.504603,83.00527811
2959.837617,84.88371784
2959.837617,84.67500231
2959.837617,84.46628678
2959.837617,84.25757126
2959.837617,84.04885573
2959.837617,83.84014021
2959.837617,83.63142468
2959.837617,83.42270916
2959.837617,83.21399363
2959.837617,83.00527811
2964.004124,82.84874146
2968.170631,84.88371784
2968.170631,84.67500231
2968.170631,84.46628678
2968.170631,84.25757126
2968.170631,84.04885573
2968.170631,83.84014021
2968.170631,83.63142468
2968.170631,83.42270916
2968.170631,83.21399363
2968.170631,83.00527811
2970.253884,82.84874146
2976.503644,84.88371784
2976.503644,84.67500231
2976.503644,84.46628678
2976.503644,84.25757126
2976.503644,84.04885573
2976.503644,83.84014021
2976.503644,83.63142468
2976.503644,83.42270916
2976.503644,83.21399363
2976.503644,83.00527811
2984.836658,84.90980728
2984.836658,84.67500231
2984.836658,84.46628678
2984.836658,84.25757126
2984.836658,84.04885573
2984.836658,83.84014021
2984.836658,83.63142468
2984.836658,83.42270916
2984.836658,83.21399363
2984.836658,83.00527811
2984.836658,82.84874146
2993.169671,84.88371784
2993.169671,84.67500231
2993.169671,84.46628678
2993.169671,84.25757126
2993.169671,84.04885573
2993.169671,83.84014021
2993.169671,83.63142468
2993.169671,83.42270916
2993.169671,83.21399363
2993.169671,83.00527811
3001.502685,84.90980728
3001.502685,84.67500231
3001.502685,84.46628678
3001.502685,84.25757126
3001.502685,84.04885573
3001.502685,83.84014021
3001.502685,83.63142468
3001.502685,83.42270916
3001.502685,83.21399363
3001.502685,83.00527811
3005.669192,82.84874146
3009.835698,84.88371784
3009.835698,84.67500231
3009.835698,84.46628678
3009.835698,84.25757126
3009.835698,84.04885573
3009.835698,83.84014021
3009.835698,83.63142468
3009.835698,83.42270916
3009.835698,83.21399363
3009.835698,83.00527811
3018.168712,84.88371784
3018.168712,84.67500231
3018.168712,84.46628678
3018.168712,84.25757126
3018.168712,84.04885573
3018.168712,83.84014021
3018.168712,83.63142468
3018.168712,83.42270916
3018.168712,83.21399363
3018.168712,83.00527811
3026.501726,84.93589672
3026.501726,84.67500231
3026.501726,84.46628678
3026.501726,84.25757126
3026.501726,84.04885573
3026.501726,83.84014021
3026.501726,83.63142468
3026.501726,83.42270916
3026.501726,83.21399363
3026.501726,83.00527811
3026.501726,82.84874146
3034.834739,84.67500231
3034.834739,84.46628678
3034.834739,84.25757126
3034.834739,84.04885573
3034.834739,83.84014021
3034.834739,83.63142468
3034.834739,83.42270916
3034.834739,83.21399363
3034.834739,83.00527811
3034.834739,82.82265202
3043.167753,84.93589672
3043.167753,84.67500231
3043.167753,84.46628678
3043.167753,84.25757126
3043.167753,84.04885573
3043.167753,83.84014021
3043.167753,83.63142468
3043.167753,83.42270916
3043.167753,83.21399363
3043.167753,83.00527811
3043.167753,82.82265202
3051.500766,84.93589672
3051.500766,84.67500231
3051.500766,84.46628678
3051.500766,84.25757126
3051.500766,84.04885573
3051.500766,83.84014021
3051.500766,83.63142468
3051.500766,83.42270916
3051.500766,83.21399363
3051.500766,83.00527811
3051.500766,82.79656258
3059.83378,84.93589672
3059.83378,84.67500231
3059.83378,84.46628678
3059.83378,84.25757126
3059.83378,84.04885573
3059.83378,83.84014021
3059.83378,83.63142468
3059.83378,83.42270916
3059.83378,83.21399363
3059.83378,83.00527811
3059.83378,82.79656258
3068.166794,84.51846567
3068.166794,84.30975014
3068.166794,84.10103462
3068.166794,83.89231909
3068.166794,83.68360356
3068.166794,83.47488804
3068.166794,83.26617251
3068.166794,83.05745699
3068.166794,82.84874146
3068.166794,82.66611538
3076.499807,84.46628678
3076.499807,84.25757126
3076.499807,84.04885573
3076.499807,83.84014021
3076.499807,83.63142468
3076.499807,83.42270916
3076.499807,83.21399363
3076.499807,83.00527811
3076.499807,82.79656258
3076.499807,82.64002594
3084.832821,84.46628678
3084.832821,84.25757126
3084.832821,84.04885573
3084.832821,83.84014021
3084.832821,83.63142468
3084.832821,83.42270916
3084.832821,83.21399363
3084.832821,83.00527811
3084.832821,82.79656258
3084.832821,82.58784705
3093.165834,84.25757126
3093.165834,84.04885573
3093.165834,83.84014021
3093.165834,83.63142468
3093.165834,83.42270916
3093.165834,83.21399363
3093.165834,83.00527811
3093.165834,82.79656258
3093.165834,82.64002594
3101.498848,84.20539238
3101.498848,83.99667685
3101.498848,83.78796133
3101.498848,83.5792458
3101.498848,83.37053028
3101.498848,83.16181475
3101.498848,82.95309922
3101.498848,82.7443837
3101.498848,82.58784705
3109.831862,84.25757126
3109.831862,84.04885573
3109.831862,83.84014021
3109.831862,83.63142468
3109.831862,83.42270916
3109.831862,83.21399363
3109.831862,83.00527811
3109.831862,82.79656258
3109.831862,82.58784705
3109.831862,82.43131041
3118.164875,83.89231909
3118.164875,83.68360356
3118.164875,83.47488804
3118.164875,83.26617251
3118.164875,83.05745699
3118.164875,82.84874146
3118.164875,82.64002594
3118.164875,82.43131041
3118.859293,84.1532135
3126.497889,84.25757126
3126.497889,84.04885573
3126.497889,83.84014021
3126.497889,83.63142468
3126.497889,83.42270916
3126.497889,83.21399363
3126.497889,83.00527811
3126.497889,82.79656258
3126.497889,82.58784705
3126.497889,82.37913153
3128.581142,82.22259488
3134.830902,84.20539238
3134.830902,83.99667685
3134.830902,83.78796133
3134.830902,83.5792458
3134.830902,83.37053028
3134.830902,83.16181475
3134.830902,82.95309922
3134.830902,82.7443837
3134.830902,82.53566817
3134.830902,82.35304209
3143.163916,84.10103462
3143.163916,83.89231909
3143.163916,83.68360356
3143.163916,83.47488804
3143.163916,83.26617251
3143.163916,83.05745699
3143.163916,82.84874146
3143.163916,82.64002594
3143.163916,82.43131041
3143.163916,82.22259488
3151.49693,84.1532135
3151.49693,83.94449797
3151.49693,83.73578245
3151.49693,83.52706692
3151.49693,83.31835139
3151.49693,83.10963587
3151.49693,82.90092034
3151.49693,82.69220482
3151.49693,82.48348929
3151.49693,82.27477377
3157.74669,82.11823712
3159.829943,84.10103462
3159.829943,83.89231909
3159.829943,83.68360356
3159.829943,83.47488804
3159.829943,83.26617251
3159.829943,83.05745699
3159.829943,82.84874146
3159.829943,82.64002594
3159.829943,82.43131041
3159.829943,82.22259488
3168.162957,83.94449797
3168.162957,83.73578245
3168.162957,83.52706692
3168.162957,83.31835139
3168.162957,83.10963587
3168.162957,82.90092034
3168.162957,82.69220482
3168.162957,82.48348929
3168.162957,82.27477377
3168.162957,82.11823712
3176.49597,83.94449797
3176.49597,83.73578245
3176.49597,83.52706692
3176.49597,83.31835139
3176.49597,83.10963587
3176.49597,82.90092034
3176.49597,82.69220482
3176.49597,82.48348929
3176.49597,82.27477377
3176.49597,82.11823712
3182.74573,82.06605824
3184.828984,83.68360356
3184.828984,83.47488804
3184.828984,83.26617251
3184.828984,83.05745699
3184.828984,82.84874146
3184.828984,82.64002594
3184.828984,82.43131041
3184.828984,82.22259488
3185.523402,83.94449797
3193.161997,83.94449797
3193.161997,83.73578245
3193.161997,83.52706692
3193.161997,83.31835139
3193.161997,83.10963587
3193.161997,82.90092034
3193.161997,82.69220482
3193.161997,82.48348929
3193.161997,82.27477377
3193.161997,82.11823712
3201.495011,83.78796133
3201.495011,83.5792458
3201.495011,83.37053028
3201.495011,83.16181475
3201.495011,82.95309922
3201.495011,82.7443837
3201.495011,82.53566817
3201.495011,82.32695265
3201.495011,82.11823712
3201.495011,81.96170048
3207.744771,81.9095216
3209.828025,83.47488804
3209.828025,83.26617251
3209.828025,83.05745699
3209.828025,82.84874146
3209.828025,82.64002594
3209.828025,82.43131041
3209.828025,82.22259488
3209.828025,82.0399688
3210.522442,83.73578245
3218.161038,83.78796133
3218.161038,83.5792458
3218.161038,83.37053028
3218.161038,83.16181475
3218.161038,82.95309922
3218.161038,82.7443837
3218.161038,82.53566817
3218.161038,82.32695265
3218.161038,82.11823712
3218.161038,81.96170048
3224.410798,81.80516383
3226.494052,83.84014021
3226.494052,83.63142468
3226.494052,83.42270916
3226.494052,83.21399363
3226.494052,83.00527811
3226.494052,82.79656258
3226.494052,82.58784705
3226.494052,82.37913153
3226.494052,82.170416
3226.494052,81.96170048
3234.827065,83.73578245
3234.827065,83.52706692
3234.827065,83.31835139
3234.827065,83.10963587
3234.827065,82.90092034
3234.827065,82.69220482
3234.827065,82.48348929
3234.827065,82.27477377
3234.827065,82.06605824
3238.993572,81.88343215
3243.160079,83.73578245
3243.160079,83.52706692
3243.160079,83.31835139
3243.160079,83.10963587
3243.160079,82.90092034
3243.160079,82.69220482
3243.160079,82.48348929
3243.160079,82.27477377
3243.160079,82.06605824
3247.326586,81.85734271
3251.493093,83.68360356
3251.493093,83.47488804
3251.493093,83.26617251
3251.493093,83.05745699
3251.493093,82.84874146
3251.493093,82.64002594
3251.493093,82.43131041
3251.493093,82.22259488
3251.493093,82.01387936
3255.659599,81.77907439
3259.826106,83.37053028
3259.826106,83.16181475
3259.826106,82.95309922
3259.826106,82.7443837
3259.826106,82.53566817
3259.826106,82.32695265
3259.826106,82.11823712
3259.826106,81.9095216
3260.520524,83.63142468
3268.15912,83.63142468
3268.15912,83.42270916
3268.15912,83.21399363
3268.15912,83.00527811
3268.15912,82.79656258
3268.15912,82.58784705
3268.15912,82.37913153
3268.15912,82.170416
3268.15912,81.96170048
3268.15912,81.80516383
3276.492133,83.52706692
3276.492133,83.31835139
3276.492133,83.10963587
3276.492133,82.90092034
3276.492133,82.69220482
3276.492133,82.48348929
3276.492133,82.27477377
3276.492133,82.06605824
3276.492133,81.85734271
3276.492133,81.67471663
3284.825147,83.42270916
3284.825147,83.21399363
3284.825147,83.00527811
3284.825147,82.79656258
3284.825147,82.58784705
3284.825147,82.37913153
3284.825147,82.170416
3284.825147,81.96170048
3284.825147,81.75298495
3284.825147,81.59644831
3293.158161,83.42270916
3293.158161,83.21399363
3293.158161,83.00527811
3293.158161,82.79656258
3293.158161,82.58784705
3293.158161,82.37913153
3293.158161,82.170416
3293.158161,81.96170048
3293.158161,81.75298495
3293.158161,81.54426943
3301.491174,83.42270916
3301.491174,83.21399363
3301.491174,83.00527811
3301.491174,82.79656258
3301.491174,82.58784705
3301.491174,82.37913153
3301.491174,82.170416
3301.491174,81.96170048
3301.491174,81.75298495
3301.491174,81.54426943
3309.824188,83.42270916
3309.824188,83.21399363
3309.824188,83.00527811
3309.824188,82.79656258
3309.824188,82.58784705
3309.824188,82.37913153
3309.824188,82.170416
3309.824188,81.96170048
3309.824188,81.75298495
3309.824188,81.59644831
3318.157201,83.42270916
3318.157201,83.21399363
3318.157201,83.00527811
3318.157201,82.79656258
3318.157201,82.58784705
3318.157201,82.37913153
3318.157201,82.170416
3318.157201,81.96170048
3318.157201,81.75298495
3318.157201,81.54426943
3326.490215,83.31835139
3326.490215,83.10963587
3326.490215,82.90092034
3326.490215,82.69220482
3326.490215,82.48348929
3326.490215,82.27477377
3326.490215,82.06605824
3326.490215,81.85734271
3326.490215,81.64862719
3326.490215,81.49209054
3334.823229,83.26617251
3334.823229,83.05745699
3334.823229,82.84874146
3334.823229,82.64002594
3334.823229,82.43131041
3334.823229,82.22259488
3334.823229,82.01387936
3334.823229,81.80516383
3334.823229,81.59644831
3334.823229,81.43991166
3341.072989,81.38773278
3343.156242,82.95309922
3343.156242,82.7443837
3343.156242,82.53566817
3343.156242,82.32695265
3343.156242,82.11823712
3343.156242,81.9095216
3343.156242,81.70080607
3343.156242,81.49209054
3343.85066,83.21399363
3351.489256,83.26617251
3351.489256,83.05745699
3351.489256,82.84874146
3351.489256,82.64002594
3351.489256,82.43131041
3351.489256,82.22259488
3351.489256,82.01387936
3351.489256,81.80516383
3351.489256,81.59644831
3351.489256,81.41382222
3359.822269,83.31835139
3359.822269,83.10963587
3359.822269,82.90092034
3359.822269,82.69220482
3359.822269,82.48348929
3359.822269,82.27477377
3359.822269,82.06605824
3359.822269,81.85734271
3359.822269,81.64862719
3359.822269,81.43991166
3368.155283,83.37053028
3368.155283,83.16181475
3368.155283,82.95309922
3368.155283,82.7443837
3368.155283,82.53566817
3368.155283,82.32695265
3368.155283,82.11823712
3368.155283,81.9095216
3368.155283,81.70080607
3368.155283,81.49209054
3368.155283,81.3355539
3376.488296,83.21399363
3376.488296,83.00527811
3376.488296,82.79656258
3376.488296,82.58784705
3376.488296,82.37913153
3376.488296,82.170416
3376.488296,81.96170048
3376.488296,81.75298495
3376.488296,81.54426943
3376.488296,81.36164334
3384.82131,83.21399363
3384.82131,83.00527811
3384.82131,82.79656258
3384.82131,82.58784705
3384.82131,82.37913153
3384.82131,82.170416
3384.82131,81.96170048
3384.82131,81.75298495
3384.82131,81.54426943
3384.82131,81.36164334
3391.07107,81.17901726
3393.154324,83.16181475
3393.154324,82.95309922
3393.154324,82.7443837
3393.154324,82.53566817
3393.154324,82.32695265
3393.154324,82.11823712
3393.154324,81.9095216
3393.154324,81.70080607
3393.154324,81.49209054
3393.154324,81.28337502
3401.487337,83.10963587
3401.487337,82.90092034
3401.487337,82.69220482
3401.487337,82.48348929
3401.487337,82.27477377
3401.487337,82.06605824
3401.487337,81.85734271
3401.487337,81.64862719
3401.487337,81.43991166
3401.487337,81.28337502
3409.820351,83.00527811
3409.820351,82.79656258
3409.820351,82.58784705
3409.820351,82.37913153
3409.820351,82.170416
3409.820351,81.96170048
3409.820351,81.75298495
3409.820351,81.54426943
3409.820351,81.3355539
3409.820351,81.17901726
3416.070111,81.07465949
3418.153364,82.64002594
3418.153364,82.43131041
3418.153364,82.22259488
3418.153364,82.01387936
3418.153364,81.80516383
3418.153364,81.59644831
3418.153364,81.38773278
3418.153364,81.17901726
3418.847782,82.90092034
3426.486378,83.00527811
3426.486378,82.79656258
3426.486378,82.58784705
3426.486378,82.37913153
3426.486378,82.170416
3426.486378,81.96170048
3426.486378,81.75298495
3426.486378,81.54426943
3426.486378,81.3355539
3426.486378,81.15292782
3434.819392,82.90092034
3434.819392,82.69220482
3434.819392,82.48348929
3434.819392,82.27477377
3434.819392,82.06605824
3434.819392,81.85734271
3434.819392,81.64862719
3434.819392,81.43991166
3434.819392,81.23119614
3434.819392,81.02248061
3443.152405,83.00527811
3443.152405,82.79656258
3443.152405,82.58784705
3443.152405,82.37913153
3443.152405,82.170416
3443.152405,81.96170048
3443.152405,81.75298495
3443.152405,81.54426943
3443.152405,81.3355539
3443.152405,81.12683837
3451.485419,82.95309922
3451.485419,82.7443837
3451.485419,82.53566817
3451.485419,82.32695265
3451.485419,82.11823712
3451.485419,81.9095216
3451.485419,81.70080607
3451.485419,81.49209054
3451.485419,81.28337502
3451.485419,81.10074893
3459.818432,82.90092034
3459.818432,82.69220482
3459.818432,82.48348929
3459.818432,82.27477377
3459.818432,82.06605824
3459.818432,81.85734271
3459.818432,81.64862719
3459.818432,81.43991166
3459.818432,81.23119614
3468.151446,82.90092034
3468.151446,82.69220482
3468.151446,82.48348929
3468.151446,82.27477377
3468.151446,82.06605824
3468.151446,81.85734271
3468.151446,81.64862719
3468.151446,81.43991166
3468.151446,81.23119614
3468.151446,81.07465949
3476.48446,82.90092034
3476.48446,82.69220482
3476.48446,82.48348929
3476.48446,82.27477377
3476.48446,82.06605824
3476.48446,81.85734271
3476.48446,81.64862719
3476.48446,81.43991166
3476.48446,81.23119614
3476.48446,81.07465949
3484.817473,82.79656258
3484.817473,82.58784705
3484.817473,82.37913153
3484.817473,82.170416
3484.817473,81.96170048
3484.817473,81.75298495
3484.817473,81.54426943
3484.817473,81.3355539
3484.817473,81.12683837
3488.98398,80.99639117
3493.150487,82.84874146
3493.150487,82.64002594
3493.150487,82.43131041
3493.150487,82.22259488
3493.150487,82.01387936
3493.150487,81.80516383
3493.150487,81.59644831
3493.150487,81.38773278
3493.150487,81.17901726
3497.316994,80.91812285
3501.4835,82.7443837
3501.4835,82.53566817
3501.4835,82.32695265
3501.4835,82.11823712
3501.4835,81.9095216
3501.4835,81.70080607
3501.4835,81.49209054
3501.4835,81.28337502
3501.4835,81.07465949
3507.733261,82.69220482
3507.733261,81.07465949
3509.816514,82.48348929
3509.816514,82.27477377
3509.816514,82.06605824
3509.816514,81.85734271
3509.816514,81.64862719
3509.816514,81.43991166
3509.816514,81.23119614
3516.066274,81.3355539
3518.149528,82.32695265
3518.149528,82.11823712
3518.149528,81.9095216
3518.149528,81.70080607
3518.149528,81.49209054
3524.399288,81.59644831
3526.482541,82.11823712
3526.482541,81.9095216
3526.482541,81.72689551
3532.732301,81.96170048
3532.732301,81.80516383
